ISO-10303-21;
HEADER;
/* Generated by software containing ST-Developer
 * from STEP Tools, Inc. (www.steptools.com) 
 */

FILE_DESCRIPTION(
/* description */ ('STEP AP214'),
/* implementation_level */ '2;1');

FILE_NAME(
/* name */ 'Kappe_1zu1.stp',
/* time_stamp */ '2025-10-02T14:43:17+02:00',
/* author */ ('station1'),
/* organization */ (' '),
/* preprocessor_version */ 'ST-DEVELOPER v20.1',
/* originating_system */ 'Autodesk Inventor 2026',
/* authorisation */ ' ');

FILE_SCHEMA (('AUTOMOTIVE_DESIGN { 1 0 10303 214 3 1 1 }'));
ENDSEC;

DATA;
#10=MECHANICAL_DESIGN_GEOMETRIC_PRESENTATION_REPRESENTATION('',(#13),#5307);
#11=SHAPE_REPRESENTATION_RELATIONSHIP('SRR','None',#5314,#12);
#12=ADVANCED_BREP_SHAPE_REPRESENTATION('',(#14),#5306);
#13=STYLED_ITEM('',(#5324),#14);
#14=MANIFOLD_SOLID_BREP('Volumenk\X\F6rper1',#1253);
#15=SPHERICAL_SURFACE('',#1315,0.0003);
#16=SPHERICAL_SURFACE('',#1327,0.0003);
#17=SPHERICAL_SURFACE('',#1333,0.0003);
#18=SPHERICAL_SURFACE('',#1346,0.0003);
#19=TOROIDAL_SURFACE('',#1298,0.0203,0.0002);
#20=TOROIDAL_SURFACE('',#1320,0.00870519082106529,0.0003);
#21=TOROIDAL_SURFACE('',#1323,0.00885704988594079,0.0003);
#22=TOROIDAL_SURFACE('',#1337,0.00885704988594079,0.0003);
#23=TOROIDAL_SURFACE('',#1341,0.00870519082106529,0.0003);
#24=TOROIDAL_SURFACE('',#1350,0.0027,0.0003);
#25=TOROIDAL_SURFACE('',#1357,0.00137573593128806,0.0003);
#26=TOROIDAL_SURFACE('',#1363,0.0117,0.001);
#27=TOROIDAL_SURFACE('',#1367,0.0123,0.0002);
#28=TOROIDAL_SURFACE('',#1379,0.00938505415384789,0.0002);
#29=TOROIDAL_SURFACE('',#1385,0.00137573593128806,0.0003);
#30=TOROIDAL_SURFACE('',#1389,0.0027,0.0003);
#31=(
BOUNDED_SURFACE()
B_SPLINE_SURFACE(3,2,((#2903,#2904,#2905),(#2906,#2907,#2908),(#2909,#2910,
#2911),(#2912,#2913,#2914),(#2915,#2916,#2917),(#2918,#2919,#2920),(#2921,
#2922,#2923),(#2924,#2925,#2926),(#2927,#2928,#2929),(#2930,#2931,#2932),
(#2933,#2934,#2935),(#2936,#2937,#2938),(#2939,#2940,#2941),(#2942,#2943,
#2944),(#2945,#2946,#2947),(#2948,#2949,#2950),(#2951,#2952,#2953),(#2954,
#2955,#2956),(#2957,#2958,#2959),(#2960,#2961,#2962),(#2963,#2964,#2965),
(#2966,#2967,#2968),(#2969,#2970,#2971),(#2972,#2973,#2974),(#2975,#2976,
#2977),(#2978,#2979,#2980),(#2981,#2982,#2983),(#2984,#2985,#2986),(#2987,
#2988,#2989),(#2990,#2991,#2992),(#2993,#2994,#2995),(#2996,#2997,#2998),
(#2999,#3000,#3001),(#3002,#3003,#3004),(#3005,#3006,#3007),(#3008,#3009,
#3010),(#3011,#3012,#3013),(#3014,#3015,#3016),(#3017,#3018,#3019),(#3020,
#3021,#3022),(#3023,#3024,#3025),(#3026,#3027,#3028),(#3029,#3030,#3031),
(#3032,#3033,#3034),(#3035,#3036,#3037),(#3038,#3039,#3040),(#3041,#3042,
#3043),(#3044,#3045,#3046),(#3047,#3048,#3049),(#3050,#3051,#3052),(#3053,
#3054,#3055),(#3056,#3057,#3058),(#3059,#3060,#3061),(#3062,#3063,#3064),
(#3065,#3066,#3067),(#3068,#3069,#3070),(#3071,#3072,#3073),(#3074,#3075,
#3076),(#3077,#3078,#3079),(#3080,#3081,#3082),(#3083,#3084,#3085),(#3086,
#3087,#3088),(#3089,#3090,#3091),(#3092,#3093,#3094),(#3095,#3096,#3097),
(#3098,#3099,#3100)),.UNSPECIFIED.,.F.,.F.,.F.)
B_SPLINE_SURFACE_WITH_KNOTS((4,2,2,2,2,2,2,2,2,2,2,2,2,2,2,2,2,2,2,2,2,
2,2,2,2,2,2,2,2,2,2,2,4),(3,3),(4.69353942446315,4.79289229213293,4.89224515980271,
4.99159802747248,5.09095089514226,5.19030376281204,5.28965663048181,5.38900949815159,
5.48836236582137,5.58771523349115,5.68706810116092,5.7864209688307,5.88577383650048,
5.98512670417025,6.08447957184003,6.18383243950981,6.28318530717959,6.38253817484936,
6.48189104251914,6.58124391018892,6.6805967778587,6.77994964552847,6.87930251319825,
6.97865538086803,7.0780082485378,7.17736111620758,7.27671398387736,7.37606685154713,
7.47541971921691,7.57477258688669,7.67412545455647,7.77347832222624,7.87283118989602),
(-9.27853102376818E-6,1.00000826300098),.UNSPECIFIED.)
GEOMETRIC_REPRESENTATION_ITEM()
RATIONAL_B_SPLINE_SURFACE(((1.00000543744648,0.706985330128832,1.00000484231608),
(1.0000054336544,0.707189678795743,1.00000483893904),(1.00000542986043,
0.707394129368244,1.00000483556032),(1.00000542230604,0.707801222467109,
1.00000482883276),(1.00000541854564,0.708003864139554,1.00000482548394),
(1.00000541109534,0.708405347614245,1.00000481884908),(1.00000540740547,
0.708604188782114,1.00000481556306),(1.0000054001324,0.708996122140773,
1.00000480908603),(1.00000539654921,0.709189213720239,1.00000480589503),
(1.00000538952457,0.709567759840336,1.00000479963923),(1.00000538608312,
0.709753213798048,1.00000479657445),(1.0000053793755,0.710114675623256,
1.00000479060099),(1.00000537610935,0.710290682940529,1.00000478769232),
(1.00000536978412,0.710631538489775,1.00000478205939),(1.00000536672506,
0.710796386208538,1.00000477933514),(1.00000536084372,0.711113321613675,
1.00000477409751),(1.00000535802145,0.711265408827647,1.00000477158414),
(1.00000535264105,0.711555349138421,1.00000476679263),(1.00000535008293,
0.711693201807384,1.0000047645145),(1.00000534525559,0.711953339335424,
1.00000476021551),(1.00000534298636,0.712075623814046,1.00000475819465),
(1.00000533875873,0.712303443810467,1.00000475442973),(1.00000533680032,
0.712408978997498,1.00000475268568),(1.00000533321321,0.712602282488145,
1.00000474949117),(1.0000053315845,0.712690050513139,1.00000474804073),
(1.00000532867249,0.712846974141628,1.00000474544743),(1.00000532738918,
0.712916129520296,1.00000474430458),(1.0000053251803,0.713035162269875,
1.00000474233747),(1.00000532425473,0.71308503947103,1.0000047415132),(1.00000532277024,
0.71316503616329,1.00000474019119),(1.00000532221132,0.713195155540706,
1.00000473969344),(1.00000532146549,0.713235347029476,1.00000473902924),
(1.00000532127858,0.713245419083791,1.00000473886279),(1.00000532127858,
0.713245419083791,1.00000473886279),(1.00000532146549,0.713235347029476,
1.00000473902924),(1.00000532221132,0.713195155540706,1.00000473969344),
(1.00000532277024,0.71316503616329,1.00000474019119),(1.00000532425473,
0.71308503947103,1.0000047415132),(1.0000053251803,0.713035162269956,1.00000474233747),
(1.00000532738918,0.712916129520215,1.00000474430458),(1.00000532867249,
0.712846974141547,1.00000474544743),(1.0000053315845,0.71269005051322,1.00000474804073),
(1.00000533321321,0.712602282488118,1.00000474949117),(1.00000533680032,
0.712408978997525,1.00000475268568),(1.00000533875873,0.712303443810386,
1.00000475442973),(1.00000534298636,0.712075623814127,1.00000475819465),
(1.00000534525559,0.711953339335397,1.00000476021551),(1.00000535008293,
0.711693201807411,1.0000047645145),(1.00000535264105,0.711555349138395,
1.00000476679263),(1.00000535802145,0.711265408827674,1.00000477158414),
(1.00000536084372,0.711113321613621,1.00000477409751),(1.00000536672506,
0.710796386208593,1.00000477933514),(1.00000536978412,0.710631538489721,
1.00000478205939),(1.00000537610935,0.710290682940583,1.00000478769232),
(1.0000053793755,0.710114675623229,1.00000479060099),(1.00000538608312,
0.709753213798075,1.00000479657445),(1.00000538952457,0.709567759840336,
1.00000479963923),(1.00000539654921,0.70918921372024,1.00000480589503),
(1.0000054001324,0.708996122140773,1.00000480908603),(1.00000540740547,
0.708604188782114,1.00000481556306),(1.00000541109534,0.708405347614245,
1.00000481884908),(1.00000541854564,0.708003864139554,1.00000482548394),
(1.00000542230604,0.707801222466947,1.00000482883276),(1.00000542986043,
0.707394129368406,1.00000483556032),(1.0000054336544,0.707189678795621,
1.00000483893904),(1.00000543744648,0.706985330128832,1.00000484231608)))
REPRESENTATION_ITEM('')
SURFACE()
);
#32=(
BOUNDED_SURFACE()
B_SPLINE_SURFACE(3,2,((#3104,#3105,#3106),(#3107,#3108,#3109),(#3110,#3111,
#3112),(#3113,#3114,#3115),(#3116,#3117,#3118),(#3119,#3120,#3121),(#3122,
#3123,#3124),(#3125,#3126,#3127),(#3128,#3129,#3130),(#3131,#3132,#3133),
(#3134,#3135,#3136),(#3137,#3138,#3139),(#3140,#3141,#3142),(#3143,#3144,
#3145),(#3146,#3147,#3148),(#3149,#3150,#3151),(#3152,#3153,#3154),(#3155,
#3156,#3157),(#3158,#3159,#3160),(#3161,#3162,#3163),(#3164,#3165,#3166),
(#3167,#3168,#3169),(#3170,#3171,#3172),(#3173,#3174,#3175),(#3176,#3177,
#3178),(#3179,#3180,#3181),(#3182,#3183,#3184),(#3185,#3186,#3187),(#3188,
#3189,#3190),(#3191,#3192,#3193),(#3194,#3195,#3196),(#3197,#3198,#3199),
(#3200,#3201,#3202),(#3203,#3204,#3205),(#3206,#3207,#3208),(#3209,#3210,
#3211),(#3212,#3213,#3214),(#3215,#3216,#3217),(#3218,#3219,#3220),(#3221,
#3222,#3223),(#3224,#3225,#3226),(#3227,#3228,#3229),(#3230,#3231,#3232),
(#3233,#3234,#3235),(#3236,#3237,#3238),(#3239,#3240,#3241),(#3242,#3243,
#3244),(#3245,#3246,#3247),(#3248,#3249,#3250),(#3251,#3252,#3253),(#3254,
#3255,#3256),(#3257,#3258,#3259),(#3260,#3261,#3262),(#3263,#3264,#3265),
(#3266,#3267,#3268),(#3269,#3270,#3271),(#3272,#3273,#3274),(#3275,#3276,
#3277),(#3278,#3279,#3280),(#3281,#3282,#3283),(#3284,#3285,#3286),(#3287,
#3288,#3289),(#3290,#3291,#3292),(#3293,#3294,#3295),(#3296,#3297,#3298),
(#3299,#3300,#3301)),.UNSPECIFIED.,.F.,.F.,.F.)
B_SPLINE_SURFACE_WITH_KNOTS((4,2,2,2,2,2,2,2,2,2,2,2,2,2,2,2,2,2,2,2,2,
2,2,2,2,2,2,2,2,2,2,2,4),(3,3),(1.5517727626428,1.65113650582699,1.75050024901117,
1.84986399219536,1.94922773537955,2.04859147856374,2.14795522174792,2.24731896493211,
2.3466827081163,2.44604645130048,2.54541019448467,2.64477393766886,2.74413768085304,
2.84350142403723,2.94286516722142,3.04222891040561,3.14159265358979,3.24095639677398,
3.34032013995817,3.43968388314235,3.53904762632654,3.63841136951073,3.73777511269492,
3.8371388558791,3.93650259906329,4.03586634224748,4.13523008543166,4.23459382861585,
4.33395757180004,4.43332131498422,4.53268505816841,4.6320488013526,4.73141254453679),
(0.,1.00680467602462),.UNSPECIFIED.)
GEOMETRIC_REPRESENTATION_ITEM()
RATIONAL_B_SPLINE_SURFACE(((1.,0.704995554102167,1.00401481936031),(1.,
0.70520131184126,1.0040120191308),(1.,0.70540717398099,1.00400921748047),
(1.,0.705817080861837,1.00400363891342),(1.,0.70602112474205,1.00400086200842),
(1.,0.706425389050779,1.00399536023312),(1.,0.706625608839326,1.00399263537153),
(1.,0.707020261907748,1.00398726439899),(1.,0.707214694570592,1.00398461829643),
(1.,0.707595871790245,1.00397943072146),(1.,0.70778261575897,1.00397688925704),
(1.,0.708146593551009,1.00397193575513),(1.,0.708323826819518,1.00396952372519),
(1.,0.708667057902505,1.00396485257254),(1.,0.708833055199904,1.00396259345688),
(1.,0.709152201871841,1.00395825007747),(1.,0.709305350770392,1.00395616582019),
(1.,0.709597315946661,1.00395219236332),(1.,0.709736131789553,1.00395030316965),
(1.,0.709998087546159,1.00394673812154),(1.,0.710121227075515,1.00394506227233),
(1.,0.710350640531414,1.00394194010384),(1.,0.710456914124864,1.0039404937891),
(1.,0.710651570439156,1.00393784464279),(1.,0.710739952879335,1.00393664181504),
(1.,0.710897975243184,1.00393449123306),(1.,0.710967614940362,1.00393354348191),
(1.,0.711087481423797,1.00393191217673),(1.,0.711137708039015,1.00393122862505),
(1.,0.711218265189906,1.00393013229442),(1.,0.711248595611088,1.00392971951704),
(1.,0.711289068725025,1.00392916870418),(1.,0.711299211360471,1.00392903066949),
(1.,0.711299211360471,1.00392903066949),(1.,0.711289068725025,1.00392916870418),
(1.,0.711248595611088,1.00392971951704),(1.,0.711218265189906,1.00393013229442),
(1.,0.711137708039015,1.00393122862505),(1.,0.711087481423797,1.00393191217673),
(1.,0.710967614940362,1.00393354348191),(1.,0.710897975243184,1.00393449123306),
(1.,0.710739952879335,1.00393664181504),(1.,0.710651570439156,1.00393784464279),
(1.,0.710456914124864,1.0039404937891),(1.,0.710350640530813,1.00394194010385),
(1.,0.710121227076117,1.00394506227232),(1.,0.709998087547099,1.00394673812152),
(1.,0.709736131788614,1.00395030316966),(1.,0.709597315945652,1.00395219236334),
(1.,0.709305350771412,1.00395616582018),(1.,0.709152201871765,1.00395825007747),
(1.,0.708833055199979,1.00396259345688),(1.,0.708667057902543,1.00396485257254),
(1.,0.70832382681948,1.00396952372519),(1.,0.708146593551009,1.00397193575513),
(1.,0.70778261575897,1.00397688925704),(1.,0.707595871790247,1.00397943072146),
(1.,0.707214694570591,1.00398461829643),(1.,0.707020261907597,1.00398726439899),
(1.,0.706625608839477,1.00399263537153),(1.,0.706425389051042,1.00399536023312),
(1.,0.706021124741786,1.00400086200843),(1.,0.705817080861312,1.00400363891343),
(1.,0.705407173981517,1.00400921748046),(1.,0.705201311840865,1.00401201913081),
(1.,0.704995554102167,1.00401481936031)))
REPRESENTATION_ITEM('')
SURFACE()
);
#33=(
BOUNDED_SURFACE()
B_SPLINE_SURFACE(3,2,((#3543,#3544,#3545),(#3546,#3547,#3548),(#3549,#3550,
#3551),(#3552,#3553,#3554)),.UNSPECIFIED.,.F.,.F.,.F.)
B_SPLINE_SURFACE_WITH_KNOTS((4,4),(3,3),(0.,0.0081012735860023),(0.,1.),
 .UNSPECIFIED.)
GEOMETRIC_REPRESENTATION_ITEM()
RATIONAL_B_SPLINE_SURFACE(((1.,0.641082067555785,1.),(1.,0.64145792233717,
1.),(1.,0.641827344369813,1.),(1.,0.642190653907155,1.)))
REPRESENTATION_ITEM('')
SURFACE()
);
#34=(
BOUNDED_SURFACE()
B_SPLINE_SURFACE(3,2,((#3572,#3573,#3574),(#3575,#3576,#3577),(#3578,#3579,
#3580),(#3581,#3582,#3583),(#3584,#3585,#3586),(#3587,#3588,#3589),(#3590,
#3591,#3592),(#3593,#3594,#3595),(#3596,#3597,#3598),(#3599,#3600,#3601),
(#3602,#3603,#3604),(#3605,#3606,#3607),(#3608,#3609,#3610),(#3611,#3612,
#3613),(#3614,#3615,#3616),(#3617,#3618,#3619),(#3620,#3621,#3622),(#3623,
#3624,#3625),(#3626,#3627,#3628),(#3629,#3630,#3631),(#3632,#3633,#3634),
(#3635,#3636,#3637),(#3638,#3639,#3640),(#3641,#3642,#3643),(#3644,#3645,
#3646),(#3647,#3648,#3649),(#3650,#3651,#3652),(#3653,#3654,#3655),(#3656,
#3657,#3658),(#3659,#3660,#3661),(#3662,#3663,#3664),(#3665,#3666,#3667),
(#3668,#3669,#3670),(#3671,#3672,#3673)),.UNSPECIFIED.,.F.,.F.,.F.)
B_SPLINE_SURFACE_WITH_KNOTS((4,2,2,2,2,2,2,2,2,2,2,2,2,2,2,2,4),(3,3),(0.,
0.00011783113362859,0.000176746700442885,0.000206204483850032,0.00023566226725718,
0.000353493400885769,0.000382951184292917,0.000412408967700064,0.000471324534514359,
0.000589155668142949,0.000618613451550096,0.000648071234957244,0.000706986801771539,
0.000765902368585833,0.000795360151992981,0.000824817935400128,0.000942649069028718),
(0.,1.),.UNSPECIFIED.)
GEOMETRIC_REPRESENTATION_ITEM()
RATIONAL_B_SPLINE_SURFACE(((1.,0.713250449154182,1.),(1.,0.710768411027039,
1.),(1.,0.707967708592884,1.),(1.,0.703318057071005,1.),(1.,0.701693366870867,
1.),(1.,0.699147625765778,1.),(1.,0.698280057286584,1.),(1.,0.696512962859746,
1.),(1.,0.695618998758568,1.),(1.,0.691102186532728,1.),(1.,0.687337474155929,
1.),(1.,0.682530014240476,1.),(1.,0.681563506456039,1.),(1.,0.679622983668921,
1.),(1.,0.678647232409892,1.),(1.,0.675724485731627,1.),(1.,0.673798935808028,
1.),(1.,0.668124814032129,1.),(1.,0.664476833411622,1.),(1.,0.660218848440144,
1.),(1.,0.659380702987881,1.),(1.,0.657747424852383,1.),(1.,0.656954922905597,
1.),(1.,0.65465314381575,1.),(1.,0.653219495511258,1.),(1.,0.650573631072871,
1.),(1.,0.649361385682633,1.),(1.,0.647726196563573,1.),(1.,0.647211687422982,
1.),(1.,0.646247008758233,1.),(1.,0.64579593772577,1.),(1.,0.643722127181788,
1.),(1.,0.6426479407488,1.),(1.,0.642190653907155,1.)))
REPRESENTATION_ITEM('')
SURFACE()
);
#35=(
BOUNDED_SURFACE()
B_SPLINE_SURFACE(3,2,((#3753,#3754,#3755),(#3756,#3757,#3758),(#3759,#3760,
#3761),(#3762,#3763,#3764),(#3765,#3766,#3767),(#3768,#3769,#3770),(#3771,
#3772,#3773),(#3774,#3775,#3776),(#3777,#3778,#3779),(#3780,#3781,#3782),
(#3783,#3784,#3785),(#3786,#3787,#3788),(#3789,#3790,#3791),(#3792,#3793,
#3794),(#3795,#3796,#3797),(#3798,#3799,#3800),(#3801,#3802,#3803),(#3804,
#3805,#3806),(#3807,#3808,#3809),(#3810,#3811,#3812),(#3813,#3814,#3815),
(#3816,#3817,#3818),(#3819,#3820,#3821),(#3822,#3823,#3824),(#3825,#3826,
#3827),(#3828,#3829,#3830),(#3831,#3832,#3833),(#3834,#3835,#3836),(#3837,
#3838,#3839),(#3840,#3841,#3842),(#3843,#3844,#3845),(#3846,#3847,#3848),
(#3849,#3850,#3851),(#3852,#3853,#3854)),.UNSPECIFIED.,.F.,.F.,.F.)
B_SPLINE_SURFACE_WITH_KNOTS((4,2,2,2,2,2,2,2,2,2,2,2,2,2,2,2,4),(3,3),(0.,
0.000117830645260603,0.000176745967890904,0.000206203629206055,0.000235661290521205,
0.000353491935781808,0.000382949597096959,0.000412407258412109,0.000471322581042411,
0.000589153226303013,0.000618610887618164,0.000648068548933315,0.000706983871563616,
0.000765899194193917,0.000795356855509068,0.000824814516824219,0.000942645162084821),
(0.,1.),.UNSPECIFIED.)
GEOMETRIC_REPRESENTATION_ITEM()
RATIONAL_B_SPLINE_SURFACE(((1.,0.642190653907155,1.),(1.,0.642647966068564,
1.),(1.,0.643718583270482,1.),(1.,0.646164654627102,1.),(1.,0.647120235928239,
1.),(1.,0.648756731029061,1.),(1.,0.649337644605442,1.),(1.,0.650558673162803,
1.),(1.,0.651197160065434,1.),(1.,0.654519963837563,1.),(1.,0.657593143692555,
1.),(1.,0.661827901524433,1.),(1.,0.662694651798381,1.),(1.,0.664465087034523,
1.),(1.,0.665371122978549,1.),(1.,0.668113866767722,1.),(1.,0.669979851406666,
1.),(1.,0.675649154765558,1.),(1.,0.679522857372825,1.),(1.,0.684369293760289,
1.),(1.,0.685339969725047,1.),(1.,0.687258516836932,1.),(1.,0.68820893042981,
1.),(1.,0.691030632747959,1.),(1.,0.692872347168043,1.),(1.,0.696462551148175,
1.),(1.,0.698211073317711,1.),(1.,0.700753971042381,1.),(1.,0.701588296143909,
1.),(1.,0.703228690470062,1.),(1.,0.704034827725361,1.),(1.,0.70795504101897,
1.),(1.,0.710768877715225,1.),(1.,0.713250449154181,1.)))
REPRESENTATION_ITEM('')
SURFACE()
);
#36=(
BOUNDED_SURFACE()
B_SPLINE_SURFACE(3,2,((#3914,#3915,#3916),(#3917,#3918,#3919),(#3920,#3921,
#3922),(#3923,#3924,#3925)),.UNSPECIFIED.,.F.,.F.,.F.)
B_SPLINE_SURFACE_WITH_KNOTS((4,4),(3,3),(0.,0.0081012735860023),(0.,1.),
 .UNSPECIFIED.)
GEOMETRIC_REPRESENTATION_ITEM()
RATIONAL_B_SPLINE_SURFACE(((1.,0.641082067555785,1.),(1.,0.64145792233717,
1.),(1.,0.641827344369813,1.),(1.,0.642190653907155,1.)))
REPRESENTATION_ITEM('')
SURFACE()
);
#37=(
BOUNDED_SURFACE()
B_SPLINE_SURFACE(3,2,((#3934,#3935,#3936),(#3937,#3938,#3939),(#3940,#3941,
#3942),(#3943,#3944,#3945),(#3946,#3947,#3948),(#3949,#3950,#3951),(#3952,
#3953,#3954),(#3955,#3956,#3957),(#3958,#3959,#3960),(#3961,#3962,#3963),
(#3964,#3965,#3966),(#3967,#3968,#3969),(#3970,#3971,#3972),(#3973,#3974,
#3975),(#3976,#3977,#3978),(#3979,#3980,#3981),(#3982,#3983,#3984),(#3985,
#3986,#3987),(#3988,#3989,#3990),(#3991,#3992,#3993),(#3994,#3995,#3996),
(#3997,#3998,#3999),(#4000,#4001,#4002),(#4003,#4004,#4005),(#4006,#4007,
#4008),(#4009,#4010,#4011),(#4012,#4013,#4014),(#4015,#4016,#4017),(#4018,
#4019,#4020),(#4021,#4022,#4023),(#4024,#4025,#4026),(#4027,#4028,#4029),
(#4030,#4031,#4032),(#4033,#4034,#4035)),.UNSPECIFIED.,.F.,.F.,.F.)
B_SPLINE_SURFACE_WITH_KNOTS((4,2,2,2,2,2,2,2,2,2,2,2,2,2,2,2,4),(3,3),(0.,
0.000117830645260603,0.000176745967890904,0.000206203629206055,0.000235661290521206,
0.000353491935781809,0.000382949597096959,0.00041240725841211,0.000471322581042412,
0.000589153226303014,0.000618610887618165,0.000648068548933316,0.000706983871563617,
0.000765899194193919,0.00079535685550907,0.00082481451682422,0.000942645162084823),
(0.,1.),.UNSPECIFIED.)
GEOMETRIC_REPRESENTATION_ITEM()
RATIONAL_B_SPLINE_SURFACE(((1.,0.642190653907155,1.),(1.,0.642647966068561,
1.),(1.,0.643718583270486,1.),(1.,0.646164654627099,1.),(1.,0.647120235928243,
1.),(1.,0.648756731029059,1.),(1.,0.649337644605439,1.),(1.,0.650558673162805,
1.),(1.,0.651197160065433,1.),(1.,0.65451996383757,1.),(1.,0.657593143692549,
1.),(1.,0.661827901524435,1.),(1.,0.662694651798382,1.),(1.,0.664465087034521,
1.),(1.,0.665371122978549,1.),(1.,0.668113866767722,1.),(1.,0.669979851406668,
1.),(1.,0.675649154765553,1.),(1.,0.679522857372826,1.),(1.,0.684369293760287,
1.),(1.,0.68533996972505,1.),(1.,0.687258516836929,1.),(1.,0.688208930429808,
1.),(1.,0.691030632747965,1.),(1.,0.692872347168037,1.),(1.,0.696462551148179,
1.),(1.,0.698211073317717,1.),(1.,0.700753971042378,1.),(1.,0.701588296143911,
1.),(1.,0.703228690470059,1.),(1.,0.704034827725359,1.),(1.,0.707955041018979,
1.),(1.,0.710768877715218,1.),(1.,0.713250449154182,1.)))
REPRESENTATION_ITEM('')
SURFACE()
);
#38=(
BOUNDED_SURFACE()
B_SPLINE_SURFACE(3,2,((#4113,#4114,#4115),(#4116,#4117,#4118),(#4119,#4120,
#4121),(#4122,#4123,#4124),(#4125,#4126,#4127),(#4128,#4129,#4130),(#4131,
#4132,#4133),(#4134,#4135,#4136),(#4137,#4138,#4139),(#4140,#4141,#4142),
(#4143,#4144,#4145),(#4146,#4147,#4148),(#4149,#4150,#4151),(#4152,#4153,
#4154),(#4155,#4156,#4157),(#4158,#4159,#4160),(#4161,#4162,#4163),(#4164,
#4165,#4166),(#4167,#4168,#4169),(#4170,#4171,#4172),(#4173,#4174,#4175),
(#4176,#4177,#4178),(#4179,#4180,#4181),(#4182,#4183,#4184),(#4185,#4186,
#4187),(#4188,#4189,#4190),(#4191,#4192,#4193),(#4194,#4195,#4196),(#4197,
#4198,#4199),(#4200,#4201,#4202),(#4203,#4204,#4205),(#4206,#4207,#4208),
(#4209,#4210,#4211),(#4212,#4213,#4214)),.UNSPECIFIED.,.F.,.F.,.F.)
B_SPLINE_SURFACE_WITH_KNOTS((4,2,2,2,2,2,2,2,2,2,2,2,2,2,2,2,4),(3,3),(0.,
0.00011783113362859,0.000176746700442884,0.000206204483850032,0.000235662267257179,
0.000353493400885769,0.000382951184292916,0.000412408967700064,0.000471324534514359,
0.000589155668142948,0.000618613451550096,0.000648071234957243,0.000706986801771538,
0.000765902368585833,0.00079536015199298,0.000824817935400128,0.000942649069028717),
(0.,1.),.UNSPECIFIED.)
GEOMETRIC_REPRESENTATION_ITEM()
RATIONAL_B_SPLINE_SURFACE(((1.,0.713250449154181,1.),(1.,0.71076841102705,
1.),(1.,0.707967708592871,1.),(1.,0.703318057071012,1.),(1.,0.701693366870873,
1.),(1.,0.699147625765774,1.),(1.,0.698280057286583,1.),(1.,0.696512962859746,
1.),(1.,0.695618998758569,1.),(1.,0.691102186532721,1.),(1.,0.68733747415594,
1.),(1.,0.682530014240474,1.),(1.,0.681563506456041,1.),(1.,0.679622983668918,
1.),(1.,0.678647232409896,1.),(1.,0.675724485731622,1.),(1.,0.673798935808027,
1.),(1.,0.668124814032131,1.),(1.,0.66447683341163,1.),(1.,0.660218848440141,
1.),(1.,0.659380702987884,1.),(1.,0.657747424852379,1.),(1.,0.656954922905598,
1.),(1.,0.654653143815748,1.),(1.,0.653219495511254,1.),(1.,0.650573631072874,
1.),(1.,0.649361385682633,1.),(1.,0.647726196563573,1.),(1.,0.647211687422983,
1.),(1.,0.646247008758232,1.),(1.,0.64579593772577,1.),(1.,0.643722127181788,
1.),(1.,0.642647940748799,1.),(1.,0.642190653907155,1.)))
REPRESENTATION_ITEM('')
SURFACE()
);
#39=(
BOUNDED_SURFACE()
B_SPLINE_SURFACE(3,2,((#4282,#4283,#4284),(#4285,#4286,#4287),(#4288,#4289,
#4290),(#4291,#4292,#4293)),.UNSPECIFIED.,.F.,.F.,.F.)
B_SPLINE_SURFACE_WITH_KNOTS((4,4),(3,3),(0.,0.0081012735860023),(0.,1.),
 .UNSPECIFIED.)
GEOMETRIC_REPRESENTATION_ITEM()
RATIONAL_B_SPLINE_SURFACE(((1.,0.641082067555785,1.),(1.,0.641457922337169,
1.),(1.,0.641827344369813,1.),(1.,0.642190653907155,1.)))
REPRESENTATION_ITEM('')
SURFACE()
);
#40=(
BOUNDED_SURFACE()
B_SPLINE_SURFACE(3,2,((#4591,#4592,#4593),(#4594,#4595,#4596),(#4597,#4598,
#4599),(#4600,#4601,#4602),(#4603,#4604,#4605),(#4606,#4607,#4608),(#4609,
#4610,#4611),(#4612,#4613,#4614),(#4615,#4616,#4617),(#4618,#4619,#4620),
(#4621,#4622,#4623),(#4624,#4625,#4626),(#4627,#4628,#4629),(#4630,#4631,
#4632),(#4633,#4634,#4635),(#4636,#4637,#4638),(#4639,#4640,#4641),(#4642,
#4643,#4644),(#4645,#4646,#4647),(#4648,#4649,#4650),(#4651,#4652,#4653),
(#4654,#4655,#4656),(#4657,#4658,#4659),(#4660,#4661,#4662),(#4663,#4664,
#4665),(#4666,#4667,#4668),(#4669,#4670,#4671),(#4672,#4673,#4674),(#4675,
#4676,#4677),(#4678,#4679,#4680),(#4681,#4682,#4683),(#4684,#4685,#4686),
(#4687,#4688,#4689),(#4690,#4691,#4692),(#4693,#4694,#4695),(#4696,#4697,
#4698),(#4699,#4700,#4701),(#4702,#4703,#4704),(#4705,#4706,#4707),(#4708,
#4709,#4710),(#4711,#4712,#4713),(#4714,#4715,#4716),(#4717,#4718,#4719),
(#4720,#4721,#4722),(#4723,#4724,#4725),(#4726,#4727,#4728),(#4729,#4730,
#4731),(#4732,#4733,#4734),(#4735,#4736,#4737),(#4738,#4739,#4740),(#4741,
#4742,#4743),(#4744,#4745,#4746),(#4747,#4748,#4749),(#4750,#4751,#4752),
(#4753,#4754,#4755),(#4756,#4757,#4758),(#4759,#4760,#4761),(#4762,#4763,
#4764),(#4765,#4766,#4767),(#4768,#4769,#4770),(#4771,#4772,#4773),(#4774,
#4775,#4776),(#4777,#4778,#4779),(#4780,#4781,#4782),(#4783,#4784,#4785),
(#4786,#4787,#4788)),.UNSPECIFIED.,.F.,.F.,.F.)
B_SPLINE_SURFACE_WITH_KNOTS((4,2,2,2,2,2,2,2,2,2,2,2,2,2,2,2,2,2,2,2,2,
2,2,2,2,2,2,2,2,2,2,2,4),(3,3),(1.5517727626428,1.65113650582699,1.75050024901117,
1.84986399219536,1.94922773537955,2.04859147856374,2.14795522174792,2.24731896493211,
2.3466827081163,2.44604645130048,2.54541019448467,2.64477393766886,2.74413768085304,
2.84350142403723,2.94286516722142,3.04222891040561,3.14159265358979,3.24095639677398,
3.34032013995817,3.43968388314235,3.53904762632654,3.63841136951073,3.73777511269492,
3.8371388558791,3.93650259906329,4.03586634224748,4.13523008543166,4.23459382861585,
4.33395757180004,4.43332131498422,4.53268505816841,4.6320488013526,4.73141254453679),
(0.,1.00680467602463),.UNSPECIFIED.)
GEOMETRIC_REPRESENTATION_ITEM()
RATIONAL_B_SPLINE_SURFACE(((1.,0.704995554102161,1.00401481936032),(1.,
0.705201311841087,1.00401201913082),(1.,0.705407173981211,1.00400921748048),
(1.,0.705817080861607,1.00400363891343),(1.,0.706021124742047,1.00400086200843),
(1.,0.706425389050776,1.00399536023313),(1.,0.706625608839021,1.00399263537155),
(1.,0.707020261908045,1.00398726439899),(1.,0.707214694570587,1.00398461829644),
(1.,0.707595871790241,1.00397943072146),(1.,0.707782615758965,1.00397688925705),
(1.,0.708146593551005,1.00397193575514),(1.,0.708323826819776,1.00396952372519),
(1.,0.708667057902238,1.00396485257256),(1.,0.708833055199674,1.0039625934569),
(1.,0.709152201872062,1.00395825007748),(1.,0.709305350770649,1.0039561658202),
(1.,0.709597315946392,1.00395219236334),(1.,0.709736131789548,1.00395030316966),
(1.,0.709998087546155,1.00394673812154),(1.,0.71012122707551,1.00394506227234),
(1.,0.71035064053141,1.00394194010385),(1.,0.710456914124859,1.0039404937891),
(1.,0.710651570439152,1.0039378446428),(1.,0.71073995287933,1.00393664181505),
(1.,0.71089797524318,1.00393449123307),(1.,0.710967614940357,1.00393354348192),
(1.,0.711087481423792,1.00393191217674),(1.,0.71113770803901,1.00393122862505),
(1.,0.711218265189901,1.00393013229443),(1.,0.711248595611083,1.00392971951705),
(1.,0.711289068725021,1.00392916870419),(1.,0.711299211360466,1.0039290306695),
(1.,0.711299211360466,1.0039290306695),(1.,0.711289068725021,1.00392916870419),
(1.,0.711248595611083,1.00392971951705),(1.,0.711218265189901,1.00393013229443),
(1.,0.71113770803901,1.00393122862505),(1.,0.711087481423792,1.00393191217674),
(1.,0.710967614940357,1.00393354348192),(1.,0.71089797524318,1.00393449123307),
(1.,0.71073995287933,1.00393664181505),(1.,0.710651570439152,1.0039378446428),
(1.,0.710456914124859,1.0039404937891),(1.,0.710350640530809,1.00394194010386),
(1.,0.710121227076112,1.00394506227233),(1.,0.709998087547094,1.00394673812153),
(1.,0.709736131788609,1.00395030316967),(1.,0.709597315945423,1.00395219236335),
(1.,0.709305350771634,1.00395616582019),(1.,0.709152201871836,1.00395825007748),
(1.,0.708833055199899,1.00396259345689),(1.,0.708667057902538,1.00396485257255),
(1.,0.708323826819476,1.0039695237252),(1.,0.708146593551006,1.00397193575514),
(1.,0.707782615758966,1.00397688925705),(1.,0.707595871790505,1.00397943072146),
(1.,0.707214694570323,1.00398461829644),(1.,0.707020261907818,1.003987264399),
(1.,0.706625608839247,1.00399263537155),(1.,0.706425389050775,1.00399536023313),
(1.,0.706021124742046,1.00400086200843),(1.,0.705817080861607,1.00400363891343),
(1.,0.705407173981211,1.00400921748048),(1.,0.705201311841087,1.00401201913082),
(1.,0.704995554102161,1.00401481936032)))
REPRESENTATION_ITEM('')
SURFACE()
);
#41=(
BOUNDED_SURFACE()
B_SPLINE_SURFACE(3,2,((#4793,#4794,#4795),(#4796,#4797,#4798),(#4799,#4800,
#4801),(#4802,#4803,#4804)),.UNSPECIFIED.,.F.,.F.,.F.)
B_SPLINE_SURFACE_WITH_KNOTS((4,4),(3,3),(0.,0.0081012735860023),(0.,1.),
 .UNSPECIFIED.)
GEOMETRIC_REPRESENTATION_ITEM()
RATIONAL_B_SPLINE_SURFACE(((1.,0.641082067555785,1.),(1.,0.64145792233717,
1.),(1.,0.641827344369813,1.),(1.,0.642190653907155,1.)))
REPRESENTATION_ITEM('')
SURFACE()
);
#42=(
BOUNDED_SURFACE()
B_SPLINE_SURFACE(3,2,((#5051,#5052,#5053),(#5054,#5055,#5056),(#5057,#5058,
#5059),(#5060,#5061,#5062),(#5063,#5064,#5065),(#5066,#5067,#5068),(#5069,
#5070,#5071),(#5072,#5073,#5074),(#5075,#5076,#5077),(#5078,#5079,#5080),
(#5081,#5082,#5083),(#5084,#5085,#5086),(#5087,#5088,#5089),(#5090,#5091,
#5092),(#5093,#5094,#5095),(#5096,#5097,#5098),(#5099,#5100,#5101),(#5102,
#5103,#5104),(#5105,#5106,#5107),(#5108,#5109,#5110),(#5111,#5112,#5113),
(#5114,#5115,#5116),(#5117,#5118,#5119),(#5120,#5121,#5122),(#5123,#5124,
#5125),(#5126,#5127,#5128),(#5129,#5130,#5131),(#5132,#5133,#5134),(#5135,
#5136,#5137),(#5138,#5139,#5140),(#5141,#5142,#5143),(#5144,#5145,#5146),
(#5147,#5148,#5149),(#5150,#5151,#5152),(#5153,#5154,#5155),(#5156,#5157,
#5158),(#5159,#5160,#5161),(#5162,#5163,#5164),(#5165,#5166,#5167),(#5168,
#5169,#5170),(#5171,#5172,#5173),(#5174,#5175,#5176),(#5177,#5178,#5179),
(#5180,#5181,#5182),(#5183,#5184,#5185),(#5186,#5187,#5188),(#5189,#5190,
#5191),(#5192,#5193,#5194),(#5195,#5196,#5197),(#5198,#5199,#5200),(#5201,
#5202,#5203),(#5204,#5205,#5206),(#5207,#5208,#5209),(#5210,#5211,#5212),
(#5213,#5214,#5215),(#5216,#5217,#5218),(#5219,#5220,#5221),(#5222,#5223,
#5224),(#5225,#5226,#5227),(#5228,#5229,#5230),(#5231,#5232,#5233),(#5234,
#5235,#5236),(#5237,#5238,#5239),(#5240,#5241,#5242),(#5243,#5244,#5245),
(#5246,#5247,#5248)),.UNSPECIFIED.,.F.,.F.,.F.)
B_SPLINE_SURFACE_WITH_KNOTS((4,2,2,2,2,2,2,2,2,2,2,2,2,2,2,2,2,2,2,2,2,
2,2,2,2,2,2,2,2,2,2,2,4),(3,3),(4.69353942446315,4.79289229213293,4.89224515980271,
4.99159802747248,5.09095089514226,5.19030376281204,5.28965663048181,5.38900949815159,
5.48836236582137,5.58771523349115,5.68706810116092,5.7864209688307,5.88577383650048,
5.98512670417025,6.08447957184003,6.18383243950981,6.28318530717959,6.38253817484936,
6.48189104251914,6.58124391018892,6.6805967778587,6.77994964552847,6.87930251319825,
6.97865538086803,7.0780082485378,7.17736111620758,7.27671398387736,7.37606685154713,
7.47541971921691,7.57477258688669,7.67412545455647,7.77347832222624,7.87283118989602),
(-9.27853102378436E-6,1.00000826362276),.UNSPECIFIED.)
GEOMETRIC_REPRESENTATION_ITEM()
RATIONAL_B_SPLINE_SURFACE(((1.00000543744648,0.706985329946639,1.00000484268046),
(1.0000054336544,0.707189678613677,1.00000483930317),(1.00000542986043,
0.707394129186305,1.0000048359242),(1.00000542230604,0.707801222285423,
1.00000482919613),(1.00000541854564,0.708003863957994,1.00000482584706),
(1.00000541109534,0.708405347432935,1.0000048192117),(1.00000540740547,
0.708604188600927,1.00000481592544),(1.0000054001324,0.70899612195983,1.00000480944792),
(1.00000539654921,0.709189213539415,1.00000480625667),(1.00000538952457,
0.709567759659748,1.00000480000041),(1.00000538608312,0.709753213617575,
1.00000479693539),(1.0000053793755,0.710114675443009,1.00000479096148),
(1.00000537610935,0.710290682760391,1.00000478805259),(1.00000536978412,
0.710631538309849,1.00000478241924),(1.00000536672506,0.710796386028714,
1.00000477969479),(1.00000536084372,0.711113321434048,1.00000477445677),
(1.00000535802145,0.711265408648115,1.00000477194321),(1.00000535264105,
0.71155534895907,1.00000476715134),(1.00000535008293,0.711693201628118,
1.00000476487303),(1.00000534525559,0.71195333915632,1.00000476057372),
(1.00000534298636,0.712075623635018,1.00000475855271),(1.00000533875873,
0.71230344363158,1.00000475478751),(1.00000533680032,0.712408978818677,
1.00000475304332),(1.00000533321321,0.712602282309444,1.00000474984857),
(1.0000053315845,0.712690050334493,1.00000474839802),(1.00000532867249,
0.712846973963079,1.00000474580453),(1.00000532738918,0.71291612934179,
1.00000474466159),(1.0000053251803,0.713035162091443,1.00000474269433),
(1.00000532425473,0.71308503929263,1.00000474187),(1.00000532277024,0.713165035984939,
1.00000474054789),(1.00000532221132,0.713195155362374,1.00000474005011),
(1.00000532146549,0.713235346851169,1.00000473938586),(1.00000532127858,
0.71324541890549,1.0000047392194),(1.00000532127858,0.71324541890549,1.0000047392194),
(1.00000532146549,0.713235346851169,1.00000473938586),(1.00000532221132,
0.713195155362374,1.00000474005011),(1.00000532277024,0.713165035984939,
1.00000474054789),(1.00000532425473,0.71308503929263,1.00000474187),(1.0000053251803,
0.713035162091524,1.00000474269433),(1.00000532738918,0.712916129341709,
1.00000474466159),(1.00000532867249,0.712846973962998,1.00000474580453),
(1.0000053315845,0.712690050334574,1.00000474839802),(1.00000533321321,
0.712602282309417,1.00000474984857),(1.00000533680032,0.712408978818704,
1.00000475304332),(1.00000533875873,0.712303443631499,1.00000475478751),
(1.00000534298636,0.712075623635099,1.00000475855271),(1.00000534525559,
0.711953339156292,1.00000476057372),(1.00000535008293,0.711693201628145,
1.00000476487303),(1.00000535264105,0.711555348959043,1.00000476715134),
(1.00000535802145,0.711265408648142,1.00000477194321),(1.00000536084372,
0.711113321433994,1.00000477445677),(1.00000536672506,0.710796386028769,
1.00000477969479),(1.00000536978412,0.710631538309795,1.00000478241924),
(1.00000537610935,0.710290682760445,1.00000478805259),(1.0000053793755,
0.710114675442982,1.00000479096148),(1.00000538608312,0.709753213617603,
1.00000479693539),(1.00000538952457,0.709567759659748,1.00000480000041),
(1.00000539654921,0.709189213539416,1.00000480625667),(1.0000054001324,
0.70899612195983,1.00000480944792),(1.00000540740547,0.708604188600927,
1.00000481592544),(1.00000541109534,0.708405347432935,1.0000048192117),
(1.00000541854564,0.708003863957994,1.00000482584706),(1.00000542230604,
0.707801222285261,1.00000482919613),(1.00000542986043,0.707394129186467,
1.0000048359242),(1.0000054336544,0.707189678613555,1.00000483930317),(1.00000543744648,
0.706985329946639,1.00000484268046)))
REPRESENTATION_ITEM('')
SURFACE()
);
#43=CYLINDRICAL_SURFACE('',#1288,0.0127);
#44=CYLINDRICAL_SURFACE('',#1303,0.0125);
#45=CYLINDRICAL_SURFACE('',#1306,0.0205);
#46=CYLINDRICAL_SURFACE('',#1348,0.0011);
#47=CYLINDRICAL_SURFACE('',#1360,0.003);
#48=CYLINDRICAL_SURFACE('',#1375,0.0003);
#49=CYLINDRICAL_SURFACE('',#1376,0.0003);
#50=CYLINDRICAL_SURFACE('',#1377,0.0003);
#51=CYLINDRICAL_SURFACE('',#1378,0.0003);
#52=CYLINDRICAL_SURFACE('',#1381,0.0011);
#53=CYLINDRICAL_SURFACE('',#1383,0.003);
#54=CONICAL_SURFACE('',#1284,0.0156438880919267,0.0174566639632298);
#55=CONICAL_SURFACE('',#1286,0.0187594726474845,0.0174567863561874);
#56=CONICAL_SURFACE('',#1361,0.00225,0.785398163397449);
#57=CONICAL_SURFACE('',#1372,0.009,0.0174532925199416);
#58=CONICAL_SURFACE('',#1393,0.00225,0.785398163397449);
#59=ELLIPSE('',#1282,0.0203030922592913,0.0203);
#60=ELLIPSE('',#1283,0.0147022392222454,0.0147);
#61=ELLIPSE('',#1285,0.0157039325448673,0.0157015399906433);
#62=ELLIPSE('',#1287,0.0187046720223661,0.0187018223909722);
#63=ELLIPSE('',#1289,0.0127025917886128,0.0127);
#64=ELLIPSE('',#1290,0.0127025917886128,0.0127);
#65=ELLIPSE('',#1293,0.00200041713569634,0.0020000508210925);
#66=ELLIPSE('',#1294,0.0020004171356968,0.00200005082109269);
#67=ELLIPSE('',#1295,0.0147022392222454,0.0147);
#68=ELLIPSE('',#1296,0.0203030922592913,0.0203);
#69=ELLIPSE('',#1297,0.0205030620954358,0.0205);
#70=ELLIPSE('',#1307,0.0205030620954358,0.0205);
#71=FACE_BOUND('',#329,.T.);
#72=FACE_BOUND('',#330,.T.);
#73=FACE_BOUND('',#331,.T.);
#74=FACE_BOUND('',#332,.T.);
#75=FACE_BOUND('',#333,.T.);
#76=FACE_BOUND('',#334,.T.);
#77=FACE_BOUND('',#335,.T.);
#78=FACE_BOUND('',#338,.T.);
#79=FACE_BOUND('',#339,.T.);
#80=FACE_BOUND('',#348,.T.);
#81=FACE_BOUND('',#349,.T.);
#82=FACE_BOUND('',#355,.T.);
#83=FACE_BOUND('',#356,.T.);
#84=FACE_BOUND('',#380,.T.);
#85=FACE_BOUND('',#391,.T.);
#86=FACE_BOUND('',#393,.T.);
#87=FACE_BOUND('',#417,.T.);
#88=CIRCLE('',#1277,0.0203);
#89=CIRCLE('',#1278,0.0156481518341575);
#90=CIRCLE('',#1279,0.0187552125248691);
#91=CIRCLE('',#1280,0.0125);
#92=CIRCLE('',#1291,0.0127);
#93=CIRCLE('',#1292,0.0127);
#94=CIRCLE('',#1299,0.0002);
#95=CIRCLE('',#1300,0.0205);
#96=CIRCLE('',#1301,0.0205);
#97=CIRCLE('',#1304,0.0125);
#98=CIRCLE('',#1305,0.0125);
#99=CIRCLE('',#1309,0.00870519082106529);
#100=CIRCLE('',#1311,0.00870519082106529);
#101=CIRCLE('',#1313,0.0003);
#102=CIRCLE('',#1314,0.0003);
#103=CIRCLE('',#1316,0.0003);
#104=CIRCLE('',#1317,0.0003);
#105=CIRCLE('',#1318,0.0003);
#106=CIRCLE('',#1319,0.0003);
#107=CIRCLE('',#1321,0.0003);
#108=CIRCLE('',#1322,0.00900514512961221);
#109=CIRCLE('',#1324,0.0003);
#110=CIRCLE('',#1325,0.00885704988594079);
#111=CIRCLE('',#1326,0.0091570041944877);
#112=CIRCLE('',#1328,0.0003);
#113=CIRCLE('',#1329,0.0003);
#114=CIRCLE('',#1330,0.0003);
#115=CIRCLE('',#1331,0.0003);
#116=CIRCLE('',#1332,0.0003);
#117=CIRCLE('',#1334,0.0003);
#118=CIRCLE('',#1335,0.0003);
#119=CIRCLE('',#1336,0.0003);
#120=CIRCLE('',#1338,0.0003);
#121=CIRCLE('',#1339,0.0091570041944877);
#122=CIRCLE('',#1340,0.00885704988594079);
#123=CIRCLE('',#1342,0.0003);
#124=CIRCLE('',#1343,0.00900514512961221);
#125=CIRCLE('',#1344,0.00900514512961221);
#126=CIRCLE('',#1345,0.0003);
#127=CIRCLE('',#1347,0.0003);
#128=CIRCLE('',#1349,0.0011);
#129=CIRCLE('',#1351,0.003);
#130=CIRCLE('',#1352,0.0003);
#131=CIRCLE('',#1353,0.00291213203435597);
#132=CIRCLE('',#1354,0.00291213203435597);
#133=CIRCLE('',#1356,0.00137573593128806);
#134=CIRCLE('',#1358,0.0003);
#135=CIRCLE('',#1359,0.00158786796564403);
#136=CIRCLE('',#1364,0.001);
#137=CIRCLE('',#1365,0.0117);
#138=CIRCLE('',#1368,0.0123);
#139=CIRCLE('',#1369,0.0002);
#140=CIRCLE('',#1371,0.00938505415384789);
#141=CIRCLE('',#1373,0.00918508461481661);
#142=CIRCLE('',#1380,0.0002);
#143=CIRCLE('',#1382,0.0011);
#144=CIRCLE('',#1384,0.003);
#145=CIRCLE('',#1386,0.00158786796564403);
#146=CIRCLE('',#1387,0.0003);
#147=CIRCLE('',#1388,0.00137573593128806);
#148=CIRCLE('',#1390,0.00291213203435597);
#149=CIRCLE('',#1391,0.0003);
#150=CIRCLE('',#1392,0.00291213203435597);
#151=PLANE('',#1276);
#152=PLANE('',#1281);
#153=PLANE('',#1302);
#154=PLANE('',#1308);
#155=PLANE('',#1310);
#156=PLANE('',#1312);
#157=PLANE('',#1355);
#158=PLANE('',#1362);
#159=PLANE('',#1366);
#160=PLANE('',#1370);
#161=PLANE('',#1374);
#162=PLANE('',#1394);
#163=LINE('',#2054,#206);
#164=LINE('',#2078,#207);
#165=LINE('',#2483,#208);
#166=LINE('',#2507,#209);
#167=LINE('',#2510,#210);
#168=LINE('',#2514,#211);
#169=LINE('',#2553,#212);
#170=LINE('',#2556,#213);
#171=LINE('',#2698,#214);
#172=LINE('',#2699,#215);
#173=LINE('',#2732,#216);
#174=LINE('',#2733,#217);
#175=LINE('',#2736,#218);
#176=LINE('',#2739,#219);
#177=LINE('',#2742,#220);
#178=LINE('',#2755,#221);
#179=LINE('',#2881,#222);
#180=LINE('',#3520,#223);
#181=LINE('',#3523,#224);
#182=LINE('',#3527,#225);
#183=LINE('',#3532,#226);
#184=LINE('',#3537,#227);
#185=LINE('',#3539,#228);
#186=LINE('',#3541,#229);
#187=LINE('',#3542,#230);
#188=LINE('',#3926,#231);
#189=LINE('',#4301,#232);
#190=LINE('',#4306,#233);
#191=LINE('',#4383,#234);
#192=LINE('',#4385,#235);
#193=LINE('',#4477,#236);
#194=LINE('',#4478,#237);
#195=LINE('',#4529,#238);
#196=LINE('',#4555,#239);
#197=LINE('',#4589,#240);
#198=LINE('',#4590,#241);
#199=LINE('',#4809,#242);
#200=LINE('',#4831,#243);
#201=LINE('',#4832,#244);
#202=LINE('',#4869,#245);
#203=LINE('',#4890,#246);
#204=LINE('',#5288,#247);
#205=LINE('',#5302,#248);
#206=VECTOR('',#1397,1.);
#207=VECTOR('',#1398,1.);
#208=VECTOR('',#1409,1.);
#209=VECTOR('',#1410,1.);
#210=VECTOR('',#1413,1.);
#211=VECTOR('',#1416,1.);
#212=VECTOR('',#1417,1.);
#213=VECTOR('',#1420,1.);
#214=VECTOR('',#1421,1.);
#215=VECTOR('',#1422,1.);
#216=VECTOR('',#1423,1.);
#217=VECTOR('',#1424,1.);
#218=VECTOR('',#1427,1.);
#219=VECTOR('',#1432,1.);
#220=VECTOR('',#1435,1.);
#221=VECTOR('',#1436,1.);
#222=VECTOR('',#1443,0.0127);
#223=VECTOR('',#1474,0.0125);
#224=VECTOR('',#1479,0.0205);
#225=VECTOR('',#1482,1.);
#226=VECTOR('',#1487,1.);
#227=VECTOR('',#1492,1.);
#228=VECTOR('',#1493,0.01);
#229=VECTOR('',#1494,1.);
#230=VECTOR('',#1495,0.01);
#231=VECTOR('',#1532,0.01);
#232=VECTOR('',#1567,0.01);
#233=VECTOR('',#1572,0.0011);
#234=VECTOR('',#1595,0.003);
#235=VECTOR('',#1598,0.00225);
#236=VECTOR('',#1601,1.);
#237=VECTOR('',#1602,1.);
#238=VECTOR('',#1623,0.009);
#239=VECTOR('',#1624,0.009);
#240=VECTOR('',#1629,1.);
#241=VECTOR('',#1630,1.);
#242=VECTOR('',#1645,0.0011);
#243=VECTOR('',#1648,1.);
#244=VECTOR('',#1649,1.);
#245=VECTOR('',#1650,1.);
#246=VECTOR('',#1651,1.);
#247=VECTOR('',#1656,0.003);
#248=VECTOR('',#1675,0.00225);
#249=FACE_OUTER_BOUND('',#325,.T.);
#250=FACE_OUTER_BOUND('',#326,.T.);
#251=FACE_OUTER_BOUND('',#327,.T.);
#252=FACE_OUTER_BOUND('',#328,.T.);
#253=FACE_OUTER_BOUND('',#336,.T.);
#254=FACE_OUTER_BOUND('',#337,.T.);
#255=FACE_OUTER_BOUND('',#340,.T.);
#256=FACE_OUTER_BOUND('',#341,.T.);
#257=FACE_OUTER_BOUND('',#342,.T.);
#258=FACE_OUTER_BOUND('',#343,.T.);
#259=FACE_OUTER_BOUND('',#344,.T.);
#260=FACE_OUTER_BOUND('',#345,.T.);
#261=FACE_OUTER_BOUND('',#346,.T.);
#262=FACE_OUTER_BOUND('',#347,.T.);
#263=FACE_OUTER_BOUND('',#350,.T.);
#264=FACE_OUTER_BOUND('',#351,.T.);
#265=FACE_OUTER_BOUND('',#352,.T.);
#266=FACE_OUTER_BOUND('',#353,.T.);
#267=FACE_OUTER_BOUND('',#354,.T.);
#268=FACE_OUTER_BOUND('',#357,.T.);
#269=FACE_OUTER_BOUND('',#358,.T.);
#270=FACE_OUTER_BOUND('',#359,.T.);
#271=FACE_OUTER_BOUND('',#360,.T.);
#272=FACE_OUTER_BOUND('',#361,.T.);
#273=FACE_OUTER_BOUND('',#362,.T.);
#274=FACE_OUTER_BOUND('',#363,.T.);
#275=FACE_OUTER_BOUND('',#364,.T.);
#276=FACE_OUTER_BOUND('',#365,.T.);
#277=FACE_OUTER_BOUND('',#366,.T.);
#278=FACE_OUTER_BOUND('',#367,.T.);
#279=FACE_OUTER_BOUND('',#368,.T.);
#280=FACE_OUTER_BOUND('',#369,.T.);
#281=FACE_OUTER_BOUND('',#370,.T.);
#282=FACE_OUTER_BOUND('',#371,.T.);
#283=FACE_OUTER_BOUND('',#372,.T.);
#284=FACE_OUTER_BOUND('',#373,.T.);
#285=FACE_OUTER_BOUND('',#374,.T.);
#286=FACE_OUTER_BOUND('',#375,.T.);
#287=FACE_OUTER_BOUND('',#376,.T.);
#288=FACE_OUTER_BOUND('',#377,.T.);
#289=FACE_OUTER_BOUND('',#378,.T.);
#290=FACE_OUTER_BOUND('',#379,.T.);
#291=FACE_OUTER_BOUND('',#381,.T.);
#292=FACE_OUTER_BOUND('',#382,.T.);
#293=FACE_OUTER_BOUND('',#383,.T.);
#294=FACE_OUTER_BOUND('',#384,.T.);
#295=FACE_OUTER_BOUND('',#385,.T.);
#296=FACE_OUTER_BOUND('',#386,.T.);
#297=FACE_OUTER_BOUND('',#387,.T.);
#298=FACE_OUTER_BOUND('',#388,.T.);
#299=FACE_OUTER_BOUND('',#389,.T.);
#300=FACE_OUTER_BOUND('',#390,.T.);
#301=FACE_OUTER_BOUND('',#392,.T.);
#302=FACE_OUTER_BOUND('',#394,.T.);
#303=FACE_OUTER_BOUND('',#395,.T.);
#304=FACE_OUTER_BOUND('',#396,.T.);
#305=FACE_OUTER_BOUND('',#397,.T.);
#306=FACE_OUTER_BOUND('',#398,.T.);
#307=FACE_OUTER_BOUND('',#399,.T.);
#308=FACE_OUTER_BOUND('',#400,.T.);
#309=FACE_OUTER_BOUND('',#401,.T.);
#310=FACE_OUTER_BOUND('',#402,.T.);
#311=FACE_OUTER_BOUND('',#403,.T.);
#312=FACE_OUTER_BOUND('',#404,.T.);
#313=FACE_OUTER_BOUND('',#405,.T.);
#314=FACE_OUTER_BOUND('',#406,.T.);
#315=FACE_OUTER_BOUND('',#407,.T.);
#316=FACE_OUTER_BOUND('',#408,.T.);
#317=FACE_OUTER_BOUND('',#409,.T.);
#318=FACE_OUTER_BOUND('',#410,.T.);
#319=FACE_OUTER_BOUND('',#411,.T.);
#320=FACE_OUTER_BOUND('',#412,.T.);
#321=FACE_OUTER_BOUND('',#413,.T.);
#322=FACE_OUTER_BOUND('',#414,.T.);
#323=FACE_OUTER_BOUND('',#415,.T.);
#324=FACE_OUTER_BOUND('',#416,.T.);
#325=EDGE_LOOP('',(#785,#786,#787,#788,#789));
#326=EDGE_LOOP('',(#790,#791,#792,#793,#794));
#327=EDGE_LOOP('',(#795,#796,#797,#798));
#328=EDGE_LOOP('',(#799));
#329=EDGE_LOOP('',(#800,#801));
#330=EDGE_LOOP('',(#802,#803,#804,#805));
#331=EDGE_LOOP('',(#806,#807,#808,#809));
#332=EDGE_LOOP('',(#810,#811));
#333=EDGE_LOOP('',(#812,#813,#814,#815,#816,#817));
#334=EDGE_LOOP('',(#818));
#335=EDGE_LOOP('',(#819,#820));
#336=EDGE_LOOP('',(#821,#822,#823,#824));
#337=EDGE_LOOP('',(#825,#826,#827,#828,#829,#830,#831,#832,#833,#834));
#338=EDGE_LOOP('',(#835,#836,#837));
#339=EDGE_LOOP('',(#838,#839,#840,#841));
#340=EDGE_LOOP('',(#842,#843,#844,#845));
#341=EDGE_LOOP('',(#846,#847,#848,#849));
#342=EDGE_LOOP('',(#850,#851,#852,#853));
#343=EDGE_LOOP('',(#854,#855,#856,#857));
#344=EDGE_LOOP('',(#858,#859,#860,#861));
#345=EDGE_LOOP('',(#862,#863,#864,#865));
#346=EDGE_LOOP('',(#866,#867,#868,#869));
#347=EDGE_LOOP('',(#870,#871,#872,#873,#874,#875));
#348=EDGE_LOOP('',(#876));
#349=EDGE_LOOP('',(#877));
#350=EDGE_LOOP('',(#878,#879,#880,#881));
#351=EDGE_LOOP('',(#882,#883,#884,#885));
#352=EDGE_LOOP('',(#886,#887,#888,#889,#890));
#353=EDGE_LOOP('',(#891,#892,#893,#894));
#354=EDGE_LOOP('',(#895,#896,#897,#898,#899,#900,#901,#902,#903,#904));
#355=EDGE_LOOP('',(#905,#906,#907,#908));
#356=EDGE_LOOP('',(#909,#910,#911));
#357=EDGE_LOOP('',(#912,#913,#914,#915,#916));
#358=EDGE_LOOP('',(#917,#918,#919,#920,#921,#922));
#359=EDGE_LOOP('',(#923,#924));
#360=EDGE_LOOP('',(#925,#926));
#361=EDGE_LOOP('',(#927,#928,#929,#930));
#362=EDGE_LOOP('',(#931,#932,#933,#934));
#363=EDGE_LOOP('',(#935,#936,#937));
#364=EDGE_LOOP('',(#938,#939,#940,#941));
#365=EDGE_LOOP('',(#942,#943,#944,#945));
#366=EDGE_LOOP('',(#946,#947,#948,#949));
#367=EDGE_LOOP('',(#950,#951,#952));
#368=EDGE_LOOP('',(#953,#954,#955,#956));
#369=EDGE_LOOP('',(#957,#958,#959,#960));
#370=EDGE_LOOP('',(#961,#962,#963,#964));
#371=EDGE_LOOP('',(#965,#966,#967));
#372=EDGE_LOOP('',(#968,#969,#970,#971));
#373=EDGE_LOOP('',(#972,#973,#974,#975,#976));
#374=EDGE_LOOP('',(#977,#978,#979,#980));
#375=EDGE_LOOP('',(#981,#982,#983));
#376=EDGE_LOOP('',(#984,#985,#986,#987));
#377=EDGE_LOOP('',(#988,#989,#990,#991,#992));
#378=EDGE_LOOP('',(#993,#994,#995,#996,#997));
#379=EDGE_LOOP('',(#998));
#380=EDGE_LOOP('',(#999));
#381=EDGE_LOOP('',(#1000,#1001,#1002,#1003));
#382=EDGE_LOOP('',(#1004,#1005,#1006,#1007));
#383=EDGE_LOOP('',(#1008,#1009,#1010,#1011,#1012));
#384=EDGE_LOOP('',(#1013,#1014,#1015,#1016));
#385=EDGE_LOOP('',(#1017,#1018,#1019,#1020));
#386=EDGE_LOOP('',(#1021,#1022,#1023,#1024));
#387=EDGE_LOOP('',(#1025,#1026,#1027,#1028,#1029));
#388=EDGE_LOOP('',(#1030));
#389=EDGE_LOOP('',(#1031,#1032,#1033,#1034,#1035));
#390=EDGE_LOOP('',(#1036));
#391=EDGE_LOOP('',(#1037));
#392=EDGE_LOOP('',(#1038,#1039,#1040,#1041,#1042,#1043,#1044,#1045,#1046,
#1047,#1048,#1049,#1050,#1051,#1052,#1053,#1054,#1055,#1056,#1057,#1058,
#1059));
#393=EDGE_LOOP('',(#1060,#1061));
#394=EDGE_LOOP('',(#1062,#1063,#1064,#1065));
#395=EDGE_LOOP('',(#1066,#1067,#1068,#1069));
#396=EDGE_LOOP('',(#1070,#1071,#1072,#1073));
#397=EDGE_LOOP('',(#1074,#1075,#1076,#1077));
#398=EDGE_LOOP('',(#1078,#1079,#1080,#1081));
#399=EDGE_LOOP('',(#1082,#1083,#1084,#1085));
#400=EDGE_LOOP('',(#1086,#1087,#1088,#1089));
#401=EDGE_LOOP('',(#1090,#1091,#1092,#1093));
#402=EDGE_LOOP('',(#1094,#1095,#1096,#1097,#1098,#1099,#1100));
#403=EDGE_LOOP('',(#1101,#1102,#1103,#1104));
#404=EDGE_LOOP('',(#1105,#1106,#1107,#1108));
#405=EDGE_LOOP('',(#1109,#1110,#1111,#1112));
#406=EDGE_LOOP('',(#1113,#1114,#1115,#1116));
#407=EDGE_LOOP('',(#1117,#1118,#1119,#1120));
#408=EDGE_LOOP('',(#1121,#1122,#1123,#1124));
#409=EDGE_LOOP('',(#1125,#1126,#1127,#1128));
#410=EDGE_LOOP('',(#1129,#1130,#1131,#1132));
#411=EDGE_LOOP('',(#1133,#1134,#1135,#1136));
#412=EDGE_LOOP('',(#1137,#1138,#1139,#1140));
#413=EDGE_LOOP('',(#1141,#1142,#1143,#1144));
#414=EDGE_LOOP('',(#1145,#1146,#1147,#1148,#1149));
#415=EDGE_LOOP('',(#1150,#1151,#1152,#1153,#1154));
#416=EDGE_LOOP('',(#1155));
#417=EDGE_LOOP('',(#1156));
#418=B_SPLINE_CURVE_WITH_KNOTS('',1,(#1749,#1750),.UNSPECIFIED.,.F.,.F.,
(2,2),(-0.984696129682712,-0.1768692468782),.UNSPECIFIED.);
#419=B_SPLINE_CURVE_WITH_KNOTS('',3,(#1752,#1753,#1754,#1755,#1756,#1757,
#1758,#1759,#1760,#1761,#1762,#1763,#1764,#1765,#1766,#1767,#1768,#1769),
 .UNSPECIFIED.,.F.,.F.,(4,2,2,2,2,2,2,2,4),(0.,0.00048859127507745,0.000977182550154899,
0.00146577382523235,0.0019543651003098,0.00244295637538725,0.00293154765046469,
0.00342013892554214,0.00390873020061959),.UNSPECIFIED.);
#420=B_SPLINE_CURVE_WITH_KNOTS('',3,(#1771,#1772,#1773,#1774,#1775,#1776,
#1777,#1778,#1779,#1780,#1781,#1782,#1783,#1784,#1785,#1786),
 .UNSPECIFIED.,.F.,.F.,(4,2,2,2,2,2,2,4),(0.00456019934607238,0.00488591275077449,
0.00537450402585194,0.00586309530092939,0.00635168657600684,0.00684027785108428,
0.00732886912616173,0.00781746040123918),.UNSPECIFIED.);
#421=B_SPLINE_CURVE_WITH_KNOTS('',1,(#1788,#1789),.UNSPECIFIED.,.F.,.F.,
(2,2),(-0.984696129682702,-0.176014645587916),.UNSPECIFIED.);
#422=B_SPLINE_CURVE_WITH_KNOTS('',3,(#1790,#1791,#1792,#1793,#1794,#1795,
#1796,#1797,#1798,#1799,#1800,#1801,#1802,#1803,#1804,#1805,#1806,#1807,
#1808,#1809,#1810,#1811,#1812,#1813,#1814,#1815,#1816,#1817,#1818,#1819,
#1820,#1821,#1822,#1823,#1824),.UNSPECIFIED.,.F.,.F.,(4,2,2,2,2,2,2,3,2,
2,2,2,2,2,2,2,4),(-0.3469054589354,-0.31103793176906,-0.258855668932852,
-0.206563439108954,-0.154341123549558,-0.102375779277016,-0.0508618012189996,
0.,0.0274352830579071,0.0514618708486659,0.0908208422968655,0.131887286952898,
0.174646120406671,0.219061059638512,0.265076123522435,0.312615321377367,
0.359792594097814),.UNSPECIFIED.);
#423=B_SPLINE_CURVE_WITH_KNOTS('',1,(#1895,#1896),.UNSPECIFIED.,.F.,.F.,
(2,2),(-0.984696129837117,-0.176869246874057),.UNSPECIFIED.);
#424=B_SPLINE_CURVE_WITH_KNOTS('',3,(#1898,#1899,#1900,#1901,#1902,#1903,
#1904,#1905,#1906,#1907,#1908,#1909,#1910,#1911,#1912,#1913,#1914,#1915),
 .UNSPECIFIED.,.F.,.F.,(4,2,2,2,2,2,2,2,4),(0.,0.000488591275077467,0.000977182550154934,
0.0014657738252324,0.00195436510030987,0.00244295637538733,0.0029315476504648,
0.00342013892554226,0.00390873020061973),.UNSPECIFIED.);
#425=B_SPLINE_CURVE_WITH_KNOTS('',3,(#1917,#1918,#1919,#1920,#1921,#1922,
#1923,#1924,#1925,#1926,#1927,#1928),.UNSPECIFIED.,.F.,.F.,(4,2,2,2,2,4),
(0.00586308109880342,0.0058630953009296,0.00635168657600706,0.00684027785108453,
0.007328869126162,0.00781746040123946),.UNSPECIFIED.);
#426=B_SPLINE_CURVE_WITH_KNOTS('',1,(#1930,#1931),.UNSPECIFIED.,.F.,.F.,
(2,2),(-0.984696129682702,-0.170492707033613),.UNSPECIFIED.);
#427=B_SPLINE_CURVE_WITH_KNOTS('',3,(#1932,#1933,#1934,#1935,#1936,#1937,
#1938,#1939,#1940,#1941,#1942,#1943,#1944,#1945,#1946,#1947,#1948,#1949,
#1950,#1951,#1952,#1953,#1954,#1955,#1956,#1957,#1958,#1959,#1960,#1961,
#1962,#1963,#1964,#1965,#1966,#1967,#1968,#1969,#1970,#1971,#1972,#1973,
#1974,#1975,#1976,#1977),.UNSPECIFIED.,.F.,.F.,(4,3,3,3,3,3,3,3,3,3,3,3,
3,3,3,4),(0.00203057743555019,0.00228402490888759,0.00253780545431954,0.00304530237422393,
0.00355237667191949,0.00380670818147931,0.00406004700218489,0.00456804981777517,
0.00507561090863908,0.00558317199950298,0.00609073309036689,0.00659829418123079,
0.00685207472666275,0.0071058552720947,0.0076134163629586,0.00812097745382251),
 .UNSPECIFIED.);
#428=B_SPLINE_CURVE_WITH_KNOTS('',3,(#2016,#2017,#2018,#2019,#2020,#2021,
#2022,#2023,#2024,#2025,#2026,#2027,#2028,#2029,#2030,#2031,#2032,#2033,
#2034,#2035,#2036,#2037,#2038,#2039,#2040,#2041,#2042,#2043,#2044,#2045,
#2046,#2047,#2048,#2049,#2050,#2051,#2052),.UNSPECIFIED.,.F.,.F.,(4,3,3,
3,3,3,3,3,3,3,3,3,4),(0.,0.000302572965643357,0.000604648501312956,0.00090771889693007,
0.0012099367233697,0.00181543779386013,0.00242058372514684,0.00272315669079019,
0.00302572965643354,0.0033283026220769,0.00363087558772026,0.00423602151900698,
0.0048411674502937),.UNSPECIFIED.);
#429=B_SPLINE_CURVE_WITH_KNOTS('',3,(#2056,#2057,#2058,#2059,#2060,#2061,
#2062,#2063,#2064,#2065,#2066,#2067,#2068,#2069,#2070,#2071,#2072,#2073,
#2074,#2075,#2076,#2077),.UNSPECIFIED.,.F.,.F.,(4,2,2,2,2,2,2,2,2,2,4),
(-0.468154380053272,-0.437029967693551,-0.40596627693826,-0.348477176822502,
-0.291231116472405,-0.234128835436206,-0.177026823875809,-0.119782934873787,
-0.0622934093901646,-0.0311781838536976,0.),.UNSPECIFIED.);
#430=B_SPLINE_CURVE_WITH_KNOTS('',3,(#2082,#2083,#2084,#2085,#2086,#2087,
#2088,#2089),.UNSPECIFIED.,.F.,.F.,(4,2,2,4),(-0.41453625933349,-0.412747626857201,
-0.362475056301196,-0.3469054589354),.UNSPECIFIED.);
#431=B_SPLINE_CURVE_WITH_KNOTS('',3,(#2091,#2092,#2093,#2094,#2095,#2096,
#2097,#2098,#2099,#2100,#2101,#2102,#2103,#2104,#2105,#2106,#2107,#2108,
#2109),.UNSPECIFIED.,.F.,.F.,(4,3,3,3,3,3,4),(0.,0.00270895101976346,0.00271907752080521,
0.00541790203952693,0.00543553981955664,0.00812685305929039,0.0108358040790539),
 .UNSPECIFIED.);
#432=B_SPLINE_CURVE_WITH_KNOTS('',3,(#2111,#2112,#2113,#2114,#2115,#2116,
#2117,#2118,#2119,#2120,#2121,#2122,#2123,#2124,#2125,#2126,#2127,#2128,
#2129,#2130,#2131,#2132,#2133,#2134,#2135,#2136,#2137,#2138,#2139,#2140,
#2141,#2142,#2143,#2144,#2145,#2146,#2147),.UNSPECIFIED.,.F.,.F.,(4,3,3,
3,3,3,3,3,3,3,3,3,4),(0.,0.000303143222657616,0.000605915420639483,0.000909429667972849,
0.00121252445052792,0.0018188593359457,0.00242514578126093,0.00272828900391855,
0.00303143222657617,0.00333457544923378,0.0036377186718914,0.00424400511720663,
0.00485029156252186),.UNSPECIFIED.);
#433=B_SPLINE_CURVE_WITH_KNOTS('',3,(#2148,#2149,#2150,#2151,#2152,#2153),
 .UNSPECIFIED.,.F.,.F.,(4,2,4),(-1.31137589381522,-0.657838484251334,0.),
 .UNSPECIFIED.);
#434=B_SPLINE_CURVE_WITH_KNOTS('',3,(#2156,#2157,#2158,#2159,#2160,#2161,
#2162,#2163,#2164,#2165,#2166,#2167,#2168,#2169,#2170,#2171,#2172,#2173,
#2174,#2175,#2176,#2177,#2178,#2179,#2180,#2181,#2182,#2183,#2184,#2185,
#2186,#2187,#2188,#2189,#2190,#2191,#2192),.UNSPECIFIED.,.F.,.F.,(4,3,3,
3,3,3,3,3,3,3,3,3,4),(0.,0.000302509491511971,0.0006048128260141,0.000907528474535913,
0.00121003796604788,0.00181505694907183,0.00242007593209578,0.00272258542360775,
0.00302509491511972,0.00332760440663169,0.00363011389814366,0.00423513288116761,
0.00484015186419156),.UNSPECIFIED.);
#435=B_SPLINE_CURVE_WITH_KNOTS('',3,(#2194,#2195,#2196,#2197,#2198,#2199),
 .UNSPECIFIED.,.F.,.F.,(4,2,4),(-1.31127523840464,-0.657789285279857,0.),
 .UNSPECIFIED.);
#436=B_SPLINE_CURVE_WITH_KNOTS('',3,(#2201,#2202,#2203,#2204,#2205,#2206,
#2207,#2208,#2209,#2210,#2211,#2212,#2213,#2214,#2215,#2216,#2217,#2218,
#2219,#2220,#2221,#2222,#2223,#2224,#2225,#2226,#2227,#2228,#2229,#2230,
#2231,#2232,#2233,#2234,#2235,#2236,#2237),.UNSPECIFIED.,.F.,.F.,(4,3,3,
3,3,3,3,3,3,3,3,3,4),(0.,0.000302718515816559,0.000604876485489651,0.000908155547449678,
0.00121045504462933,0.00181631109489936,0.00242174812653248,0.00272446664234904,
0.0030271851581656,0.00332990367398216,0.00363262218979872,0.00423805922143184,
0.00484349625306495),.UNSPECIFIED.);
#437=B_SPLINE_CURVE_WITH_KNOTS('',3,(#2238,#2239,#2240,#2241,#2242,#2243),
 .UNSPECIFIED.,.F.,.F.,(4,2,4),(0.,0.545585187066022,1.0947549473784),
 .UNSPECIFIED.);
#438=B_SPLINE_CURVE_WITH_KNOTS('',3,(#2244,#2245,#2246,#2247,#2248,#2249,
#2250,#2251,#2252,#2253,#2254,#2255,#2256,#2257,#2258,#2259,#2260,#2261,
#2262),.UNSPECIFIED.,.F.,.F.,(4,3,3,3,3,3,4),(0.,0.000507139237023206,0.00076134163629587,
0.00101478178083694,0.00152268327259173,0.00203024436345564,0.00203057743555019),
 .UNSPECIFIED.);
#439=B_SPLINE_CURVE_WITH_KNOTS('',3,(#2267,#2268,#2269,#2270,#2271,#2272,
#2273,#2274,#2275,#2276,#2277,#2278,#2279,#2280,#2281,#2282),
 .UNSPECIFIED.,.F.,.F.,(4,3,3,3,3,4),(2.49886057562428E-18,0.00239145450893234,
0.00477419228708899,0.00597863627233084,0.00717436352679701,0.00956581803572934),
 .UNSPECIFIED.);
#440=B_SPLINE_CURVE_WITH_KNOTS('',3,(#2284,#2285,#2286,#2287,#2288,#2289,
#2290,#2291,#2292,#2293,#2294,#2295,#2296,#2297,#2298,#2299,#2300,#2301,
#2302,#2303,#2304,#2305,#2306,#2307,#2308,#2309,#2310,#2311,#2312,#2313,
#2314,#2315,#2316,#2317,#2318,#2319,#2320),.UNSPECIFIED.,.F.,.F.,(4,3,3,
3,3,3,3,3,3,3,3,3,4),(0.,0.000302891085627919,0.000605573042142484,0.000908673256883756,
0.00121156434251167,0.00181734651376751,0.00242312868502334,0.00272601977065126,
0.00302891085627917,0.00333180194190709,0.00363469302753501,0.00424047519879085,
0.00484625737004668),.UNSPECIFIED.);
#441=B_SPLINE_CURVE_WITH_KNOTS('',3,(#2322,#2323,#2324,#2325,#2326,#2327,
#2328,#2329,#2330,#2331,#2332,#2333,#2334,#2335,#2336,#2337,#2338,#2339,
#2340),.UNSPECIFIED.,.F.,.F.,(4,3,3,3,3,3,4),(0.,0.00286577106922341,0.00572111446293046,
0.00573154213844682,0.00716442767305853,0.00859731320767023,0.0114630842768936),
 .UNSPECIFIED.);
#442=B_SPLINE_CURVE_WITH_KNOTS('',3,(#2343,#2344,#2345,#2346,#2347,#2348,
#2349,#2350,#2351,#2352,#2353,#2354,#2355,#2356,#2357,#2358,#2359,#2360,
#2361,#2362,#2363,#2364,#2365,#2366,#2367,#2368,#2369,#2370,#2371,#2372,
#2373,#2374,#2375,#2376,#2377,#2378,#2379),.UNSPECIFIED.,.F.,.F.,(4,3,3,
3,3,3,3,3,3,3,3,3,4),(0.,0.000303379267418093,0.000606447651480741,0.000910137802254279,
0.00121347949552561,0.00182027560450857,0.00242703413934476,0.00273041340676285,
0.00303379267418095,0.00333717194159904,0.00364055120901713,0.00424730974385331,
0.0048540682786895),.UNSPECIFIED.);
#443=B_SPLINE_CURVE_WITH_KNOTS('',3,(#2384,#2385,#2386,#2387,#2388,#2389,
#2390,#2391,#2392,#2393,#2394,#2395,#2396,#2397,#2398,#2399,#2400,#2401,
#2402,#2403,#2404,#2405,#2406,#2407,#2408,#2409,#2410,#2411,#2412,#2413,
#2414),.UNSPECIFIED.,.F.,.F.,(4,3,3,3,3,3,3,3,3,3,4),(7.75545266926006E-20,
0.000509008804447794,0.000763885966659995,0.00101850637697976,0.00152777193331999,
0.00203702924442666,0.00229165789998,0.00254628655553334,0.00305554386664,
0.00356480117774667,0.00407405848885334),.UNSPECIFIED.);
#444=B_SPLINE_CURVE_WITH_KNOTS('',3,(#2415,#2416,#2417,#2418,#2419,#2420,
#2421,#2422,#2423,#2424,#2425,#2426,#2427,#2428,#2429,#2430,#2431,#2432,
#2433,#2434,#2435,#2436,#2437,#2438,#2439,#2440,#2441,#2442,#2443,#2444,
#2445),.UNSPECIFIED.,.F.,.F.,(4,3,3,3,3,3,3,3,3,3,4),(4.97259085574647E-19,
0.000509008804447778,0.000763885966659984,0.00101850637697975,0.00152777193331997,
0.00203702924442663,0.00229165789997997,0.0025462865555333,0.00305554386663997,
0.00356480117774664,0.00407405848885331),.UNSPECIFIED.);
#445=B_SPLINE_CURVE_WITH_KNOTS('',3,(#2485,#2486,#2487,#2488,#2489,#2490,
#2491,#2492,#2493,#2494,#2495,#2496,#2497,#2498,#2499,#2500,#2501,#2502,
#2503,#2504,#2505,#2506),.UNSPECIFIED.,.F.,.F.,(4,2,2,2,2,2,2,2,2,2,4),
(-0.39010858832891,-0.364158347003337,-0.338260020017081,-0.290360757990149,
-0.242676214970293,-0.195112584118496,-0.14754699454787,-0.0998499844358874,
-0.0519324576888413,-0.0259925254616309,0.),.UNSPECIFIED.);
#446=B_SPLINE_CURVE_WITH_KNOTS('',3,(#2516,#2517,#2518,#2519,#2520,#2521),
 .UNSPECIFIED.,.F.,.F.,(4,2,4),(-1.14250499647179,-0.571283108748445,0.),
 .UNSPECIFIED.);
#447=B_SPLINE_CURVE_WITH_KNOTS('',3,(#2523,#2524,#2525,#2526,#2527,#2528,
#2529,#2530,#2531,#2532,#2533,#2534,#2535,#2536,#2537,#2538,#2539,#2540,
#2541,#2542,#2543,#2544),.UNSPECIFIED.,.F.,.F.,(4,2,2,2,2,2,2,2,2,2,4),
(-0.468162517361518,-0.437015064602455,-0.405930590234775,-0.348458147320175,
-0.291235287376754,-0.234147761779536,-0.177055538219665,-0.119802211915481,
-0.0622895527372599,-0.031175652738801,0.),.UNSPECIFIED.);
#448=B_SPLINE_CURVE_WITH_KNOTS('',3,(#2546,#2547,#2548,#2549,#2550,#2551),
 .UNSPECIFIED.,.F.,.F.,(4,2,4),(0.,0.479566291095835,0.959219049986944),
 .UNSPECIFIED.);
#449=B_SPLINE_CURVE_WITH_KNOTS('',3,(#2557,#2558,#2559,#2560,#2561,#2562,
#2563,#2564,#2565,#2566,#2567,#2568,#2569,#2570,#2571,#2572,#2573,#2574,
#2575,#2576,#2577,#2578),.UNSPECIFIED.,.F.,.F.,(4,2,2,2,2,2,2,2,2,2,4),
(-0.390108588328561,-0.364158347003324,-0.338260020017325,-0.290360757990446,
-0.242676214970524,-0.195112584118634,-0.147546994547924,-0.0998499844359084,
-0.0519324576888604,-0.0259925254616381,0.),.UNSPECIFIED.);
#450=B_SPLINE_CURVE_WITH_KNOTS('',3,(#2579,#2580,#2581,#2582,#2583,#2584),
 .UNSPECIFIED.,.F.,.F.,(4,2,4),(0.00390873020061959,0.00439732147569704,
0.00456019934607238),.UNSPECIFIED.);
#451=B_SPLINE_CURVE_WITH_KNOTS('',3,(#2586,#2587,#2588,#2589,#2590,#2591,
#2592,#2593,#2594,#2595,#2596,#2597,#2598),.UNSPECIFIED.,.F.,.F.,(4,3,3,
3,4),(0.,0.25,0.5,0.75,1.),.UNSPECIFIED.);
#452=B_SPLINE_CURVE_WITH_KNOTS('',3,(#2600,#2601,#2602,#2603,#2604,#2605,
#2606,#2607,#2608,#2609,#2610,#2611,#2612,#2613,#2614,#2615,#2616,#2617,
#2618,#2619,#2620,#2621,#2622,#2623,#2624,#2625,#2626,#2627,#2628,#2629,
#2630,#2631,#2632,#2633,#2634,#2635,#2636,#2637,#2638,#2639,#2640,#2641,
#2642,#2643,#2644,#2645,#2646,#2647,#2648),.UNSPECIFIED.,.F.,.F.,(4,3,3,
3,3,3,3,3,3,3,3,3,3,3,3,3,4),(0.,0.0625,0.125,0.1875,0.25,0.3125,0.375,
0.4375,0.5,0.5625,0.625,0.6875,0.75,0.8125,0.875,0.9375,1.),
 .UNSPECIFIED.);
#453=B_SPLINE_CURVE_WITH_KNOTS('',3,(#2649,#2650,#2651,#2652,#2653,#2654,
#2655,#2656,#2657,#2658,#2659,#2660,#2661),.UNSPECIFIED.,.F.,.F.,(4,3,3,
3,4),(0.,0.25,0.5,0.75,1.),.UNSPECIFIED.);
#454=B_SPLINE_CURVE_WITH_KNOTS('',3,(#2837,#2838,#2839,#2840,#2841,#2842,
#2843,#2844,#2845,#2846,#2847,#2848,#2849,#2850,#2851,#2852),
 .UNSPECIFIED.,.T.,.F.,(4,1,1,1,1,1,1,1,1,1,1,1,1,4),(0.,0.0714285714285716,
0.142857142857143,0.232142857142858,0.285714285714286,0.380952380952381,
0.428571428571429,0.500000000000001,0.571428571428574,0.714285714285716,
0.785714285714287,0.857142857142858,0.892857142857143,1.),.UNSPECIFIED.);
#455=B_SPLINE_CURVE_WITH_KNOTS('',3,(#2854,#2855,#2856,#2857,#2858),
 .UNSPECIFIED.,.F.,.F.,(4,1,4),(-1.,-0.5,0.),.UNSPECIFIED.);
#456=B_SPLINE_CURVE_WITH_KNOTS('',3,(#2859,#2860,#2861,#2862,#2863,#2864,
#2865,#2866,#2867,#2868,#2869,#2870,#2871,#2872,#2873,#2874),
 .UNSPECIFIED.,.T.,.F.,(4,1,1,1,1,1,1,1,1,1,1,1,1,4),(0.,0.107142857142857,
0.142857142857142,0.214285714285713,0.285714285714284,0.428571428571426,
0.499999999999999,0.571428571428571,0.619047619047619,0.714285714285714,
0.767857142857142,0.857142857142857,0.928571428571428,1.),.UNSPECIFIED.);
#457=B_SPLINE_CURVE_WITH_KNOTS('',3,(#2886,#2887,#2888,#2889,#2890,#2891,
#2892,#2893,#2894,#2895,#2896,#2897,#2898,#2899,#2900,#2901,#2902),
 .UNSPECIFIED.,.T.,.F.,(4,1,1,1,1,1,1,1,1,1,1,1,1,1,4),(0.,0.0714285714285711,
0.124999999999999,0.142857142857142,0.223214285714285,0.285714285714284,
0.380952380952383,0.428571428571426,0.499999999999999,0.571428571428571,
0.714285714285714,0.785714285714285,0.857142857142857,0.928571428571428,
1.),.UNSPECIFIED.);
#458=B_SPLINE_CURVE_WITH_KNOTS('',3,(#3303,#3304,#3305,#3306,#3307,#3308,
#3309,#3310,#3311,#3312,#3313,#3314,#3315,#3316),.UNSPECIFIED.,.F.,.F.,
(4,2,2,2,2,2,4),(-0.0314789014976728,-0.0275892229941549,-0.0234553440200257,
-0.0157391781582157,-0.00802270467820085,-0.00388932868824851,0.),
 .UNSPECIFIED.);
#459=B_SPLINE_CURVE_WITH_KNOTS('',3,(#3319,#3320,#3321,#3322,#3323,#3324,
#3325,#3326,#3327,#3328,#3329,#3330,#3331,#3332),.UNSPECIFIED.,.F.,.F.,
(4,2,2,2,2,2,4),(1.94405637356756E-7,0.00388985628841706,0.00802371759833069,
0.0157398504886825,0.0234562909959305,0.0275896493238044,0.0314789614160163),
 .UNSPECIFIED.);
#460=B_SPLINE_CURVE_WITH_KNOTS('',3,(#3408,#3409,#3410,#3411,#3412,#3413,
#3414,#3415,#3416,#3417),.UNSPECIFIED.,.F.,.F.,(4,2,2,2,4),(0.00390873020061973,
0.0043973214756972,0.00488591275077466,0.00537450402585213,0.00586308109880342),
 .UNSPECIFIED.);
#461=B_SPLINE_CURVE_WITH_KNOTS('',3,(#3419,#3420,#3421,#3422,#3423,#3424,
#3425,#3426,#3427,#3428,#3429,#3430,#3431,#3432,#3433,#3434,#3435,#3436,
#3437,#3438,#3439,#3440),.UNSPECIFIED.,.F.,.F.,(4,2,2,2,2,2,2,2,2,2,4),
(-0.468144247683985,-0.437000026911949,-0.405917993556089,-0.348433339704442,
-0.291207184783655,-0.234128902466772,-0.177049166533523,-0.119813866405174,
-0.062315000103128,-0.0311891092371,-5.59496893259848E-13),
 .UNSPECIFIED.);
#462=B_SPLINE_CURVE_WITH_KNOTS('',3,(#3443,#3444,#3445,#3446,#3447,#3448,
#3449,#3450,#3451,#3452,#3453,#3454,#3455,#3456,#3457,#3458,#3459,#3460,
#3461,#3462,#3463,#3464),.UNSPECIFIED.,.F.,.F.,(4,2,2,2,2,2,2,2,2,2,4),
(-0.468164123152531,-0.437037987647699,-0.405972994668981,-0.348490390699967,
-0.291246082650565,-0.234138879576743,-0.177030219286491,-0.119776736520154,
-0.0622798738955295,-0.0311710260609844,0.),.UNSPECIFIED.);
#463=B_SPLINE_CURVE_WITH_KNOTS('',3,(#3466,#3467,#3468,#3469,#3470,#3471,
#3472,#3473,#3474,#3475,#3476,#3477,#3478),.UNSPECIFIED.,.F.,.F.,(4,3,3,
3,4),(0.,0.25,0.5,0.75,1.),.UNSPECIFIED.);
#464=B_SPLINE_CURVE_WITH_KNOTS('',3,(#3480,#3481,#3482,#3483,#3484,#3485,
#3486,#3487,#3488,#3489,#3490,#3491,#3492,#3493,#3494,#3495,#3496,#3497,
#3498,#3499,#3500,#3501),.UNSPECIFIED.,.F.,.F.,(4,2,2,2,2,2,2,2,2,2,4),
(-0.468169443581434,-0.437028269320744,-0.405949710783713,-0.348477975192309,
-0.291248808760611,-0.234151236379059,-0.177048964184395,-0.119789318996661,
-0.0622773545156993,-0.0311693728949429,0.),.UNSPECIFIED.);
#465=B_SPLINE_CURVE_WITH_KNOTS('',3,(#3502,#3503,#3504,#3505,#3506,#3507,
#3508,#3509,#3510,#3511,#3512,#3513,#3514),.UNSPECIFIED.,.F.,.F.,(4,3,3,
3,4),(0.,0.25,0.5,0.75,1.),.UNSPECIFIED.);
#466=B_SPLINE_CURVE_WITH_KNOTS('',3,(#3559,#3560,#3561,#3562,#3563,#3564,
#3565),.UNSPECIFIED.,.F.,.F.,(4,1,2,4),(0.,0.000600000000000045,0.00300000000000567,
0.00810127634846083),.UNSPECIFIED.);
#467=B_SPLINE_CURVE_WITH_KNOTS('',3,(#3677,#3678,#3679,#3680,#3681,#3682,
#3683,#3684,#3685,#3686,#3687,#3688,#3689,#3690,#3691,#3692,#3693,#3694,
#3695,#3696,#3697,#3698,#3699,#3700,#3701,#3702,#3703,#3704,#3705,#3706,
#3707,#3708,#3709,#3710,#3711,#3712,#3713,#3714,#3715,#3716,#3717,#3718,
#3719,#3720,#3721,#3722,#3723,#3724,#3725,#3726,#3727,#3728,#3729,#3730,
#3731),.UNSPECIFIED.,.F.,.F.,(4,3,3,3,3,3,3,3,3,3,3,3,3,3,3,3,3,3,4),(0.,
5.96896157503185E-5,7.4644004939206E-5,8.95879133066527E-5,0.000101469575480186,
0.000119428336860546,0.000136540369639627,0.000149396428568716,0.000164463324136374,
0.000179573617613216,0.000240266115267222,0.000270672092477201,0.000285890263231094,
0.000301115453252636,0.000362039075467737,0.000377263839257904,0.000392481414215473,
0.000422885610812983,0.000483505504235901),.UNSPECIFIED.);
#468=B_SPLINE_CURVE_WITH_KNOTS('',3,(#3732,#3733,#3734,#3735,#3736,#3737,
#3738),.UNSPECIFIED.,.F.,.F.,(4,3,4),(0.,0.000479607604837735,0.000959215209675469),
 .UNSPECIFIED.);
#469=B_SPLINE_CURVE_WITH_KNOTS('',3,(#3858,#3859,#3860,#3861,#3862,#3863,
#3864,#3865,#3866,#3867,#3868,#3869,#3870,#3871,#3872,#3873,#3874,#3875,
#3876,#3877,#3878,#3879,#3880,#3881,#3882,#3883,#3884,#3885,#3886,#3887,
#3888,#3889,#3890,#3891,#3892,#3893,#3894,#3895,#3896,#3897,#3898,#3899,
#3900,#3901,#3902,#3903,#3904,#3905,#3906),.UNSPECIFIED.,.F.,.F.,(4,3,3,
3,3,3,3,3,3,3,3,3,3,3,3,3,4),(1.0842021724855E-19,6.05512422680875E-5,7.57300560682256E-5,
9.09206062827887E-5,0.000121327428350561,0.000151752608568021,0.000166966079343249,
0.000182176931411226,0.000241472351290165,0.000273290223562565,0.000288450656109188,
0.000303592854196595,0.000355413412909688,0.000378884843060374,0.000393918720169841,
0.00041917905774501,0.000482944702580331),.UNSPECIFIED.);
#470=B_SPLINE_CURVE_WITH_KNOTS('',3,(#3907,#3908,#3909,#3910,#3911,#3912,
#3913),.UNSPECIFIED.,.F.,.F.,(4,3,4),(0.,0.0004792019056024,0.0009584038112048),
 .UNSPECIFIED.);
#471=B_SPLINE_CURVE_WITH_KNOTS('',3,(#3927,#3928,#3929,#3930,#3931,#3932,
#3933),.UNSPECIFIED.,.F.,.F.,(4,1,2,4),(0.,0.000600000000000049,0.00300000000000606,
0.00810127634846094),.UNSPECIFIED.);
#472=B_SPLINE_CURVE_WITH_KNOTS('',3,(#4040,#4041,#4042,#4043,#4044,#4045,
#4046),.UNSPECIFIED.,.F.,.F.,(4,3,4),(0.,0.000479201905602401,0.000958403811204801),
 .UNSPECIFIED.);
#473=B_SPLINE_CURVE_WITH_KNOTS('',3,(#4048,#4049,#4050,#4051,#4052,#4053,
#4054,#4055,#4056,#4057,#4058,#4059,#4060,#4061,#4062,#4063,#4064,#4065,
#4066,#4067,#4068,#4069,#4070,#4071,#4072,#4073,#4074,#4075,#4076,#4077,
#4078,#4079,#4080,#4081,#4082,#4083,#4084,#4085,#4086,#4087,#4088,#4089,
#4090,#4091,#4092,#4093,#4094,#4095,#4096),.UNSPECIFIED.,.F.,.F.,(4,3,3,
3,3,3,3,3,3,3,3,3,3,3,3,3,4),(0.,6.05512422681032E-5,7.57300560682436E-5,
9.0920606282809E-5,0.000121327428350585,0.000151752608568045,0.000166966079343272,
0.000182176931411247,0.000241472351290166,0.000273290223562565,0.000288450656109192,
0.000303592854196602,0.000355413412909687,0.000378884843060376,0.00039391872016984,
0.00041917905774501,0.000482944702580332),.UNSPECIFIED.);
#474=B_SPLINE_CURVE_WITH_KNOTS('',3,(#4218,#4219,#4220,#4221,#4222,#4223,
#4224),.UNSPECIFIED.,.F.,.F.,(4,3,4),(0.,0.000479607604837734,0.000959215209675468),
 .UNSPECIFIED.);
#475=B_SPLINE_CURVE_WITH_KNOTS('',3,(#4225,#4226,#4227,#4228,#4229,#4230,
#4231,#4232,#4233,#4234,#4235,#4236,#4237,#4238,#4239,#4240,#4241,#4242,
#4243,#4244,#4245,#4246,#4247,#4248,#4249,#4250,#4251,#4252,#4253,#4254,
#4255,#4256,#4257,#4258,#4259,#4260,#4261,#4262,#4263,#4264,#4265,#4266,
#4267,#4268,#4269,#4270,#4271,#4272,#4273,#4274,#4275,#4276,#4277,#4278,
#4279),.UNSPECIFIED.,.F.,.F.,(4,3,3,3,3,3,3,3,3,3,3,3,3,3,3,3,3,3,4),(0.,
5.96896157503187E-5,7.4644004939206E-5,8.95879133066505E-5,0.000101469575480195,
0.000119428336860549,0.000136540369639634,0.000149396428568715,0.000164463324136367,
0.000179573617613208,0.00024026611526722,0.000270672092477206,0.000285890263231103,
0.000301115453252647,0.000362039075467752,0.000377263839257919,0.000392481414215487,
0.000422885610812994,0.0004835055042359),.UNSPECIFIED.);
#476=B_SPLINE_CURVE_WITH_KNOTS('',3,(#4294,#4295,#4296,#4297,#4298,#4299,
#4300),.UNSPECIFIED.,.F.,.F.,(4,1,2,4),(0.,0.000600000000000045,0.00300000000000567,
0.00810127634846083),.UNSPECIFIED.);
#477=B_SPLINE_CURVE_WITH_KNOTS('',3,(#4308,#4309,#4310,#4311,#4312,#4313,
#4314,#4315,#4316,#4317,#4318,#4319,#4320,#4321,#4322,#4323,#4324,#4325),
 .UNSPECIFIED.,.F.,.F.,(4,2,2,2,2,2,2,2,4),(-0.66356289939592,-0.622159500884065,
-0.580593278851156,-0.53903882273341,-0.497484366615663,-0.455929910497917,
-0.414375454380171,-0.372809232347261,-0.33147659134749),.UNSPECIFIED.);
#478=B_SPLINE_CURVE_WITH_KNOTS('',3,(#4326,#4327,#4328,#4329,#4330,#4331,
#4332,#4333,#4334,#4335,#4336,#4337,#4338,#4339,#4340,#4341,#4342,#4343,
#4344,#4345,#4346,#4347,#4348),.UNSPECIFIED.,.F.,.F.,(4,2,2,2,2,2,2,2,2,
3,4),(-0.33147659134749,-0.331243010314352,-0.289849433115182,-0.248455855916012,
-0.207038680536594,-0.165621505157176,-0.124204329777758,-0.08278715439834,
-0.04139357719917,0.,0.000162823521055344),.UNSPECIFIED.);
#479=B_SPLINE_CURVE_WITH_KNOTS('',3,(#4366,#4367,#4368,#4369,#4370,#4371,
#4372,#4373,#4374,#4375,#4376,#4377,#4378,#4379,#4380,#4381,#4382),
 .UNSPECIFIED.,.T.,.F.,(4,1,1,1,1,1,1,1,1,1,1,1,1,1,4),(0.,0.0714285714285716,
0.142857142857143,0.214285714285715,0.285714285714286,0.428571428571429,
0.500000000000001,0.571428571428574,0.619047619047617,0.714285714285716,
0.776785714285716,0.857142857142858,0.875000000000001,0.928571428571429,
1.),.UNSPECIFIED.);
#480=B_SPLINE_CURVE_WITH_KNOTS('',3,(#4471,#4472,#4473,#4474,#4475),
 .UNSPECIFIED.,.F.,.F.,(4,1,4),(-1.,-0.5,0.),.UNSPECIFIED.);
#481=B_SPLINE_CURVE_WITH_KNOTS('',3,(#4531,#4532,#4533,#4534,#4535,#4536,
#4537,#4538,#4539,#4540,#4541,#4542),.UNSPECIFIED.,.F.,.F.,(4,2,2,2,2,4),
(0.829347228074151,0.870764403453569,0.912181578832987,0.953575156032157,
0.994968733231327,0.995202314264465),.UNSPECIFIED.);
#482=B_SPLINE_CURVE_WITH_KNOTS('',3,(#4544,#4545,#4546,#4547,#4548,#4549,
#4550,#4551,#4552,#4553),.UNSPECIFIED.,.F.,.F.,(4,2,2,2,4),(0.995202314264465,
1.03653495526424,1.07810117729715,1.11965563341489,1.16121008953264),
 .UNSPECIFIED.);
#483=B_SPLINE_CURVE_WITH_KNOTS('',3,(#4558,#4559,#4560,#4561,#4562,#4563,
#4564,#4565,#4566,#4567),.UNSPECIFIED.,.F.,.F.,(4,2,2,2,4),(1.16121008953264,
1.20276454565038,1.24431900176813,1.28588522380104,1.32728862231289),
 .UNSPECIFIED.);
#484=B_SPLINE_CURVE_WITH_KNOTS('',3,(#4568,#4569,#4570,#4571,#4572,#4573,
#4574,#4575,#4576,#4577,#4578,#4579,#4580),.UNSPECIFIED.,.F.,.F.,(4,3,2,
2,2,4),(0.66356289939592,0.663725722916975,0.705119300116145,0.746512877315315,
0.787930052694733,0.829347228074151),.UNSPECIFIED.);
#485=B_SPLINE_CURVE_WITH_KNOTS('',3,(#4581,#4582,#4583,#4584,#4585,#4586,
#4587),.UNSPECIFIED.,.F.,.F.,(4,1,2,4),(0.,0.000600000000000049,0.00300000000000606,
0.00810127634846094),.UNSPECIFIED.);
#486=VERTEX_POINT('',#1747);
#487=VERTEX_POINT('',#1748);
#488=VERTEX_POINT('',#1751);
#489=VERTEX_POINT('',#1770);
#490=VERTEX_POINT('',#1787);
#491=VERTEX_POINT('',#1893);
#492=VERTEX_POINT('',#1894);
#493=VERTEX_POINT('',#1897);
#494=VERTEX_POINT('',#1916);
#495=VERTEX_POINT('',#1929);
#496=VERTEX_POINT('',#2014);
#497=VERTEX_POINT('',#2015);
#498=VERTEX_POINT('',#2053);
#499=VERTEX_POINT('',#2055);
#500=VERTEX_POINT('',#2080);
#501=VERTEX_POINT('',#2090);
#502=VERTEX_POINT('',#2110);
#503=VERTEX_POINT('',#2154);
#504=VERTEX_POINT('',#2155);
#505=VERTEX_POINT('',#2193);
#506=VERTEX_POINT('',#2200);
#507=VERTEX_POINT('',#2263);
#508=VERTEX_POINT('',#2264);
#509=VERTEX_POINT('',#2266);
#510=VERTEX_POINT('',#2283);
#511=VERTEX_POINT('',#2321);
#512=VERTEX_POINT('',#2341);
#513=VERTEX_POINT('',#2380);
#514=VERTEX_POINT('',#2382);
#515=VERTEX_POINT('',#2383);
#516=VERTEX_POINT('',#2482);
#517=VERTEX_POINT('',#2484);
#518=VERTEX_POINT('',#2509);
#519=VERTEX_POINT('',#2511);
#520=VERTEX_POINT('',#2513);
#521=VERTEX_POINT('',#2515);
#522=VERTEX_POINT('',#2522);
#523=VERTEX_POINT('',#2545);
#524=VERTEX_POINT('',#2552);
#525=VERTEX_POINT('',#2554);
#526=VERTEX_POINT('',#2585);
#527=VERTEX_POINT('',#2599);
#528=VERTEX_POINT('',#2735);
#529=VERTEX_POINT('',#2740);
#530=VERTEX_POINT('',#2836);
#531=VERTEX_POINT('',#2853);
#532=VERTEX_POINT('',#2876);
#533=VERTEX_POINT('',#2877);
#534=VERTEX_POINT('',#2880);
#535=VERTEX_POINT('',#2882);
#536=VERTEX_POINT('',#2885);
#537=VERTEX_POINT('',#3302);
#538=VERTEX_POINT('',#3318);
#539=VERTEX_POINT('',#3335);
#540=VERTEX_POINT('',#3337);
#541=VERTEX_POINT('',#3441);
#542=VERTEX_POINT('',#3442);
#543=VERTEX_POINT('',#3465);
#544=VERTEX_POINT('',#3479);
#545=VERTEX_POINT('',#3516);
#546=VERTEX_POINT('',#3517);
#547=VERTEX_POINT('',#3525);
#548=VERTEX_POINT('',#3526);
#549=VERTEX_POINT('',#3530);
#550=VERTEX_POINT('',#3531);
#551=VERTEX_POINT('',#3535);
#552=VERTEX_POINT('',#3536);
#553=VERTEX_POINT('',#3538);
#554=VERTEX_POINT('',#3540);
#555=VERTEX_POINT('',#3555);
#556=VERTEX_POINT('',#3557);
#557=VERTEX_POINT('',#3567);
#558=VERTEX_POINT('',#3569);
#559=VERTEX_POINT('',#3674);
#560=VERTEX_POINT('',#3675);
#561=VERTEX_POINT('',#3740);
#562=VERTEX_POINT('',#3744);
#563=VERTEX_POINT('',#3745);
#564=VERTEX_POINT('',#3750);
#565=VERTEX_POINT('',#3855);
#566=VERTEX_POINT('',#3856);
#567=VERTEX_POINT('',#4036);
#568=VERTEX_POINT('',#4037);
#569=VERTEX_POINT('',#4039);
#570=VERTEX_POINT('',#4098);
#571=VERTEX_POINT('',#4103);
#572=VERTEX_POINT('',#4104);
#573=VERTEX_POINT('',#4110);
#574=VERTEX_POINT('',#4215);
#575=VERTEX_POINT('',#4216);
#576=VERTEX_POINT('',#4303);
#577=VERTEX_POINT('',#4305);
#578=VERTEX_POINT('',#4307);
#579=VERTEX_POINT('',#4350);
#580=VERTEX_POINT('',#4352);
#581=VERTEX_POINT('',#4354);
#582=VERTEX_POINT('',#4358);
#583=VERTEX_POINT('',#4361);
#584=VERTEX_POINT('',#4365);
#585=VERTEX_POINT('',#4516);
#586=VERTEX_POINT('',#4521);
#587=VERTEX_POINT('',#4525);
#588=VERTEX_POINT('',#4528);
#589=VERTEX_POINT('',#4530);
#590=VERTEX_POINT('',#4543);
#591=VERTEX_POINT('',#4554);
#592=VERTEX_POINT('',#4557);
#593=VERTEX_POINT('',#4808);
#594=VERTEX_POINT('',#5286);
#595=VERTEX_POINT('',#5290);
#596=VERTEX_POINT('',#5292);
#597=VERTEX_POINT('',#5296);
#598=VERTEX_POINT('',#5297);
#599=EDGE_CURVE('',#486,#487,#418,.T.);
#600=EDGE_CURVE('',#488,#486,#419,.T.);
#601=EDGE_CURVE('',#489,#488,#420,.T.);
#602=EDGE_CURVE('',#489,#490,#421,.T.);
#603=EDGE_CURVE('',#487,#490,#422,.T.);
#604=EDGE_CURVE('',#491,#492,#423,.T.);
#605=EDGE_CURVE('',#493,#491,#424,.T.);
#606=EDGE_CURVE('',#494,#493,#425,.T.);
#607=EDGE_CURVE('',#494,#495,#426,.T.);
#608=EDGE_CURVE('',#492,#495,#427,.T.);
#609=EDGE_CURVE('',#496,#497,#428,.T.);
#610=EDGE_CURVE('',#498,#496,#163,.T.);
#611=EDGE_CURVE('',#499,#498,#429,.T.);
#612=EDGE_CURVE('',#499,#497,#164,.T.);
#613=EDGE_CURVE('',#500,#500,#88,.T.);
#614=EDGE_CURVE('',#490,#487,#430,.T.);
#615=EDGE_CURVE('',#497,#501,#431,.T.);
#616=EDGE_CURVE('',#501,#502,#432,.T.);
#617=EDGE_CURVE('',#502,#496,#433,.T.);
#618=EDGE_CURVE('',#503,#504,#434,.T.);
#619=EDGE_CURVE('',#504,#505,#435,.T.);
#620=EDGE_CURVE('',#505,#506,#436,.T.);
#621=EDGE_CURVE('',#506,#503,#437,.T.);
#622=EDGE_CURVE('',#495,#492,#438,.T.);
#623=EDGE_CURVE('',#507,#508,#89,.T.);
#624=EDGE_CURVE('',#508,#509,#439,.T.);
#625=EDGE_CURVE('',#509,#510,#440,.T.);
#626=EDGE_CURVE('',#510,#511,#441,.T.);
#627=EDGE_CURVE('',#511,#512,#90,.T.);
#628=EDGE_CURVE('',#512,#507,#442,.T.);
#629=EDGE_CURVE('',#513,#513,#91,.T.);
#630=EDGE_CURVE('',#514,#515,#443,.T.);
#631=EDGE_CURVE('',#515,#514,#444,.T.);
#632=EDGE_CURVE('',#515,#516,#165,.T.);
#633=EDGE_CURVE('',#517,#516,#445,.T.);
#634=EDGE_CURVE('',#514,#517,#166,.T.);
#635=EDGE_CURVE('',#517,#518,#167,.T.);
#636=EDGE_CURVE('',#518,#519,#59,.T.);
#637=EDGE_CURVE('',#519,#520,#168,.T.);
#638=EDGE_CURVE('',#520,#521,#446,.T.);
#639=EDGE_CURVE('',#521,#522,#447,.T.);
#640=EDGE_CURVE('',#522,#523,#448,.T.);
#641=EDGE_CURVE('',#523,#524,#169,.T.);
#642=EDGE_CURVE('',#524,#525,#60,.F.);
#643=EDGE_CURVE('',#525,#516,#170,.T.);
#644=EDGE_CURVE('',#516,#517,#449,.T.);
#645=EDGE_CURVE('',#486,#489,#450,.T.);
#646=EDGE_CURVE('',#498,#526,#451,.T.);
#647=EDGE_CURVE('',#526,#527,#452,.T.);
#648=EDGE_CURVE('',#527,#499,#453,.T.);
#649=EDGE_CURVE('',#527,#501,#171,.T.);
#650=EDGE_CURVE('',#526,#502,#172,.T.);
#651=EDGE_CURVE('',#508,#523,#173,.T.);
#652=EDGE_CURVE('',#522,#509,#174,.T.);
#653=EDGE_CURVE('',#528,#507,#175,.T.);
#654=EDGE_CURVE('',#523,#528,#61,.T.);
#655=EDGE_CURVE('',#511,#520,#176,.T.);
#656=EDGE_CURVE('',#529,#520,#62,.F.);
#657=EDGE_CURVE('',#529,#512,#177,.T.);
#658=EDGE_CURVE('',#521,#510,#178,.T.);
#659=EDGE_CURVE('',#530,#530,#454,.T.);
#660=EDGE_CURVE('',#530,#531,#455,.T.);
#661=EDGE_CURVE('',#531,#531,#456,.T.);
#662=EDGE_CURVE('',#532,#533,#63,.F.);
#663=EDGE_CURVE('',#533,#532,#64,.F.);
#664=EDGE_CURVE('',#532,#534,#179,.T.);
#665=EDGE_CURVE('',#535,#534,#92,.T.);
#666=EDGE_CURVE('',#534,#535,#93,.T.);
#667=EDGE_CURVE('',#536,#536,#457,.T.);
#668=EDGE_CURVE('',#533,#525,#65,.F.);
#669=EDGE_CURVE('',#524,#532,#66,.T.);
#670=EDGE_CURVE('',#525,#524,#67,.F.);
#671=EDGE_CURVE('',#537,#518,#458,.F.);
#672=EDGE_CURVE('',#519,#518,#68,.T.);
#673=EDGE_CURVE('',#519,#538,#459,.T.);
#674=EDGE_CURVE('',#537,#538,#69,.T.);
#675=EDGE_CURVE('',#500,#539,#94,.T.);
#676=EDGE_CURVE('',#540,#539,#95,.F.);
#677=EDGE_CURVE('',#539,#540,#96,.F.);
#678=EDGE_CURVE('',#491,#494,#460,.T.);
#679=EDGE_CURVE('',#528,#529,#461,.T.);
#680=EDGE_CURVE('',#541,#542,#462,.T.);
#681=EDGE_CURVE('',#542,#543,#463,.T.);
#682=EDGE_CURVE('',#543,#544,#464,.T.);
#683=EDGE_CURVE('',#544,#541,#465,.T.);
#684=EDGE_CURVE('',#545,#546,#97,.T.);
#685=EDGE_CURVE('',#546,#545,#98,.T.);
#686=EDGE_CURVE('',#546,#513,#180,.T.);
#687=EDGE_CURVE('',#538,#537,#70,.T.);
#688=EDGE_CURVE('',#538,#540,#181,.T.);
#689=EDGE_CURVE('',#547,#548,#182,.F.);
#690=EDGE_CURVE('',#548,#547,#99,.T.);
#691=EDGE_CURVE('',#549,#550,#183,.F.);
#692=EDGE_CURVE('',#550,#549,#100,.T.);
#693=EDGE_CURVE('',#551,#552,#184,.T.);
#694=EDGE_CURVE('',#552,#553,#185,.T.);
#695=EDGE_CURVE('',#553,#554,#186,.T.);
#696=EDGE_CURVE('',#554,#551,#187,.T.);
#697=EDGE_CURVE('',#555,#551,#101,.T.);
#698=EDGE_CURVE('',#556,#554,#102,.T.);
#699=EDGE_CURVE('',#555,#556,#466,.T.);
#700=EDGE_CURVE('',#549,#557,#103,.F.);
#701=EDGE_CURVE('',#549,#558,#104,.T.);
#702=EDGE_CURVE('',#557,#558,#105,.T.);
#703=EDGE_CURVE('',#559,#560,#106,.T.);
#704=EDGE_CURVE('',#551,#560,#467,.T.);
#705=EDGE_CURVE('',#559,#555,#468,.T.);
#706=EDGE_CURVE('',#550,#561,#107,.T.);
#707=EDGE_CURVE('',#558,#561,#108,.T.);
#708=EDGE_CURVE('',#562,#563,#109,.T.);
#709=EDGE_CURVE('',#560,#563,#110,.T.);
#710=EDGE_CURVE('',#562,#559,#111,.T.);
#711=EDGE_CURVE('',#564,#550,#112,.T.);
#712=EDGE_CURVE('',#564,#561,#113,.T.);
#713=EDGE_CURVE('',#565,#566,#114,.T.);
#714=EDGE_CURVE('',#563,#566,#469,.T.);
#715=EDGE_CURVE('',#565,#562,#470,.T.);
#716=EDGE_CURVE('',#566,#564,#188,.T.);
#717=EDGE_CURVE('',#561,#565,#471,.T.);
#718=EDGE_CURVE('',#567,#568,#115,.T.);
#719=EDGE_CURVE('',#569,#568,#472,.T.);
#720=EDGE_CURVE('',#552,#569,#116,.T.);
#721=EDGE_CURVE('',#567,#552,#473,.T.);
#722=EDGE_CURVE('',#570,#548,#117,.T.);
#723=EDGE_CURVE('',#553,#548,#118,.T.);
#724=EDGE_CURVE('',#570,#553,#119,.T.);
#725=EDGE_CURVE('',#571,#572,#120,.T.);
#726=EDGE_CURVE('',#568,#572,#121,.T.);
#727=EDGE_CURVE('',#571,#567,#122,.T.);
#728=EDGE_CURVE('',#556,#547,#123,.T.);
#729=EDGE_CURVE('',#573,#570,#124,.T.);
#730=EDGE_CURVE('',#556,#573,#125,.T.);
#731=EDGE_CURVE('',#574,#575,#126,.T.);
#732=EDGE_CURVE('',#572,#575,#474,.T.);
#733=EDGE_CURVE('',#574,#571,#475,.T.);
#734=EDGE_CURVE('',#547,#554,#127,.F.);
#735=EDGE_CURVE('',#575,#558,#476,.T.);
#736=EDGE_CURVE('',#557,#574,#189,.T.);
#737=EDGE_CURVE('',#576,#576,#128,.T.);
#738=EDGE_CURVE('',#576,#577,#190,.T.);
#739=EDGE_CURVE('',#578,#577,#477,.T.);
#740=EDGE_CURVE('',#577,#578,#478,.T.);
#741=EDGE_CURVE('',#579,#579,#129,.T.);
#742=EDGE_CURVE('',#579,#580,#130,.T.);
#743=EDGE_CURVE('',#580,#581,#131,.T.);
#744=EDGE_CURVE('',#581,#580,#132,.T.);
#745=EDGE_CURVE('',#582,#582,#133,.T.);
#746=EDGE_CURVE('',#582,#583,#134,.T.);
#747=EDGE_CURVE('',#583,#583,#135,.T.);
#748=EDGE_CURVE('',#584,#584,#479,.T.);
#749=EDGE_CURVE('',#584,#579,#191,.T.);
#750=EDGE_CURVE('',#581,#583,#192,.T.);
#751=EDGE_CURVE('',#584,#536,#480,.T.);
#752=EDGE_CURVE('',#564,#557,#193,.T.);
#753=EDGE_CURVE('',#574,#566,#194,.F.);
#754=EDGE_CURVE('',#535,#585,#136,.T.);
#755=EDGE_CURVE('',#585,#585,#137,.T.);
#756=EDGE_CURVE('',#586,#586,#138,.T.);
#757=EDGE_CURVE('',#586,#545,#139,.T.);
#758=EDGE_CURVE('',#587,#587,#140,.F.);
#759=EDGE_CURVE('',#573,#588,#195,.T.);
#760=EDGE_CURVE('',#588,#589,#481,.T.);
#761=EDGE_CURVE('',#589,#590,#482,.T.);
#762=EDGE_CURVE('',#590,#591,#196,.T.);
#763=EDGE_CURVE('',#591,#591,#141,.T.);
#764=EDGE_CURVE('',#590,#592,#483,.T.);
#765=EDGE_CURVE('',#592,#588,#484,.T.);
#766=EDGE_CURVE('',#570,#569,#485,.T.);
#767=EDGE_CURVE('',#563,#571,#197,.T.);
#768=EDGE_CURVE('',#567,#560,#198,.F.);
#769=EDGE_CURVE('',#591,#587,#142,.T.);
#770=EDGE_CURVE('',#589,#593,#199,.T.);
#771=EDGE_CURVE('',#593,#593,#143,.T.);
#772=EDGE_CURVE('',#541,#504,#200,.T.);
#773=EDGE_CURVE('',#544,#505,#201,.T.);
#774=EDGE_CURVE('',#542,#503,#202,.T.);
#775=EDGE_CURVE('',#543,#506,#203,.T.);
#776=EDGE_CURVE('',#594,#594,#144,.T.);
#777=EDGE_CURVE('',#594,#530,#204,.T.);
#778=EDGE_CURVE('',#595,#595,#145,.T.);
#779=EDGE_CURVE('',#595,#596,#146,.T.);
#780=EDGE_CURVE('',#596,#596,#147,.T.);
#781=EDGE_CURVE('',#597,#598,#148,.T.);
#782=EDGE_CURVE('',#598,#594,#149,.T.);
#783=EDGE_CURVE('',#598,#597,#150,.T.);
#784=EDGE_CURVE('',#597,#595,#205,.T.);
#785=ORIENTED_EDGE('',*,*,#599,.F.);
#786=ORIENTED_EDGE('',*,*,#600,.F.);
#787=ORIENTED_EDGE('',*,*,#601,.F.);
#788=ORIENTED_EDGE('',*,*,#602,.T.);
#789=ORIENTED_EDGE('',*,*,#603,.F.);
#790=ORIENTED_EDGE('',*,*,#604,.F.);
#791=ORIENTED_EDGE('',*,*,#605,.F.);
#792=ORIENTED_EDGE('',*,*,#606,.F.);
#793=ORIENTED_EDGE('',*,*,#607,.T.);
#794=ORIENTED_EDGE('',*,*,#608,.F.);
#795=ORIENTED_EDGE('',*,*,#609,.F.);
#796=ORIENTED_EDGE('',*,*,#610,.F.);
#797=ORIENTED_EDGE('',*,*,#611,.F.);
#798=ORIENTED_EDGE('',*,*,#612,.T.);
#799=ORIENTED_EDGE('',*,*,#613,.T.);
#800=ORIENTED_EDGE('',*,*,#614,.T.);
#801=ORIENTED_EDGE('',*,*,#603,.T.);
#802=ORIENTED_EDGE('',*,*,#609,.T.);
#803=ORIENTED_EDGE('',*,*,#615,.T.);
#804=ORIENTED_EDGE('',*,*,#616,.T.);
#805=ORIENTED_EDGE('',*,*,#617,.T.);
#806=ORIENTED_EDGE('',*,*,#618,.T.);
#807=ORIENTED_EDGE('',*,*,#619,.T.);
#808=ORIENTED_EDGE('',*,*,#620,.T.);
#809=ORIENTED_EDGE('',*,*,#621,.T.);
#810=ORIENTED_EDGE('',*,*,#622,.T.);
#811=ORIENTED_EDGE('',*,*,#608,.T.);
#812=ORIENTED_EDGE('',*,*,#623,.T.);
#813=ORIENTED_EDGE('',*,*,#624,.T.);
#814=ORIENTED_EDGE('',*,*,#625,.T.);
#815=ORIENTED_EDGE('',*,*,#626,.T.);
#816=ORIENTED_EDGE('',*,*,#627,.T.);
#817=ORIENTED_EDGE('',*,*,#628,.T.);
#818=ORIENTED_EDGE('',*,*,#629,.T.);
#819=ORIENTED_EDGE('',*,*,#630,.T.);
#820=ORIENTED_EDGE('',*,*,#631,.T.);
#821=ORIENTED_EDGE('',*,*,#631,.F.);
#822=ORIENTED_EDGE('',*,*,#632,.T.);
#823=ORIENTED_EDGE('',*,*,#633,.F.);
#824=ORIENTED_EDGE('',*,*,#634,.F.);
#825=ORIENTED_EDGE('',*,*,#635,.T.);
#826=ORIENTED_EDGE('',*,*,#636,.T.);
#827=ORIENTED_EDGE('',*,*,#637,.T.);
#828=ORIENTED_EDGE('',*,*,#638,.T.);
#829=ORIENTED_EDGE('',*,*,#639,.T.);
#830=ORIENTED_EDGE('',*,*,#640,.T.);
#831=ORIENTED_EDGE('',*,*,#641,.T.);
#832=ORIENTED_EDGE('',*,*,#642,.T.);
#833=ORIENTED_EDGE('',*,*,#643,.T.);
#834=ORIENTED_EDGE('',*,*,#644,.T.);
#835=ORIENTED_EDGE('',*,*,#600,.T.);
#836=ORIENTED_EDGE('',*,*,#645,.T.);
#837=ORIENTED_EDGE('',*,*,#601,.T.);
#838=ORIENTED_EDGE('',*,*,#611,.T.);
#839=ORIENTED_EDGE('',*,*,#646,.T.);
#840=ORIENTED_EDGE('',*,*,#647,.T.);
#841=ORIENTED_EDGE('',*,*,#648,.T.);
#842=ORIENTED_EDGE('',*,*,#616,.F.);
#843=ORIENTED_EDGE('',*,*,#649,.F.);
#844=ORIENTED_EDGE('',*,*,#647,.F.);
#845=ORIENTED_EDGE('',*,*,#650,.T.);
#846=ORIENTED_EDGE('',*,*,#615,.F.);
#847=ORIENTED_EDGE('',*,*,#612,.F.);
#848=ORIENTED_EDGE('',*,*,#648,.F.);
#849=ORIENTED_EDGE('',*,*,#649,.T.);
#850=ORIENTED_EDGE('',*,*,#624,.F.);
#851=ORIENTED_EDGE('',*,*,#651,.T.);
#852=ORIENTED_EDGE('',*,*,#640,.F.);
#853=ORIENTED_EDGE('',*,*,#652,.T.);
#854=ORIENTED_EDGE('',*,*,#651,.F.);
#855=ORIENTED_EDGE('',*,*,#623,.F.);
#856=ORIENTED_EDGE('',*,*,#653,.F.);
#857=ORIENTED_EDGE('',*,*,#654,.F.);
#858=ORIENTED_EDGE('',*,*,#627,.F.);
#859=ORIENTED_EDGE('',*,*,#655,.T.);
#860=ORIENTED_EDGE('',*,*,#656,.F.);
#861=ORIENTED_EDGE('',*,*,#657,.T.);
#862=ORIENTED_EDGE('',*,*,#655,.F.);
#863=ORIENTED_EDGE('',*,*,#626,.F.);
#864=ORIENTED_EDGE('',*,*,#658,.F.);
#865=ORIENTED_EDGE('',*,*,#638,.F.);
#866=ORIENTED_EDGE('',*,*,#659,.T.);
#867=ORIENTED_EDGE('',*,*,#660,.T.);
#868=ORIENTED_EDGE('',*,*,#661,.T.);
#869=ORIENTED_EDGE('',*,*,#660,.F.);
#870=ORIENTED_EDGE('',*,*,#662,.T.);
#871=ORIENTED_EDGE('',*,*,#663,.T.);
#872=ORIENTED_EDGE('',*,*,#664,.T.);
#873=ORIENTED_EDGE('',*,*,#665,.F.);
#874=ORIENTED_EDGE('',*,*,#666,.F.);
#875=ORIENTED_EDGE('',*,*,#664,.F.);
#876=ORIENTED_EDGE('',*,*,#661,.F.);
#877=ORIENTED_EDGE('',*,*,#667,.F.);
#878=ORIENTED_EDGE('',*,*,#668,.F.);
#879=ORIENTED_EDGE('',*,*,#662,.F.);
#880=ORIENTED_EDGE('',*,*,#669,.F.);
#881=ORIENTED_EDGE('',*,*,#670,.F.);
#882=ORIENTED_EDGE('',*,*,#671,.T.);
#883=ORIENTED_EDGE('',*,*,#672,.F.);
#884=ORIENTED_EDGE('',*,*,#673,.T.);
#885=ORIENTED_EDGE('',*,*,#674,.F.);
#886=ORIENTED_EDGE('',*,*,#613,.F.);
#887=ORIENTED_EDGE('',*,*,#675,.T.);
#888=ORIENTED_EDGE('',*,*,#676,.F.);
#889=ORIENTED_EDGE('',*,*,#677,.F.);
#890=ORIENTED_EDGE('',*,*,#675,.F.);
#891=ORIENTED_EDGE('',*,*,#604,.T.);
#892=ORIENTED_EDGE('',*,*,#622,.F.);
#893=ORIENTED_EDGE('',*,*,#607,.F.);
#894=ORIENTED_EDGE('',*,*,#678,.F.);
#895=ORIENTED_EDGE('',*,*,#637,.F.);
#896=ORIENTED_EDGE('',*,*,#672,.T.);
#897=ORIENTED_EDGE('',*,*,#635,.F.);
#898=ORIENTED_EDGE('',*,*,#633,.T.);
#899=ORIENTED_EDGE('',*,*,#643,.F.);
#900=ORIENTED_EDGE('',*,*,#670,.T.);
#901=ORIENTED_EDGE('',*,*,#641,.F.);
#902=ORIENTED_EDGE('',*,*,#654,.T.);
#903=ORIENTED_EDGE('',*,*,#679,.T.);
#904=ORIENTED_EDGE('',*,*,#656,.T.);
#905=ORIENTED_EDGE('',*,*,#680,.T.);
#906=ORIENTED_EDGE('',*,*,#681,.T.);
#907=ORIENTED_EDGE('',*,*,#682,.T.);
#908=ORIENTED_EDGE('',*,*,#683,.T.);
#909=ORIENTED_EDGE('',*,*,#605,.T.);
#910=ORIENTED_EDGE('',*,*,#678,.T.);
#911=ORIENTED_EDGE('',*,*,#606,.T.);
#912=ORIENTED_EDGE('',*,*,#684,.F.);
#913=ORIENTED_EDGE('',*,*,#685,.F.);
#914=ORIENTED_EDGE('',*,*,#686,.T.);
#915=ORIENTED_EDGE('',*,*,#629,.F.);
#916=ORIENTED_EDGE('',*,*,#686,.F.);
#917=ORIENTED_EDGE('',*,*,#687,.T.);
#918=ORIENTED_EDGE('',*,*,#674,.T.);
#919=ORIENTED_EDGE('',*,*,#688,.T.);
#920=ORIENTED_EDGE('',*,*,#676,.T.);
#921=ORIENTED_EDGE('',*,*,#677,.T.);
#922=ORIENTED_EDGE('',*,*,#688,.F.);
#923=ORIENTED_EDGE('',*,*,#689,.T.);
#924=ORIENTED_EDGE('',*,*,#690,.T.);
#925=ORIENTED_EDGE('',*,*,#691,.T.);
#926=ORIENTED_EDGE('',*,*,#692,.T.);
#927=ORIENTED_EDGE('',*,*,#693,.T.);
#928=ORIENTED_EDGE('',*,*,#694,.T.);
#929=ORIENTED_EDGE('',*,*,#695,.T.);
#930=ORIENTED_EDGE('',*,*,#696,.T.);
#931=ORIENTED_EDGE('',*,*,#697,.T.);
#932=ORIENTED_EDGE('',*,*,#696,.F.);
#933=ORIENTED_EDGE('',*,*,#698,.F.);
#934=ORIENTED_EDGE('',*,*,#699,.F.);
#935=ORIENTED_EDGE('',*,*,#700,.F.);
#936=ORIENTED_EDGE('',*,*,#701,.T.);
#937=ORIENTED_EDGE('',*,*,#702,.F.);
#938=ORIENTED_EDGE('',*,*,#703,.T.);
#939=ORIENTED_EDGE('',*,*,#704,.F.);
#940=ORIENTED_EDGE('',*,*,#697,.F.);
#941=ORIENTED_EDGE('',*,*,#705,.F.);
#942=ORIENTED_EDGE('',*,*,#706,.T.);
#943=ORIENTED_EDGE('',*,*,#707,.F.);
#944=ORIENTED_EDGE('',*,*,#701,.F.);
#945=ORIENTED_EDGE('',*,*,#692,.F.);
#946=ORIENTED_EDGE('',*,*,#708,.T.);
#947=ORIENTED_EDGE('',*,*,#709,.F.);
#948=ORIENTED_EDGE('',*,*,#703,.F.);
#949=ORIENTED_EDGE('',*,*,#710,.F.);
#950=ORIENTED_EDGE('',*,*,#711,.F.);
#951=ORIENTED_EDGE('',*,*,#712,.T.);
#952=ORIENTED_EDGE('',*,*,#706,.F.);
#953=ORIENTED_EDGE('',*,*,#713,.T.);
#954=ORIENTED_EDGE('',*,*,#714,.F.);
#955=ORIENTED_EDGE('',*,*,#708,.F.);
#956=ORIENTED_EDGE('',*,*,#715,.F.);
#957=ORIENTED_EDGE('',*,*,#712,.F.);
#958=ORIENTED_EDGE('',*,*,#716,.F.);
#959=ORIENTED_EDGE('',*,*,#713,.F.);
#960=ORIENTED_EDGE('',*,*,#717,.F.);
#961=ORIENTED_EDGE('',*,*,#718,.T.);
#962=ORIENTED_EDGE('',*,*,#719,.F.);
#963=ORIENTED_EDGE('',*,*,#720,.F.);
#964=ORIENTED_EDGE('',*,*,#721,.F.);
#965=ORIENTED_EDGE('',*,*,#722,.T.);
#966=ORIENTED_EDGE('',*,*,#723,.F.);
#967=ORIENTED_EDGE('',*,*,#724,.F.);
#968=ORIENTED_EDGE('',*,*,#725,.T.);
#969=ORIENTED_EDGE('',*,*,#726,.F.);
#970=ORIENTED_EDGE('',*,*,#718,.F.);
#971=ORIENTED_EDGE('',*,*,#727,.F.);
#972=ORIENTED_EDGE('',*,*,#728,.T.);
#973=ORIENTED_EDGE('',*,*,#690,.F.);
#974=ORIENTED_EDGE('',*,*,#722,.F.);
#975=ORIENTED_EDGE('',*,*,#729,.F.);
#976=ORIENTED_EDGE('',*,*,#730,.F.);
#977=ORIENTED_EDGE('',*,*,#731,.T.);
#978=ORIENTED_EDGE('',*,*,#732,.F.);
#979=ORIENTED_EDGE('',*,*,#725,.F.);
#980=ORIENTED_EDGE('',*,*,#733,.F.);
#981=ORIENTED_EDGE('',*,*,#698,.T.);
#982=ORIENTED_EDGE('',*,*,#734,.F.);
#983=ORIENTED_EDGE('',*,*,#728,.F.);
#984=ORIENTED_EDGE('',*,*,#702,.T.);
#985=ORIENTED_EDGE('',*,*,#735,.F.);
#986=ORIENTED_EDGE('',*,*,#731,.F.);
#987=ORIENTED_EDGE('',*,*,#736,.F.);
#988=ORIENTED_EDGE('',*,*,#737,.F.);
#989=ORIENTED_EDGE('',*,*,#738,.T.);
#990=ORIENTED_EDGE('',*,*,#739,.F.);
#991=ORIENTED_EDGE('',*,*,#740,.F.);
#992=ORIENTED_EDGE('',*,*,#738,.F.);
#993=ORIENTED_EDGE('',*,*,#741,.T.);
#994=ORIENTED_EDGE('',*,*,#742,.T.);
#995=ORIENTED_EDGE('',*,*,#743,.T.);
#996=ORIENTED_EDGE('',*,*,#744,.T.);
#997=ORIENTED_EDGE('',*,*,#742,.F.);
#998=ORIENTED_EDGE('',*,*,#745,.F.);
#999=ORIENTED_EDGE('',*,*,#737,.T.);
#1000=ORIENTED_EDGE('',*,*,#745,.T.);
#1001=ORIENTED_EDGE('',*,*,#746,.T.);
#1002=ORIENTED_EDGE('',*,*,#747,.T.);
#1003=ORIENTED_EDGE('',*,*,#746,.F.);
#1004=ORIENTED_EDGE('',*,*,#748,.F.);
#1005=ORIENTED_EDGE('',*,*,#749,.T.);
#1006=ORIENTED_EDGE('',*,*,#741,.F.);
#1007=ORIENTED_EDGE('',*,*,#749,.F.);
#1008=ORIENTED_EDGE('',*,*,#743,.F.);
#1009=ORIENTED_EDGE('',*,*,#744,.F.);
#1010=ORIENTED_EDGE('',*,*,#750,.T.);
#1011=ORIENTED_EDGE('',*,*,#747,.F.);
#1012=ORIENTED_EDGE('',*,*,#750,.F.);
#1013=ORIENTED_EDGE('',*,*,#748,.T.);
#1014=ORIENTED_EDGE('',*,*,#751,.T.);
#1015=ORIENTED_EDGE('',*,*,#667,.T.);
#1016=ORIENTED_EDGE('',*,*,#751,.F.);
#1017=ORIENTED_EDGE('',*,*,#752,.T.);
#1018=ORIENTED_EDGE('',*,*,#736,.T.);
#1019=ORIENTED_EDGE('',*,*,#753,.T.);
#1020=ORIENTED_EDGE('',*,*,#716,.T.);
#1021=ORIENTED_EDGE('',*,*,#632,.F.);
#1022=ORIENTED_EDGE('',*,*,#630,.F.);
#1023=ORIENTED_EDGE('',*,*,#634,.T.);
#1024=ORIENTED_EDGE('',*,*,#644,.F.);
#1025=ORIENTED_EDGE('',*,*,#666,.T.);
#1026=ORIENTED_EDGE('',*,*,#754,.T.);
#1027=ORIENTED_EDGE('',*,*,#755,.T.);
#1028=ORIENTED_EDGE('',*,*,#754,.F.);
#1029=ORIENTED_EDGE('',*,*,#665,.T.);
#1030=ORIENTED_EDGE('',*,*,#755,.F.);
#1031=ORIENTED_EDGE('',*,*,#756,.T.);
#1032=ORIENTED_EDGE('',*,*,#757,.T.);
#1033=ORIENTED_EDGE('',*,*,#684,.T.);
#1034=ORIENTED_EDGE('',*,*,#685,.T.);
#1035=ORIENTED_EDGE('',*,*,#757,.F.);
#1036=ORIENTED_EDGE('',*,*,#756,.F.);
#1037=ORIENTED_EDGE('',*,*,#758,.T.);
#1038=ORIENTED_EDGE('',*,*,#730,.T.);
#1039=ORIENTED_EDGE('',*,*,#759,.T.);
#1040=ORIENTED_EDGE('',*,*,#760,.T.);
#1041=ORIENTED_EDGE('',*,*,#761,.T.);
#1042=ORIENTED_EDGE('',*,*,#762,.T.);
#1043=ORIENTED_EDGE('',*,*,#763,.T.);
#1044=ORIENTED_EDGE('',*,*,#762,.F.);
#1045=ORIENTED_EDGE('',*,*,#764,.T.);
#1046=ORIENTED_EDGE('',*,*,#765,.T.);
#1047=ORIENTED_EDGE('',*,*,#759,.F.);
#1048=ORIENTED_EDGE('',*,*,#729,.T.);
#1049=ORIENTED_EDGE('',*,*,#766,.T.);
#1050=ORIENTED_EDGE('',*,*,#719,.T.);
#1051=ORIENTED_EDGE('',*,*,#726,.T.);
#1052=ORIENTED_EDGE('',*,*,#732,.T.);
#1053=ORIENTED_EDGE('',*,*,#735,.T.);
#1054=ORIENTED_EDGE('',*,*,#707,.T.);
#1055=ORIENTED_EDGE('',*,*,#717,.T.);
#1056=ORIENTED_EDGE('',*,*,#715,.T.);
#1057=ORIENTED_EDGE('',*,*,#710,.T.);
#1058=ORIENTED_EDGE('',*,*,#705,.T.);
#1059=ORIENTED_EDGE('',*,*,#699,.T.);
#1060=ORIENTED_EDGE('',*,*,#739,.T.);
#1061=ORIENTED_EDGE('',*,*,#740,.T.);
#1062=ORIENTED_EDGE('',*,*,#767,.T.);
#1063=ORIENTED_EDGE('',*,*,#727,.T.);
#1064=ORIENTED_EDGE('',*,*,#768,.T.);
#1065=ORIENTED_EDGE('',*,*,#709,.T.);
#1066=ORIENTED_EDGE('',*,*,#673,.F.);
#1067=ORIENTED_EDGE('',*,*,#636,.F.);
#1068=ORIENTED_EDGE('',*,*,#671,.F.);
#1069=ORIENTED_EDGE('',*,*,#687,.F.);
#1070=ORIENTED_EDGE('',*,*,#691,.F.);
#1071=ORIENTED_EDGE('',*,*,#700,.T.);
#1072=ORIENTED_EDGE('',*,*,#752,.F.);
#1073=ORIENTED_EDGE('',*,*,#711,.T.);
#1074=ORIENTED_EDGE('',*,*,#695,.F.);
#1075=ORIENTED_EDGE('',*,*,#723,.T.);
#1076=ORIENTED_EDGE('',*,*,#689,.F.);
#1077=ORIENTED_EDGE('',*,*,#734,.T.);
#1078=ORIENTED_EDGE('',*,*,#768,.F.);
#1079=ORIENTED_EDGE('',*,*,#721,.T.);
#1080=ORIENTED_EDGE('',*,*,#693,.F.);
#1081=ORIENTED_EDGE('',*,*,#704,.T.);
#1082=ORIENTED_EDGE('',*,*,#753,.F.);
#1083=ORIENTED_EDGE('',*,*,#733,.T.);
#1084=ORIENTED_EDGE('',*,*,#767,.F.);
#1085=ORIENTED_EDGE('',*,*,#714,.T.);
#1086=ORIENTED_EDGE('',*,*,#724,.T.);
#1087=ORIENTED_EDGE('',*,*,#694,.F.);
#1088=ORIENTED_EDGE('',*,*,#720,.T.);
#1089=ORIENTED_EDGE('',*,*,#766,.F.);
#1090=ORIENTED_EDGE('',*,*,#763,.F.);
#1091=ORIENTED_EDGE('',*,*,#769,.T.);
#1092=ORIENTED_EDGE('',*,*,#758,.F.);
#1093=ORIENTED_EDGE('',*,*,#769,.F.);
#1094=ORIENTED_EDGE('',*,*,#765,.F.);
#1095=ORIENTED_EDGE('',*,*,#764,.F.);
#1096=ORIENTED_EDGE('',*,*,#761,.F.);
#1097=ORIENTED_EDGE('',*,*,#770,.T.);
#1098=ORIENTED_EDGE('',*,*,#771,.F.);
#1099=ORIENTED_EDGE('',*,*,#770,.F.);
#1100=ORIENTED_EDGE('',*,*,#760,.F.);
#1101=ORIENTED_EDGE('',*,*,#619,.F.);
#1102=ORIENTED_EDGE('',*,*,#772,.F.);
#1103=ORIENTED_EDGE('',*,*,#683,.F.);
#1104=ORIENTED_EDGE('',*,*,#773,.T.);
#1105=ORIENTED_EDGE('',*,*,#618,.F.);
#1106=ORIENTED_EDGE('',*,*,#774,.F.);
#1107=ORIENTED_EDGE('',*,*,#680,.F.);
#1108=ORIENTED_EDGE('',*,*,#772,.T.);
#1109=ORIENTED_EDGE('',*,*,#621,.F.);
#1110=ORIENTED_EDGE('',*,*,#775,.F.);
#1111=ORIENTED_EDGE('',*,*,#681,.F.);
#1112=ORIENTED_EDGE('',*,*,#774,.T.);
#1113=ORIENTED_EDGE('',*,*,#620,.F.);
#1114=ORIENTED_EDGE('',*,*,#773,.F.);
#1115=ORIENTED_EDGE('',*,*,#682,.F.);
#1116=ORIENTED_EDGE('',*,*,#775,.T.);
#1117=ORIENTED_EDGE('',*,*,#599,.T.);
#1118=ORIENTED_EDGE('',*,*,#614,.F.);
#1119=ORIENTED_EDGE('',*,*,#602,.F.);
#1120=ORIENTED_EDGE('',*,*,#645,.F.);
#1121=ORIENTED_EDGE('',*,*,#617,.F.);
#1122=ORIENTED_EDGE('',*,*,#650,.F.);
#1123=ORIENTED_EDGE('',*,*,#646,.F.);
#1124=ORIENTED_EDGE('',*,*,#610,.T.);
#1125=ORIENTED_EDGE('',*,*,#625,.F.);
#1126=ORIENTED_EDGE('',*,*,#652,.F.);
#1127=ORIENTED_EDGE('',*,*,#639,.F.);
#1128=ORIENTED_EDGE('',*,*,#658,.T.);
#1129=ORIENTED_EDGE('',*,*,#669,.T.);
#1130=ORIENTED_EDGE('',*,*,#663,.F.);
#1131=ORIENTED_EDGE('',*,*,#668,.T.);
#1132=ORIENTED_EDGE('',*,*,#642,.F.);
#1133=ORIENTED_EDGE('',*,*,#628,.F.);
#1134=ORIENTED_EDGE('',*,*,#657,.F.);
#1135=ORIENTED_EDGE('',*,*,#679,.F.);
#1136=ORIENTED_EDGE('',*,*,#653,.T.);
#1137=ORIENTED_EDGE('',*,*,#776,.F.);
#1138=ORIENTED_EDGE('',*,*,#777,.T.);
#1139=ORIENTED_EDGE('',*,*,#659,.F.);
#1140=ORIENTED_EDGE('',*,*,#777,.F.);
#1141=ORIENTED_EDGE('',*,*,#778,.T.);
#1142=ORIENTED_EDGE('',*,*,#779,.T.);
#1143=ORIENTED_EDGE('',*,*,#780,.T.);
#1144=ORIENTED_EDGE('',*,*,#779,.F.);
#1145=ORIENTED_EDGE('',*,*,#781,.T.);
#1146=ORIENTED_EDGE('',*,*,#782,.T.);
#1147=ORIENTED_EDGE('',*,*,#776,.T.);
#1148=ORIENTED_EDGE('',*,*,#782,.F.);
#1149=ORIENTED_EDGE('',*,*,#783,.T.);
#1150=ORIENTED_EDGE('',*,*,#781,.F.);
#1151=ORIENTED_EDGE('',*,*,#784,.T.);
#1152=ORIENTED_EDGE('',*,*,#778,.F.);
#1153=ORIENTED_EDGE('',*,*,#784,.F.);
#1154=ORIENTED_EDGE('',*,*,#783,.F.);
#1155=ORIENTED_EDGE('',*,*,#780,.F.);
#1156=ORIENTED_EDGE('',*,*,#771,.T.);
#1157=B_SPLINE_SURFACE_WITH_KNOTS('',1,3,((#1679,#1680,#1681,#1682,#1683,
#1684,#1685,#1686,#1687,#1688,#1689,#1690,#1691,#1692,#1693,#1694,#1695,
#1696,#1697,#1698,#1699,#1700,#1701,#1702,#1703,#1704,#1705,#1706,#1707,
#1708,#1709,#1710,#1711,#1712),(#1713,#1714,#1715,#1716,#1717,#1718,#1719,
#1720,#1721,#1722,#1723,#1724,#1725,#1726,#1727,#1728,#1729,#1730,#1731,
#1732,#1733,#1734,#1735,#1736,#1737,#1738,#1739,#1740,#1741,#1742,#1743,
#1744,#1745,#1746)),.UNSPECIFIED.,.F.,.T.,.F.,(2,2),(4,2,2,2,2,2,2,2,2,
2,2,2,2,2,2,2,4),(0.,1.),(0.,0.392699081698724,0.785398163397448,1.17809724509617,
1.5707963267949,1.96349540849362,2.35619449019234,2.74889357189107,3.14159265358979,
3.53429173528852,3.92699081698724,4.31968989868597,4.71238898038469,5.10508806208341,
5.49778714378214,5.89048622548086,6.28318530717959),.UNSPECIFIED.);
#1158=B_SPLINE_SURFACE_WITH_KNOTS('',1,3,((#1825,#1826,#1827,#1828,#1829,
#1830,#1831,#1832,#1833,#1834,#1835,#1836,#1837,#1838,#1839,#1840,#1841,
#1842,#1843,#1844,#1845,#1846,#1847,#1848,#1849,#1850,#1851,#1852,#1853,
#1854,#1855,#1856,#1857,#1858),(#1859,#1860,#1861,#1862,#1863,#1864,#1865,
#1866,#1867,#1868,#1869,#1870,#1871,#1872,#1873,#1874,#1875,#1876,#1877,
#1878,#1879,#1880,#1881,#1882,#1883,#1884,#1885,#1886,#1887,#1888,#1889,
#1890,#1891,#1892)),.UNSPECIFIED.,.F.,.T.,.F.,(2,2),(4,2,2,2,2,2,2,2,2,
2,2,2,2,2,2,2,4),(0.,1.),(0.,0.392699081698724,0.785398163397448,1.17809724509617,
1.5707963267949,1.96349540849362,2.35619449019234,2.74889357189107,3.14159265358979,
3.53429173528852,3.92699081698724,4.31968989868597,4.71238898038469,5.10508806208341,
5.49778714378214,5.89048622548086,6.28318530717959),.UNSPECIFIED.);
#1159=B_SPLINE_SURFACE_WITH_KNOTS('',1,3,((#1978,#1979,#1980,#1981,#1982,
#1983,#1984,#1985,#1986,#1987,#1988,#1989,#1990,#1991,#1992,#1993,#1994,
#1995),(#1996,#1997,#1998,#1999,#2000,#2001,#2002,#2003,#2004,#2005,#2006,
#2007,#2008,#2009,#2010,#2011,#2012,#2013)),.UNSPECIFIED.,.F.,.F.,.F.,(2,
2),(4,2,2,2,2,2,2,2,4),(0.,1.),(5.84685299418102,6.23955207587974,6.63225115757846,
7.02495023927719,7.41764932097591,7.81034840267463,8.20304748437336,8.59574656607208,
8.9884456477708),.UNSPECIFIED.);
#1160=B_SPLINE_SURFACE_WITH_KNOTS('',1,3,((#2446,#2447,#2448,#2449,#2450,
#2451,#2452,#2453,#2454,#2455,#2456,#2457,#2458,#2459,#2460,#2461,#2462,
#2463),(#2464,#2465,#2466,#2467,#2468,#2469,#2470,#2471,#2472,#2473,#2474,
#2475,#2476,#2477,#2478,#2479,#2480,#2481)),.UNSPECIFIED.,.F.,.F.,.F.,(2,
2),(4,2,2,2,2,2,2,2,4),(0.,1.),(4.7123889803847,5.10508806208342,5.49778714378214,
5.89048622548086,6.28318530717959,6.67588438887831,7.06858347057703,7.46128255227575,
7.85398163397447),.UNSPECIFIED.);
#1161=B_SPLINE_SURFACE_WITH_KNOTS('',1,3,((#2662,#2663,#2664,#2665,#2666,
#2667,#2668,#2669,#2670,#2671,#2672,#2673,#2674,#2675,#2676,#2677,#2678,
#2679),(#2680,#2681,#2682,#2683,#2684,#2685,#2686,#2687,#2688,#2689,#2690,
#2691,#2692,#2693,#2694,#2695,#2696,#2697)),.UNSPECIFIED.,.F.,.F.,.F.,(2,
2),(4,2,2,2,2,2,2,2,4),(0.,1.),(2.00712863979347,2.39982772149219,2.79252680319091,
3.18522588488964,3.57792496658836,3.97062404828709,4.36332312998581,4.75602221168453,
5.14872129338326),.UNSPECIFIED.);
#1162=B_SPLINE_SURFACE_WITH_KNOTS('',1,3,((#2700,#2701,#2702,#2703,#2704,
#2705,#2706,#2707,#2708,#2709),(#2710,#2711,#2712,#2713,#2714,#2715,#2716,
#2717,#2718,#2719)),.UNSPECIFIED.,.F.,.F.,.F.,(2,2),(4,2,2,2,4),(0.,1.),
(5.14872129338327,5.32325421858271,5.49778714378214,5.67232006898157,5.846852994181),
 .UNSPECIFIED.);
#1163=B_SPLINE_SURFACE_WITH_KNOTS('',1,3,((#2720,#2721,#2722,#2723,#2724,
#2725),(#2726,#2727,#2728,#2729,#2730,#2731)),.UNSPECIFIED.,.F.,.F.,.F.,
(2,2),(4,2,4),(0.,1.),(0.959931088596881,1.26536370769589,1.5707963267949),
 .UNSPECIFIED.);
#1164=B_SPLINE_SURFACE_WITH_KNOTS('',1,3,((#2743,#2744,#2745,#2746,#2747,
#2748),(#2749,#2750,#2751,#2752,#2753,#2754)),.UNSPECIFIED.,.F.,.F.,.F.,
(2,2),(4,2,4),(0.,1.),(0.959931088596878,1.26536370769589,1.5707963267949),
 .UNSPECIFIED.);
#1165=B_SPLINE_SURFACE_WITH_KNOTS('',3,3,((#2756,#2757,#2758,#2759,#2760,
#2761,#2762,#2763,#2764,#2765,#2766,#2767,#2768,#2769,#2770,#2771),(#2772,
#2773,#2774,#2775,#2776,#2777,#2778,#2779,#2780,#2781,#2782,#2783,#2784,
#2785,#2786,#2787),(#2788,#2789,#2790,#2791,#2792,#2793,#2794,#2795,#2796,
#2797,#2798,#2799,#2800,#2801,#2802,#2803),(#2804,#2805,#2806,#2807,#2808,
#2809,#2810,#2811,#2812,#2813,#2814,#2815,#2816,#2817,#2818,#2819),(#2820,
#2821,#2822,#2823,#2824,#2825,#2826,#2827,#2828,#2829,#2830,#2831,#2832,
#2833,#2834,#2835)),.UNSPECIFIED.,.F.,.T.,.F.,(4,1,4),(4,1,1,1,1,1,1,1,
1,1,1,1,1,4),(0.,0.5,1.),(0.,0.129679041524561,0.259358083049122,0.421456884954823,
0.518716166098243,0.691621554797658,0.778074249147365,0.907753290671926,
1.03743233219649,1.29679041524561,1.42646945677017,1.55614849829473,1.62098801905701,
1.81550658134385),.UNSPECIFIED.);
#1166=B_SPLINE_SURFACE_WITH_KNOTS('',1,3,((#3340,#3341,#3342,#3343,#3344,
#3345,#3346,#3347,#3348,#3349,#3350,#3351,#3352,#3353,#3354,#3355,#3356,
#3357,#3358,#3359,#3360,#3361,#3362,#3363,#3364,#3365,#3366,#3367,#3368,
#3369,#3370,#3371,#3372,#3373),(#3374,#3375,#3376,#3377,#3378,#3379,#3380,
#3381,#3382,#3383,#3384,#3385,#3386,#3387,#3388,#3389,#3390,#3391,#3392,
#3393,#3394,#3395,#3396,#3397,#3398,#3399,#3400,#3401,#3402,#3403,#3404,
#3405,#3406,#3407)),.UNSPECIFIED.,.F.,.T.,.F.,(2,2),(4,2,2,2,2,2,2,2,2,
2,2,2,2,2,2,2,4),(0.,1.),(-6.28318530717959,-5.89048622548087,-5.49778714378214,
-5.10508806208342,-4.71238898038469,-4.31968989868597,-3.92699081698725,
-3.53429173528852,-3.1415926535898,-2.74889357189107,-2.35619449019235,
-1.96349540849362,-1.5707963267949,-1.17809724509618,-0.78539816339745,
-0.39269908169873,0.),.UNSPECIFIED.);
#1167=B_SPLINE_SURFACE_WITH_KNOTS('',3,3,((#4386,#4387,#4388,#4389,#4390,
#4391,#4392,#4393,#4394,#4395,#4396,#4397,#4398,#4399,#4400,#4401,#4402),
(#4403,#4404,#4405,#4406,#4407,#4408,#4409,#4410,#4411,#4412,#4413,#4414,
#4415,#4416,#4417,#4418,#4419),(#4420,#4421,#4422,#4423,#4424,#4425,#4426,
#4427,#4428,#4429,#4430,#4431,#4432,#4433,#4434,#4435,#4436),(#4437,#4438,
#4439,#4440,#4441,#4442,#4443,#4444,#4445,#4446,#4447,#4448,#4449,#4450,
#4451,#4452,#4453),(#4454,#4455,#4456,#4457,#4458,#4459,#4460,#4461,#4462,
#4463,#4464,#4465,#4466,#4467,#4468,#4469,#4470)),.UNSPECIFIED.,.F.,.T.,
 .F.,(4,1,4),(4,1,1,1,1,1,1,1,1,1,1,1,1,1,4),(0.,0.5,1.),(0.,0.129679041524561,
0.259358083049122,0.389037124573683,0.518716166098243,0.778074249147365,
0.907753290671926,1.03743233219649,1.12388502654619,1.29679041524561,1.4102595765796,
1.55614849829473,1.58856825867587,1.68582753981929,1.81550658134385),
 .UNSPECIFIED.);
#1168=B_SPLINE_SURFACE_WITH_KNOTS('',1,3,((#4479,#4480,#4481,#4482,#4483,
#4484,#4485,#4486,#4487,#4488,#4489,#4490,#4491,#4492,#4493,#4494,#4495,
#4496),(#4497,#4498,#4499,#4500,#4501,#4502,#4503,#4504,#4505,#4506,#4507,
#4508,#4509,#4510,#4511,#4512,#4513,#4514)),.UNSPECIFIED.,.F.,.F.,.F.,(2,
2),(4,2,2,2,2,2,2,2,4),(0.,1.),(4.71238898038468,5.10508806208341,5.49778714378213,
5.89048622548086,6.28318530717959,6.67588438887831,7.06858347057704,7.46128255227577,
7.85398163397449),.UNSPECIFIED.);
#1169=B_SPLINE_SURFACE_WITH_KNOTS('',1,3,((#4811,#4812,#4813,#4814,#4815,
#4816,#4817,#4818,#4819,#4820),(#4821,#4822,#4823,#4824,#4825,#4826,#4827,
#4828,#4829,#4830)),.UNSPECIFIED.,.F.,.F.,.F.,(2,2),(4,2,2,2,4),(0.,1.),
(6.19591884457987,6.3704517697793,6.54498469497874,6.71951762017817,6.8940505453776),
 .UNSPECIFIED.);
#1170=B_SPLINE_SURFACE_WITH_KNOTS('',1,3,((#4833,#4834,#4835,#4836,#4837,
#4838,#4839,#4840,#4841,#4842,#4843,#4844,#4845,#4846,#4847,#4848,#4849,
#4850),(#4851,#4852,#4853,#4854,#4855,#4856,#4857,#4858,#4859,#4860,#4861,
#4862,#4863,#4864,#4865,#4866,#4867,#4868)),.UNSPECIFIED.,.F.,.F.,.F.,(2,
2),(4,2,2,2,2,2,2,2,4),(0.,1.),(3.05432619099007,3.44702527268879,3.83972435438752,
4.23242343608625,4.62512251778497,5.0178215994837,5.41052068118242,5.80321976288115,
6.19591884457987),.UNSPECIFIED.);
#1171=B_SPLINE_SURFACE_WITH_KNOTS('',1,3,((#4870,#4871,#4872,#4873,#4874,
#4875,#4876,#4877,#4878,#4879),(#4880,#4881,#4882,#4883,#4884,#4885,#4886,
#4887,#4888,#4889)),.UNSPECIFIED.,.F.,.F.,.F.,(2,2),(4,2,2,2,4),(0.,1.),
(6.19591884457987,6.3704517697793,6.54498469497874,6.71951762017817,6.8940505453776),
 .UNSPECIFIED.);
#1172=B_SPLINE_SURFACE_WITH_KNOTS('',1,3,((#4891,#4892,#4893,#4894,#4895,
#4896,#4897,#4898,#4899,#4900,#4901,#4902,#4903,#4904,#4905,#4906,#4907,
#4908),(#4909,#4910,#4911,#4912,#4913,#4914,#4915,#4916,#4917,#4918,#4919,
#4920,#4921,#4922,#4923,#4924,#4925,#4926)),.UNSPECIFIED.,.F.,.F.,.F.,(2,
2),(4,2,2,2,2,2,2,2,4),(0.,1.),(0.61086523819807,1.00356431989679,1.3962634015955,
1.78896248329422,2.18166156499293,2.57436064669165,2.96705972839037,3.35975881008908,
3.7524578917878),.UNSPECIFIED.);
#1173=B_SPLINE_SURFACE_WITH_KNOTS('',1,3,((#4927,#4928,#4929,#4930,#4931,
#4932,#4933,#4934,#4935,#4936,#4937,#4938,#4939,#4940,#4941,#4942,#4943,
#4944,#4945,#4946,#4947,#4948,#4949,#4950,#4951,#4952,#4953,#4954,#4955,
#4956,#4957,#4958,#4959,#4960),(#4961,#4962,#4963,#4964,#4965,#4966,#4967,
#4968,#4969,#4970,#4971,#4972,#4973,#4974,#4975,#4976,#4977,#4978,#4979,
#4980,#4981,#4982,#4983,#4984,#4985,#4986,#4987,#4988,#4989,#4990,#4991,
#4992,#4993,#4994)),.UNSPECIFIED.,.F.,.T.,.F.,(2,2),(4,2,2,2,2,2,2,2,2,
2,2,2,2,2,2,2,4),(0.,1.),(-6.28318530717959,-5.89048622548087,-5.49778714378214,
-5.10508806208342,-4.71238898038469,-4.31968989868597,-3.92699081698725,
-3.53429173528852,-3.1415926535898,-2.74889357189107,-2.35619449019235,
-1.96349540849362,-1.5707963267949,-1.17809724509618,-0.78539816339745,
-0.39269908169873,0.),.UNSPECIFIED.);
#1174=B_SPLINE_SURFACE_WITH_KNOTS('',1,3,((#4995,#4996,#4997,#4998,#4999,
#5000,#5001,#5002,#5003,#5004),(#5005,#5006,#5007,#5008,#5009,#5010,#5011,
#5012,#5013,#5014)),.UNSPECIFIED.,.F.,.F.,.F.,(2,2),(4,2,2,2,4),(0.,1.),
(5.14872129338327,5.3232542185827,5.49778714378214,5.67232006898157,5.84685299418101),
 .UNSPECIFIED.);
#1175=B_SPLINE_SURFACE_WITH_KNOTS('',1,3,((#5015,#5016,#5017,#5018,#5019,
#5020,#5021,#5022,#5023,#5024,#5025,#5026,#5027,#5028,#5029,#5030,#5031,
#5032),(#5033,#5034,#5035,#5036,#5037,#5038,#5039,#5040,#5041,#5042,#5043,
#5044,#5045,#5046,#5047,#5048,#5049,#5050)),.UNSPECIFIED.,.F.,.F.,.F.,(2,
2),(4,2,2,2,2,2,2,2,4),(0.,1.),(4.10152374218664,4.49422282388537,4.8869219055841,
5.27962098728282,5.67232006898155,6.06501915068028,6.457718232379,6.85041731407773,
7.24311639577646),.UNSPECIFIED.);
#1176=B_SPLINE_SURFACE_WITH_KNOTS('',1,3,((#5249,#5250,#5251,#5252,#5253,
#5254,#5255,#5256,#5257,#5258,#5259,#5260,#5261,#5262,#5263,#5264,#5265,
#5266),(#5267,#5268,#5269,#5270,#5271,#5272,#5273,#5274,#5275,#5276,#5277,
#5278,#5279,#5280,#5281,#5282,#5283,#5284)),.UNSPECIFIED.,.F.,.F.,.F.,(2,
2),(4,2,2,2,2,2,2,2,4),(0.,1.),(4.79965544298441,5.19235452468313,5.58505360638186,
5.97775268808058,6.3704517697793,6.76315085147803,7.15584993317675,7.54854901487547,
7.9412480965742),.UNSPECIFIED.);
#1177=ADVANCED_FACE('',(#249),#1157,.T.);
#1178=ADVANCED_FACE('',(#250),#1158,.T.);
#1179=ADVANCED_FACE('',(#251),#1159,.T.);
#1180=ADVANCED_FACE('',(#252,#71,#72,#73,#74,#75,#76,#77),#151,.T.);
#1181=ADVANCED_FACE('',(#253),#1160,.T.);
#1182=ADVANCED_FACE('',(#254,#78,#79),#152,.T.);
#1183=ADVANCED_FACE('',(#255),#1161,.T.);
#1184=ADVANCED_FACE('',(#256),#1162,.F.);
#1185=ADVANCED_FACE('',(#257),#1163,.F.);
#1186=ADVANCED_FACE('',(#258),#54,.T.);
#1187=ADVANCED_FACE('',(#259),#55,.F.);
#1188=ADVANCED_FACE('',(#260),#1164,.T.);
#1189=ADVANCED_FACE('',(#261),#1165,.T.);
#1190=ADVANCED_FACE('',(#262,#80,#81),#43,.T.);
#1191=ADVANCED_FACE('',(#263),#31,.F.);
#1192=ADVANCED_FACE('',(#264),#32,.T.);
#1193=ADVANCED_FACE('',(#265),#19,.T.);
#1194=ADVANCED_FACE('',(#266),#1166,.T.);
#1195=ADVANCED_FACE('',(#267,#82,#83),#153,.T.);
#1196=ADVANCED_FACE('',(#268),#44,.F.);
#1197=ADVANCED_FACE('',(#269),#45,.T.);
#1198=ADVANCED_FACE('',(#270),#154,.T.);
#1199=ADVANCED_FACE('',(#271),#155,.T.);
#1200=ADVANCED_FACE('',(#272),#156,.T.);
#1201=ADVANCED_FACE('',(#273),#33,.F.);
#1202=ADVANCED_FACE('',(#274),#15,.F.);
#1203=ADVANCED_FACE('',(#275),#34,.F.);
#1204=ADVANCED_FACE('',(#276),#20,.F.);
#1205=ADVANCED_FACE('',(#277),#21,.F.);
#1206=ADVANCED_FACE('',(#278),#16,.F.);
#1207=ADVANCED_FACE('',(#279),#35,.F.);
#1208=ADVANCED_FACE('',(#280),#36,.F.);
#1209=ADVANCED_FACE('',(#281),#37,.F.);
#1210=ADVANCED_FACE('',(#282),#17,.F.);
#1211=ADVANCED_FACE('',(#283),#22,.F.);
#1212=ADVANCED_FACE('',(#284),#23,.F.);
#1213=ADVANCED_FACE('',(#285),#38,.F.);
#1214=ADVANCED_FACE('',(#286),#18,.F.);
#1215=ADVANCED_FACE('',(#287),#39,.F.);
#1216=ADVANCED_FACE('',(#288),#46,.F.);
#1217=ADVANCED_FACE('',(#289),#24,.T.);
#1218=ADVANCED_FACE('',(#290,#84),#157,.F.);
#1219=ADVANCED_FACE('',(#291),#25,.T.);
#1220=ADVANCED_FACE('',(#292),#47,.T.);
#1221=ADVANCED_FACE('',(#293),#56,.T.);
#1222=ADVANCED_FACE('',(#294),#1167,.T.);
#1223=ADVANCED_FACE('',(#295),#158,.T.);
#1224=ADVANCED_FACE('',(#296),#1168,.T.);
#1225=ADVANCED_FACE('',(#297),#26,.T.);
#1226=ADVANCED_FACE('',(#298),#159,.T.);
#1227=ADVANCED_FACE('',(#299),#27,.F.);
#1228=ADVANCED_FACE('',(#300,#85),#160,.T.);
#1229=ADVANCED_FACE('',(#301,#86),#57,.F.);
#1230=ADVANCED_FACE('',(#302),#161,.T.);
#1231=ADVANCED_FACE('',(#303),#40,.T.);
#1232=ADVANCED_FACE('',(#304),#48,.F.);
#1233=ADVANCED_FACE('',(#305),#49,.F.);
#1234=ADVANCED_FACE('',(#306),#50,.T.);
#1235=ADVANCED_FACE('',(#307),#51,.T.);
#1236=ADVANCED_FACE('',(#308),#41,.F.);
#1237=ADVANCED_FACE('',(#309),#28,.T.);
#1238=ADVANCED_FACE('',(#310),#52,.F.);
#1239=ADVANCED_FACE('',(#311),#1169,.T.);
#1240=ADVANCED_FACE('',(#312),#1170,.T.);
#1241=ADVANCED_FACE('',(#313),#1171,.F.);
#1242=ADVANCED_FACE('',(#314),#1172,.T.);
#1243=ADVANCED_FACE('',(#315),#1173,.T.);
#1244=ADVANCED_FACE('',(#316),#1174,.T.);
#1245=ADVANCED_FACE('',(#317),#1175,.T.);
#1246=ADVANCED_FACE('',(#318),#42,.F.);
#1247=ADVANCED_FACE('',(#319),#1176,.T.);
#1248=ADVANCED_FACE('',(#320),#53,.T.);
#1249=ADVANCED_FACE('',(#321),#29,.T.);
#1250=ADVANCED_FACE('',(#322),#30,.T.);
#1251=ADVANCED_FACE('',(#323),#58,.T.);
#1252=ADVANCED_FACE('',(#324,#87),#162,.T.);
#1253=CLOSED_SHELL('',(#1177,#1178,#1179,#1180,#1181,#1182,#1183,#1184,
#1185,#1186,#1187,#1188,#1189,#1190,#1191,#1192,#1193,#1194,#1195,#1196,
#1197,#1198,#1199,#1200,#1201,#1202,#1203,#1204,#1205,#1206,#1207,#1208,
#1209,#1210,#1211,#1212,#1213,#1214,#1215,#1216,#1217,#1218,#1219,#1220,
#1221,#1222,#1223,#1224,#1225,#1226,#1227,#1228,#1229,#1230,#1231,#1232,
#1233,#1234,#1235,#1236,#1237,#1238,#1239,#1240,#1241,#1242,#1243,#1244,
#1245,#1246,#1247,#1248,#1249,#1250,#1251,#1252));
#1254=DERIVED_UNIT_ELEMENT(#1257,1.);
#1255=DERIVED_UNIT_ELEMENT(#5309,-3.);
#1256=DIMENSIONAL_EXPONENTS(0.,1.,0.,0.,0.,0.,0.);
#1257=(
CONVERSION_BASED_UNIT('gram',#1259)
MASS_UNIT()
NAMED_UNIT(#1256)
);
#1258=(
MASS_UNIT()
NAMED_UNIT(*)
SI_UNIT(.KILO.,.GRAM.)
);
#1259=MASS_MEASURE_WITH_UNIT(MASS_MEASURE(0.001),#1258);
#1260=DERIVED_UNIT((#1254,#1255));
#1261=MEASURE_REPRESENTATION_ITEM('density measure',
POSITIVE_RATIO_MEASURE(1.2),#1260);
#1262=PROPERTY_DEFINITION_REPRESENTATION(#1267,#1264);
#1263=PROPERTY_DEFINITION_REPRESENTATION(#1268,#1265);
#1264=REPRESENTATION('material name',(#1266),#5306);
#1265=REPRESENTATION('density',(#1261),#5306);
#1266=DESCRIPTIVE_REPRESENTATION_ITEM('Polycarbonat, klar',
'Polycarbonat, klar');
#1267=PROPERTY_DEFINITION('material property','material name',#5316);
#1268=PROPERTY_DEFINITION('material property','density of part',#5316);
#1269=DATE_TIME_ROLE('creation_date');
#1270=APPLIED_DATE_AND_TIME_ASSIGNMENT(#1271,#1269,(#5316));
#1271=DATE_AND_TIME(#1272,#1273);
#1272=CALENDAR_DATE(2021,2,11);
#1273=LOCAL_TIME(8,23,17.,#1274);
#1274=COORDINATED_UNIVERSAL_TIME_OFFSET(0,0,.BEHIND.);
#1275=AXIS2_PLACEMENT_3D('',#1678,#1395,#1396);
#1276=AXIS2_PLACEMENT_3D('',#2079,#1399,#1400);
#1277=AXIS2_PLACEMENT_3D('',#2081,#1401,#1402);
#1278=AXIS2_PLACEMENT_3D('',#2265,#1403,#1404);
#1279=AXIS2_PLACEMENT_3D('',#2342,#1405,#1406);
#1280=AXIS2_PLACEMENT_3D('',#2381,#1407,#1408);
#1281=AXIS2_PLACEMENT_3D('',#2508,#1411,#1412);
#1282=AXIS2_PLACEMENT_3D('',#2512,#1414,#1415);
#1283=AXIS2_PLACEMENT_3D('',#2555,#1418,#1419);
#1284=AXIS2_PLACEMENT_3D('',#2734,#1425,#1426);
#1285=AXIS2_PLACEMENT_3D('',#2737,#1428,#1429);
#1286=AXIS2_PLACEMENT_3D('',#2738,#1430,#1431);
#1287=AXIS2_PLACEMENT_3D('',#2741,#1433,#1434);
#1288=AXIS2_PLACEMENT_3D('',#2875,#1437,#1438);
#1289=AXIS2_PLACEMENT_3D('',#2878,#1439,#1440);
#1290=AXIS2_PLACEMENT_3D('',#2879,#1441,#1442);
#1291=AXIS2_PLACEMENT_3D('',#2883,#1444,#1445);
#1292=AXIS2_PLACEMENT_3D('',#2884,#1446,#1447);
#1293=AXIS2_PLACEMENT_3D('',#3101,#1448,#1449);
#1294=AXIS2_PLACEMENT_3D('',#3102,#1450,#1451);
#1295=AXIS2_PLACEMENT_3D('',#3103,#1452,#1453);
#1296=AXIS2_PLACEMENT_3D('',#3317,#1454,#1455);
#1297=AXIS2_PLACEMENT_3D('',#3333,#1456,#1457);
#1298=AXIS2_PLACEMENT_3D('',#3334,#1458,#1459);
#1299=AXIS2_PLACEMENT_3D('',#3336,#1460,#1461);
#1300=AXIS2_PLACEMENT_3D('',#3338,#1462,#1463);
#1301=AXIS2_PLACEMENT_3D('',#3339,#1464,#1465);
#1302=AXIS2_PLACEMENT_3D('',#3418,#1466,#1467);
#1303=AXIS2_PLACEMENT_3D('',#3515,#1468,#1469);
#1304=AXIS2_PLACEMENT_3D('',#3518,#1470,#1471);
#1305=AXIS2_PLACEMENT_3D('',#3519,#1472,#1473);
#1306=AXIS2_PLACEMENT_3D('',#3521,#1475,#1476);
#1307=AXIS2_PLACEMENT_3D('',#3522,#1477,#1478);
#1308=AXIS2_PLACEMENT_3D('',#3524,#1480,#1481);
#1309=AXIS2_PLACEMENT_3D('',#3528,#1483,#1484);
#1310=AXIS2_PLACEMENT_3D('',#3529,#1485,#1486);
#1311=AXIS2_PLACEMENT_3D('',#3533,#1488,#1489);
#1312=AXIS2_PLACEMENT_3D('',#3534,#1490,#1491);
#1313=AXIS2_PLACEMENT_3D('',#3556,#1496,#1497);
#1314=AXIS2_PLACEMENT_3D('',#3558,#1498,#1499);
#1315=AXIS2_PLACEMENT_3D('',#3566,#1500,#1501);
#1316=AXIS2_PLACEMENT_3D('',#3568,#1502,#1503);
#1317=AXIS2_PLACEMENT_3D('',#3570,#1504,#1505);
#1318=AXIS2_PLACEMENT_3D('',#3571,#1506,#1507);
#1319=AXIS2_PLACEMENT_3D('',#3676,#1508,#1509);
#1320=AXIS2_PLACEMENT_3D('',#3739,#1510,#1511);
#1321=AXIS2_PLACEMENT_3D('',#3741,#1512,#1513);
#1322=AXIS2_PLACEMENT_3D('',#3742,#1514,#1515);
#1323=AXIS2_PLACEMENT_3D('',#3743,#1516,#1517);
#1324=AXIS2_PLACEMENT_3D('',#3746,#1518,#1519);
#1325=AXIS2_PLACEMENT_3D('',#3747,#1520,#1521);
#1326=AXIS2_PLACEMENT_3D('',#3748,#1522,#1523);
#1327=AXIS2_PLACEMENT_3D('',#3749,#1524,#1525);
#1328=AXIS2_PLACEMENT_3D('',#3751,#1526,#1527);
#1329=AXIS2_PLACEMENT_3D('',#3752,#1528,#1529);
#1330=AXIS2_PLACEMENT_3D('',#3857,#1530,#1531);
#1331=AXIS2_PLACEMENT_3D('',#4038,#1533,#1534);
#1332=AXIS2_PLACEMENT_3D('',#4047,#1535,#1536);
#1333=AXIS2_PLACEMENT_3D('',#4097,#1537,#1538);
#1334=AXIS2_PLACEMENT_3D('',#4099,#1539,#1540);
#1335=AXIS2_PLACEMENT_3D('',#4100,#1541,#1542);
#1336=AXIS2_PLACEMENT_3D('',#4101,#1543,#1544);
#1337=AXIS2_PLACEMENT_3D('',#4102,#1545,#1546);
#1338=AXIS2_PLACEMENT_3D('',#4105,#1547,#1548);
#1339=AXIS2_PLACEMENT_3D('',#4106,#1549,#1550);
#1340=AXIS2_PLACEMENT_3D('',#4107,#1551,#1552);
#1341=AXIS2_PLACEMENT_3D('',#4108,#1553,#1554);
#1342=AXIS2_PLACEMENT_3D('',#4109,#1555,#1556);
#1343=AXIS2_PLACEMENT_3D('',#4111,#1557,#1558);
#1344=AXIS2_PLACEMENT_3D('',#4112,#1559,#1560);
#1345=AXIS2_PLACEMENT_3D('',#4217,#1561,#1562);
#1346=AXIS2_PLACEMENT_3D('',#4280,#1563,#1564);
#1347=AXIS2_PLACEMENT_3D('',#4281,#1565,#1566);
#1348=AXIS2_PLACEMENT_3D('',#4302,#1568,#1569);
#1349=AXIS2_PLACEMENT_3D('',#4304,#1570,#1571);
#1350=AXIS2_PLACEMENT_3D('',#4349,#1573,#1574);
#1351=AXIS2_PLACEMENT_3D('',#4351,#1575,#1576);
#1352=AXIS2_PLACEMENT_3D('',#4353,#1577,#1578);
#1353=AXIS2_PLACEMENT_3D('',#4355,#1579,#1580);
#1354=AXIS2_PLACEMENT_3D('',#4356,#1581,#1582);
#1355=AXIS2_PLACEMENT_3D('',#4357,#1583,#1584);
#1356=AXIS2_PLACEMENT_3D('',#4359,#1585,#1586);
#1357=AXIS2_PLACEMENT_3D('',#4360,#1587,#1588);
#1358=AXIS2_PLACEMENT_3D('',#4362,#1589,#1590);
#1359=AXIS2_PLACEMENT_3D('',#4363,#1591,#1592);
#1360=AXIS2_PLACEMENT_3D('',#4364,#1593,#1594);
#1361=AXIS2_PLACEMENT_3D('',#4384,#1596,#1597);
#1362=AXIS2_PLACEMENT_3D('',#4476,#1599,#1600);
#1363=AXIS2_PLACEMENT_3D('',#4515,#1603,#1604);
#1364=AXIS2_PLACEMENT_3D('',#4517,#1605,#1606);
#1365=AXIS2_PLACEMENT_3D('',#4518,#1607,#1608);
#1366=AXIS2_PLACEMENT_3D('',#4519,#1609,#1610);
#1367=AXIS2_PLACEMENT_3D('',#4520,#1611,#1612);
#1368=AXIS2_PLACEMENT_3D('',#4522,#1613,#1614);
#1369=AXIS2_PLACEMENT_3D('',#4523,#1615,#1616);
#1370=AXIS2_PLACEMENT_3D('',#4524,#1617,#1618);
#1371=AXIS2_PLACEMENT_3D('',#4526,#1619,#1620);
#1372=AXIS2_PLACEMENT_3D('',#4527,#1621,#1622);
#1373=AXIS2_PLACEMENT_3D('',#4556,#1625,#1626);
#1374=AXIS2_PLACEMENT_3D('',#4588,#1627,#1628);
#1375=AXIS2_PLACEMENT_3D('',#4789,#1631,#1632);
#1376=AXIS2_PLACEMENT_3D('',#4790,#1633,#1634);
#1377=AXIS2_PLACEMENT_3D('',#4791,#1635,#1636);
#1378=AXIS2_PLACEMENT_3D('',#4792,#1637,#1638);
#1379=AXIS2_PLACEMENT_3D('',#4805,#1639,#1640);
#1380=AXIS2_PLACEMENT_3D('',#4806,#1641,#1642);
#1381=AXIS2_PLACEMENT_3D('',#4807,#1643,#1644);
#1382=AXIS2_PLACEMENT_3D('',#4810,#1646,#1647);
#1383=AXIS2_PLACEMENT_3D('',#5285,#1652,#1653);
#1384=AXIS2_PLACEMENT_3D('',#5287,#1654,#1655);
#1385=AXIS2_PLACEMENT_3D('',#5289,#1657,#1658);
#1386=AXIS2_PLACEMENT_3D('',#5291,#1659,#1660);
#1387=AXIS2_PLACEMENT_3D('',#5293,#1661,#1662);
#1388=AXIS2_PLACEMENT_3D('',#5294,#1663,#1664);
#1389=AXIS2_PLACEMENT_3D('',#5295,#1665,#1666);
#1390=AXIS2_PLACEMENT_3D('',#5298,#1667,#1668);
#1391=AXIS2_PLACEMENT_3D('',#5299,#1669,#1670);
#1392=AXIS2_PLACEMENT_3D('',#5300,#1671,#1672);
#1393=AXIS2_PLACEMENT_3D('',#5301,#1673,#1674);
#1394=AXIS2_PLACEMENT_3D('',#5303,#1676,#1677);
#1395=DIRECTION('axis',(0.,0.,1.));
#1396=DIRECTION('refdir',(1.,0.,0.));
#1397=DIRECTION('',(0.00737570567171693,-0.999847695156391,-0.0158172518566386));
#1398=DIRECTION('',(-0.00737570567171685,-0.999847695156391,0.0158172518566387));
#1399=DIRECTION('center_axis',(0.,-1.,0.));
#1400=DIRECTION('ref_axis',(0.,0.,-1.));
#1401=DIRECTION('center_axis',(0.,-1.,0.));
#1402=DIRECTION('ref_axis',(0.,0.,-1.));
#1403=DIRECTION('center_axis',(0.,-1.,0.));
#1404=DIRECTION('ref_axis',(-0.999964496105024,0.,0.0084265372143469));
#1405=DIRECTION('center_axis',(0.,1.,0.));
#1406=DIRECTION('ref_axis',(-0.999959174203244,0.,0.00903603490288183));
#1407=DIRECTION('center_axis',(0.,1.,0.));
#1408=DIRECTION('ref_axis',(-1.,0.,0.));
#1409=DIRECTION('',(0.017452406437283,0.999847695156391,-1.51802552642182E-16));
#1410=DIRECTION('',(-0.0174524064372831,0.999847695156391,-1.58214462746433E-16));
#1411=DIRECTION('center_axis',(0.,0.999847695156391,-0.0174524064372835));
#1412=DIRECTION('ref_axis',(0.,0.0174524064372835,0.999847695156391));
#1413=DIRECTION('',(1.,0.,0.));
#1414=DIRECTION('center_axis',(0.,0.999847695156391,-0.0174524064372835));
#1415=DIRECTION('ref_axis',(0.,0.0174524064372835,0.999847695156391));
#1416=DIRECTION('',(1.,0.,0.));
#1417=DIRECTION('',(1.,0.,0.));
#1418=DIRECTION('center_axis',(0.,0.999847695156391,-0.0174524064372835));
#1419=DIRECTION('ref_axis',(0.,-0.0174524064372835,-0.999847695156391));
#1420=DIRECTION('',(1.,0.,0.));
#1421=DIRECTION('',(-0.0158172518566386,-0.999847695156391,0.00737570567171695));
#1422=DIRECTION('',(0.0158172518566387,-0.999847695156391,-0.00737570567171674));
#1423=DIRECTION('',(-0.0174524064372839,0.999847695156391,-8.81907706875732E-18));
#1424=DIRECTION('',(0.0142961744108632,-0.999847695156391,0.0100102890900471));
#1425=DIRECTION('center_axis',(3.3714188346708E-6,0.999999999994306,-1.46193571624351E-7));
#1426=DIRECTION('ref_axis',(-0.999964496116668,3.37253104150016E-6,0.00842653515773747));
#1427=DIRECTION('',(0.0173859947617641,-0.999847695156391,-0.00152107744577539));
#1428=DIRECTION('center_axis',(0.,0.999847695156391,0.0174524064372835));
#1429=DIRECTION('ref_axis',(0.000193176258182834,0.0174524061116472,-0.9998476765007));
#1430=DIRECTION('center_axis',(3.4937378936E-6,-0.999999999993886,-1.50839972223593E-7));
#1431=DIRECTION('ref_axis',(-0.999959174215955,-3.49495825397225E-6,0.00903603282031204));
#1432=DIRECTION('',(0.0174524064372856,0.999847695156391,-3.04419144965982E-13));
#1433=DIRECTION('center_axis',(0.,0.999847695156391,0.0174524064372835));
#1434=DIRECTION('ref_axis',(0.000200188324975537,-0.0174524060875777,0.99984767512176));
#1435=DIRECTION('',(-0.0173859947617641,-0.999847695156391,0.00152107744577547));
#1436=DIRECTION('',(-0.014296174410863,-0.999847695156391,-0.0100102890900473));
#1437=DIRECTION('center_axis',(0.,-1.,0.));
#1438=DIRECTION('ref_axis',(1.,0.,0.));
#1439=DIRECTION('center_axis',(0.,-0.999795963795744,-0.0201997717249182));
#1440=DIRECTION('ref_axis',(0.,-0.0201997717249182,0.999795963795744));
#1441=DIRECTION('center_axis',(0.,-0.999795963795744,0.0201997717249182));
#1442=DIRECTION('ref_axis',(0.,-0.0201997717249182,-0.999795963795744));
#1443=DIRECTION('',(0.,1.,0.));
#1444=DIRECTION('center_axis',(0.,1.,0.));
#1445=DIRECTION('ref_axis',(-1.,0.,-1.22464679914735E-16));
#1446=DIRECTION('center_axis',(0.,1.,0.));
#1447=DIRECTION('ref_axis',(-1.,0.,-1.22464679914735E-16));
#1448=DIRECTION('center_axis',(1.37099942120146E-8,1.56969738163263E-8,
-1.));
#1449=DIRECTION('ref_axis',(0.138403199081531,0.990375966228986,1.74434126685473E-8));
#1450=DIRECTION('center_axis',(1.37099990438077E-8,-1.56969787166614E-8,
1.));
#1451=DIRECTION('ref_axis',(0.138403199926032,-0.990375966110969,-1.74434182001827E-8));
#1452=DIRECTION('center_axis',(0.,0.999847695156391,0.0174524064372835));
#1453=DIRECTION('ref_axis',(0.,-0.0174524064372835,0.999847695156391));
#1454=DIRECTION('center_axis',(0.,0.999847695156391,0.0174524064372835));
#1455=DIRECTION('ref_axis',(0.,0.0174524064372835,-0.999847695156391));
#1456=DIRECTION('center_axis',(0.,-0.999850651799155,-0.0172821901623025));
#1457=DIRECTION('ref_axis',(0.,0.0172821901623025,-0.999850651799154));
#1458=DIRECTION('center_axis',(0.,-1.,0.));
#1459=DIRECTION('ref_axis',(0.,0.,-1.));
#1460=DIRECTION('center_axis',(-1.,0.,-1.22464679914735E-16));
#1461=DIRECTION('ref_axis',(-1.22464679914735E-16,0.,1.));
#1462=DIRECTION('center_axis',(0.,-1.,0.));
#1463=DIRECTION('ref_axis',(0.,0.,-1.));
#1464=DIRECTION('center_axis',(0.,-1.,0.));
#1465=DIRECTION('ref_axis',(0.,0.,-1.));
#1466=DIRECTION('center_axis',(0.,0.999847695156391,0.0174524064372835));
#1467=DIRECTION('ref_axis',(0.,-0.0174524064372835,0.999847695156391));
#1468=DIRECTION('center_axis',(0.,-1.,0.));
#1469=DIRECTION('ref_axis',(-1.,0.,0.));
#1470=DIRECTION('center_axis',(0.,-1.,0.));
#1471=DIRECTION('ref_axis',(-1.,0.,0.));
#1472=DIRECTION('center_axis',(0.,-1.,0.));
#1473=DIRECTION('ref_axis',(-1.,0.,0.));
#1474=DIRECTION('',(0.,-1.,0.));
#1475=DIRECTION('center_axis',(0.,1.,0.));
#1476=DIRECTION('ref_axis',(1.,0.,0.));
#1477=DIRECTION('center_axis',(0.,-0.999850651799155,0.0172821901623025));
#1478=DIRECTION('ref_axis',(0.,0.0172821901623025,0.999850651799154));
#1479=DIRECTION('',(0.,-1.,0.));
#1480=DIRECTION('center_axis',(0.,-1.,0.));
#1481=DIRECTION('ref_axis',(0.,0.,-1.));
#1482=DIRECTION('',(-1.,0.,0.));
#1483=DIRECTION('center_axis',(0.,-1.,0.));
#1484=DIRECTION('ref_axis',(0.,0.,-1.));
#1485=DIRECTION('center_axis',(0.,-1.,0.));
#1486=DIRECTION('ref_axis',(0.,0.,-1.));
#1487=DIRECTION('',(1.,0.,-1.07938349616335E-16));
#1488=DIRECTION('center_axis',(0.,-1.,0.));
#1489=DIRECTION('ref_axis',(0.,0.,-1.));
#1490=DIRECTION('center_axis',(0.,0.,1.));
#1491=DIRECTION('ref_axis',(1.,0.,0.));
#1492=DIRECTION('',(1.,0.,0.));
#1493=DIRECTION('',(-0.0177310893243544,0.999842791878489,0.));
#1494=DIRECTION('',(-1.,0.,0.));
#1495=DIRECTION('',(-0.0177310893243544,-0.999842791878489,0.));
#1496=DIRECTION('center_axis',(-0.0177265293371845,-0.99984287273434,0.));
#1497=DIRECTION('ref_axis',(0.99984287273434,-0.0177265293371845,0.));
#1498=DIRECTION('center_axis',(-0.01773572577665,-0.99984270964546,0.));
#1499=DIRECTION('ref_axis',(0.99984270964546,-0.01773572577665,0.));
#1500=DIRECTION('center_axis',(0.983870722959536,0.0174524064372808,-0.178027565316801));
#1501=DIRECTION('ref_axis',(-0.178054683907588,0.,-0.984020594062222));
#1502=DIRECTION('center_axis',(-1.,0.,1.07938349616335E-16));
#1503=DIRECTION('ref_axis',(1.07938349616335E-16,0.,1.));
#1504=DIRECTION('center_axis',(-0.178054683907585,0.,-0.984020594062223));
#1505=DIRECTION('ref_axis',(-0.984020594062223,0.,0.178054683907585));
#1506=DIRECTION('center_axis',(-0.01773572577665,0.99984270964546,0.));
#1507=DIRECTION('ref_axis',(-0.99984270964546,-0.01773572577665,0.));
#1508=DIRECTION('center_axis',(-0.107259190388888,6.20216785272898E-16,
-0.994231092893961));
#1509=DIRECTION('ref_axis',(-0.994231092893961,0.,0.107259190388888));
#1510=DIRECTION('center_axis',(0.,-1.,0.));
#1511=DIRECTION('ref_axis',(0.,0.,-1.));
#1512=DIRECTION('center_axis',(-0.178054683907586,0.,0.984020594062223));
#1513=DIRECTION('ref_axis',(0.984020594062223,0.,0.178054683907586));
#1514=DIRECTION('center_axis',(0.,1.,0.));
#1515=DIRECTION('ref_axis',(0.,0.,1.));
#1516=DIRECTION('center_axis',(0.,-1.,0.));
#1517=DIRECTION('ref_axis',(0.,0.,-1.));
#1518=DIRECTION('center_axis',(0.107259190388888,-6.20216785272899E-16,
-0.994231092893961));
#1519=DIRECTION('ref_axis',(-0.994231092893961,0.,-0.107259190388888));
#1520=DIRECTION('center_axis',(0.,-1.,0.));
#1521=DIRECTION('ref_axis',(0.,0.,-1.));
#1522=DIRECTION('center_axis',(0.,1.,0.));
#1523=DIRECTION('ref_axis',(0.,0.,1.));
#1524=DIRECTION('center_axis',(-0.983870722959536,0.0174524064372808,-0.1780275653168));
#1525=DIRECTION('ref_axis',(-0.178054683907588,0.,0.984020594062222));
#1526=DIRECTION('center_axis',(-1.,0.,1.07938349616335E-16));
#1527=DIRECTION('ref_axis',(1.07938349616335E-16,0.,1.));
#1528=DIRECTION('center_axis',(-0.01773572577665,-0.99984270964546,0.));
#1529=DIRECTION('ref_axis',(0.99984270964546,-0.01773572577665,0.));
#1530=DIRECTION('center_axis',(0.017726529337185,0.99984287273434,-2.89075150603392E-15));
#1531=DIRECTION('ref_axis',(-0.99984287273434,0.017726529337185,-6.16297582203916E-33));
#1532=DIRECTION('',(0.0177310893243544,0.999842791878489,0.));
#1533=DIRECTION('center_axis',(0.107259190388888,0.,-0.994231092893961));
#1534=DIRECTION('ref_axis',(-0.994231092893961,0.,-0.107259190388888));
#1535=DIRECTION('center_axis',(0.0177265293371845,-0.99984287273434,0.));
#1536=DIRECTION('ref_axis',(0.99984287273434,0.0177265293371845,0.));
#1537=DIRECTION('center_axis',(0.983870722959536,0.0174524064372808,0.1780275653168));
#1538=DIRECTION('ref_axis',(0.178054683907588,0.,-0.984020594062222));
#1539=DIRECTION('center_axis',(-0.178054683907586,0.,0.984020594062223));
#1540=DIRECTION('ref_axis',(0.984020594062223,0.,0.178054683907586));
#1541=DIRECTION('center_axis',(1.,0.,0.));
#1542=DIRECTION('ref_axis',(0.,0.,-1.));
#1543=DIRECTION('center_axis',(-0.01773572577665,0.99984270964546,0.));
#1544=DIRECTION('ref_axis',(-0.99984270964546,-0.01773572577665,0.));
#1545=DIRECTION('center_axis',(0.,-1.,0.));
#1546=DIRECTION('ref_axis',(0.,0.,-1.));
#1547=DIRECTION('center_axis',(-0.107259190388887,3.5931583695609E-16,-0.994231092893961));
#1548=DIRECTION('ref_axis',(-0.994231092893961,0.,0.107259190388887));
#1549=DIRECTION('center_axis',(0.,1.,0.));
#1550=DIRECTION('ref_axis',(0.,0.,1.));
#1551=DIRECTION('center_axis',(0.,-1.,0.));
#1552=DIRECTION('ref_axis',(0.,0.,-1.));
#1553=DIRECTION('center_axis',(0.,-1.,0.));
#1554=DIRECTION('ref_axis',(-1.22464679914735E-16,0.,1.));
#1555=DIRECTION('center_axis',(-0.178054683907586,-2.13375453170548E-15,
-0.984020594062223));
#1556=DIRECTION('ref_axis',(-0.984020594062223,0.,0.178054683907586));
#1557=DIRECTION('center_axis',(0.,1.,0.));
#1558=DIRECTION('ref_axis',(0.,0.,1.));
#1559=DIRECTION('center_axis',(0.,1.,0.));
#1560=DIRECTION('ref_axis',(0.,0.,1.));
#1561=DIRECTION('center_axis',(-0.0177265293371815,0.99984287273434,0.));
#1562=DIRECTION('ref_axis',(-0.99984287273434,-0.0177265293371815,0.));
#1563=DIRECTION('center_axis',(-0.983870722959536,0.0174524064372808,0.178027565316801));
#1564=DIRECTION('ref_axis',(0.178054683907588,0.,0.984020594062222));
#1565=DIRECTION('center_axis',(1.,0.,0.));
#1566=DIRECTION('ref_axis',(0.,0.,-1.));
#1567=DIRECTION('',(0.0177310893243544,-0.999842791878489,0.));
#1568=DIRECTION('center_axis',(0.,0.,1.));
#1569=DIRECTION('ref_axis',(1.,0.,0.));
#1570=DIRECTION('center_axis',(0.,0.,1.));
#1571=DIRECTION('ref_axis',(1.,0.,0.));
#1572=DIRECTION('',(0.,0.,1.));
#1573=DIRECTION('center_axis',(0.,0.,1.));
#1574=DIRECTION('ref_axis',(1.,0.,0.));
#1575=DIRECTION('center_axis',(0.,0.,-1.));
#1576=DIRECTION('ref_axis',(-1.,0.,0.));
#1577=DIRECTION('center_axis',(0.,-1.,0.));
#1578=DIRECTION('ref_axis',(-1.,0.,0.));
#1579=DIRECTION('center_axis',(1.52496248319412E-15,1.52496248319412E-15,
1.));
#1580=DIRECTION('ref_axis',(-1.,0.,1.52496248319412E-15));
#1581=DIRECTION('center_axis',(1.52496248319412E-15,1.52496248319412E-15,
1.));
#1582=DIRECTION('ref_axis',(-1.,0.,1.52496248319412E-15));
#1583=DIRECTION('center_axis',(0.,0.,1.));
#1584=DIRECTION('ref_axis',(1.,0.,0.));
#1585=DIRECTION('center_axis',(0.,0.,1.));
#1586=DIRECTION('ref_axis',(-1.,0.,0.));
#1587=DIRECTION('center_axis',(0.,0.,-1.));
#1588=DIRECTION('ref_axis',(-1.,0.,0.));
#1589=DIRECTION('center_axis',(0.,-1.,0.));
#1590=DIRECTION('ref_axis',(1.,0.,0.));
#1591=DIRECTION('center_axis',(0.,0.,-1.));
#1592=DIRECTION('ref_axis',(-1.,0.,0.));
#1593=DIRECTION('center_axis',(0.,0.,1.));
#1594=DIRECTION('ref_axis',(1.,0.,0.));
#1595=DIRECTION('',(0.,0.,-1.));
#1596=DIRECTION('center_axis',(0.,0.,1.));
#1597=DIRECTION('ref_axis',(-1.,0.,0.));
#1598=DIRECTION('',(-0.707106781186548,-8.65956056235494E-17,-0.707106781186547));
#1599=DIRECTION('center_axis',(-1.07938349616335E-16,0.,-1.));
#1600=DIRECTION('ref_axis',(-1.,0.,1.07938349616335E-16));
#1601=DIRECTION('',(1.,0.,-1.07938349616335E-16));
#1602=DIRECTION('',(1.,0.,-1.07938349616335E-16));
#1603=DIRECTION('center_axis',(0.,-1.,0.));
#1604=DIRECTION('ref_axis',(0.,0.,-1.));
#1605=DIRECTION('center_axis',(-1.,0.,-1.22464679914735E-16));
#1606=DIRECTION('ref_axis',(-1.22464679914735E-16,0.,1.));
#1607=DIRECTION('center_axis',(0.,-1.,0.));
#1608=DIRECTION('ref_axis',(-1.,0.,-1.22464679914735E-16));
#1609=DIRECTION('center_axis',(0.,1.,0.));
#1610=DIRECTION('ref_axis',(1.,0.,0.));
#1611=DIRECTION('center_axis',(0.,-1.,0.));
#1612=DIRECTION('ref_axis',(0.,0.,-1.));
#1613=DIRECTION('center_axis',(0.,1.,0.));
#1614=DIRECTION('ref_axis',(-1.,0.,0.));
#1615=DIRECTION('center_axis',(1.,0.,1.22464679914735E-16));
#1616=DIRECTION('ref_axis',(-1.22464679914735E-16,0.,1.));
#1617=DIRECTION('center_axis',(0.,-1.,0.));
#1618=DIRECTION('ref_axis',(0.,0.,-1.));
#1619=DIRECTION('center_axis',(0.,-1.,0.));
#1620=DIRECTION('ref_axis',(0.,0.,-1.));
#1621=DIRECTION('center_axis',(0.,-1.,0.));
#1622=DIRECTION('ref_axis',(0.,0.,-1.));
#1623=DIRECTION('',(-2.13730336808358E-18,-0.999847695156391,0.0174524064372818));
#1624=DIRECTION('',(-2.13730336808358E-18,-0.999847695156391,0.0174524064372818));
#1625=DIRECTION('center_axis',(0.,-1.,0.));
#1626=DIRECTION('ref_axis',(0.,0.,-1.));
#1627=DIRECTION('center_axis',(0.,-1.,0.));
#1628=DIRECTION('ref_axis',(0.,0.,-1.));
#1629=DIRECTION('',(1.,0.,-1.07938349616335E-16));
#1630=DIRECTION('',(1.,0.,0.));
#1631=DIRECTION('center_axis',(-1.,0.,1.07938349616335E-16));
#1632=DIRECTION('ref_axis',(1.07938349616335E-16,0.,1.));
#1633=DIRECTION('center_axis',(1.,0.,0.));
#1634=DIRECTION('ref_axis',(0.,0.,-1.));
#1635=DIRECTION('center_axis',(1.,0.,0.));
#1636=DIRECTION('ref_axis',(0.,0.,-1.));
#1637=DIRECTION('center_axis',(1.,0.,-1.07938349616335E-16));
#1638=DIRECTION('ref_axis',(-1.07938349616335E-16,0.,-1.));
#1639=DIRECTION('center_axis',(0.,-1.,0.));
#1640=DIRECTION('ref_axis',(0.,0.,-1.));
#1641=DIRECTION('center_axis',(-1.,0.,-1.22464679914735E-16));
#1642=DIRECTION('ref_axis',(-1.22464679914735E-16,0.,1.));
#1643=DIRECTION('center_axis',(0.,0.,1.));
#1644=DIRECTION('ref_axis',(1.,0.,0.));
#1645=DIRECTION('',(0.,0.,1.));
#1646=DIRECTION('center_axis',(0.,0.,-1.));
#1647=DIRECTION('ref_axis',(1.,0.,0.));
#1648=DIRECTION('',(-0.00152107744577539,-0.999847695156391,0.0173859947617641));
#1649=DIRECTION('',(0.0100102890900472,-0.999847695156391,0.0142961744108631));
#1650=DIRECTION('',(0.00152107744577546,-0.999847695156391,-0.0173859947617641));
#1651=DIRECTION('',(-0.010010289090047,-0.999847695156391,-0.0142961744108632));
#1652=DIRECTION('center_axis',(0.,0.,1.));
#1653=DIRECTION('ref_axis',(1.,0.,0.));
#1654=DIRECTION('center_axis',(0.,0.,1.));
#1655=DIRECTION('ref_axis',(1.,0.,0.));
#1656=DIRECTION('',(0.,0.,-1.));
#1657=DIRECTION('center_axis',(0.,0.,-1.));
#1658=DIRECTION('ref_axis',(-1.,0.,0.));
#1659=DIRECTION('center_axis',(0.,0.,1.));
#1660=DIRECTION('ref_axis',(-1.,0.,0.));
#1661=DIRECTION('center_axis',(0.,-1.,0.));
#1662=DIRECTION('ref_axis',(1.,0.,0.));
#1663=DIRECTION('center_axis',(0.,0.,-1.));
#1664=DIRECTION('ref_axis',(-1.,0.,0.));
#1665=DIRECTION('center_axis',(0.,0.,1.));
#1666=DIRECTION('ref_axis',(1.,0.,0.));
#1667=DIRECTION('center_axis',(0.,0.,-1.));
#1668=DIRECTION('ref_axis',(1.,0.,0.));
#1669=DIRECTION('center_axis',(0.,-1.,0.));
#1670=DIRECTION('ref_axis',(-1.,0.,0.));
#1671=DIRECTION('center_axis',(0.,0.,-1.));
#1672=DIRECTION('ref_axis',(1.,0.,0.));
#1673=DIRECTION('center_axis',(0.,0.,-1.));
#1674=DIRECTION('ref_axis',(-1.,0.,0.));
#1675=DIRECTION('',(-0.707106781186548,8.65956056235494E-17,0.707106781186547));
#1676=DIRECTION('center_axis',(0.,0.,1.));
#1677=DIRECTION('ref_axis',(1.,0.,0.));
#1678=CARTESIAN_POINT('',(0.,0.,0.));
#1679=CARTESIAN_POINT('Ctrl Pts',(-0.00900000000000001,-0.000605192828491387,
-0.0168972691594377));
#1680=CARTESIAN_POINT('Ctrl Pts',(-0.00917132311249455,-0.000605192828490996,
-0.0168972691594161));
#1681=CARTESIAN_POINT('Ctrl Pts',(-0.00934257876045929,-0.000604624942601485,
-0.0168632042821689));
#1682=CARTESIAN_POINT('Ctrl Pts',(-0.00965914249332016,-0.000602438995125333,
-0.0167320792906626));
#1683=CARTESIAN_POINT('Ctrl Pts',(-0.00980432606779358,-0.00060082179293448,
-0.016635070727623));
#1684=CARTESIAN_POINT('Ctrl Pts',(-0.0100466134595032,-0.000596782688669734,
-0.0163927833359135));
#1685=CARTESIAN_POINT('Ctrl Pts',(-0.0101436220225412,-0.000594362374551544,
-0.0162475997614438));
#1686=CARTESIAN_POINT('Ctrl Pts',(-0.0102747470140505,-0.000589085030507899,
-0.0159310360285754));
#1687=CARTESIAN_POINT('Ctrl Pts',(-0.0103088118913177,-0.000586230075346675,
-0.0157597803257967));
#1688=CARTESIAN_POINT('Ctrl Pts',(-0.0103088118913177,-0.000580517919315554,
-0.0154171342104431));
#1689=CARTESIAN_POINT('Ctrl Pts',(-0.0102747470140504,-0.000577662964154365,
-0.0152458785076642));
#1690=CARTESIAN_POINT('Ctrl Pts',(-0.0101436220225413,-0.000572385620110649,
-0.0149293147747962));
#1691=CARTESIAN_POINT('Ctrl Pts',(-0.0100466134595032,-0.000569965305992495,
-0.0147841312003265));
#1692=CARTESIAN_POINT('Ctrl Pts',(-0.00980432606779356,-0.000565926201727748,
-0.0145418438086166));
#1693=CARTESIAN_POINT('Ctrl Pts',(-0.00965914249332018,-0.000564308999536895,
-0.0144448352455774));
#1694=CARTESIAN_POINT('Ctrl Pts',(-0.00934257876045927,-0.000562123052060743,
-0.0143137102540708));
#1695=CARTESIAN_POINT('Ctrl Pts',(-0.00917132305767119,-0.000561555166170842,
-0.0142796453768022));
#1696=CARTESIAN_POINT('Ctrl Pts',(-0.00882867694232883,-0.000561555166170842,
-0.0142796453768022));
#1697=CARTESIAN_POINT('Ctrl Pts',(-0.00865742123954076,-0.000562123052060743,
-0.0143137102540709));
#1698=CARTESIAN_POINT('Ctrl Pts',(-0.00834085750667985,-0.000564308999536895,
-0.0144448352455772));
#1699=CARTESIAN_POINT('Ctrl Pts',(-0.0081956739322066,-0.000565926201727748,
-0.0145418438086167));
#1700=CARTESIAN_POINT('Ctrl Pts',(-0.00795338654049671,-0.000569965305992495,
-0.0147841312003264));
#1701=CARTESIAN_POINT('Ctrl Pts',(-0.00785637797745886,-0.000572385620110649,
-0.0149293147747962));
#1702=CARTESIAN_POINT('Ctrl Pts',(-0.0077252529859495,-0.000577662964154365,
-0.0152458785076642));
#1703=CARTESIAN_POINT('Ctrl Pts',(-0.00769118810868228,-0.000580517919315555,
-0.0154171342104431));
#1704=CARTESIAN_POINT('Ctrl Pts',(-0.00769118810868228,-0.000586230075346674,
-0.0157597803257967));
#1705=CARTESIAN_POINT('Ctrl Pts',(-0.00772525298594949,-0.000589085030507899,
-0.0159310360285757));
#1706=CARTESIAN_POINT('Ctrl Pts',(-0.00785637797745885,-0.000594362374551544,
-0.0162475997614435));
#1707=CARTESIAN_POINT('Ctrl Pts',(-0.00795338654049677,-0.000596782688669735,
-0.0163927833359138));
#1708=CARTESIAN_POINT('Ctrl Pts',(-0.00819567393220653,-0.000600821792934479,
-0.0166350707276227));
#1709=CARTESIAN_POINT('Ctrl Pts',(-0.00834085750667984,-0.000602438995125333,
-0.0167320792906623));
#1710=CARTESIAN_POINT('Ctrl Pts',(-0.00865742123954075,-0.000604624942601485,
-0.0168632042821692));
#1711=CARTESIAN_POINT('Ctrl Pts',(-0.00882867688750548,-0.000605192828491777,
-0.0168972691594592));
#1712=CARTESIAN_POINT('Ctrl Pts',(-0.00900000000000002,-0.000605192828491387,
-0.0168972691594377));
#1713=CARTESIAN_POINT('Ctrl Pts',(-0.00900000000000001,0.00281650336331832,
-0.016837543230245));
#1714=CARTESIAN_POINT('Ctrl Pts',(-0.00916350500497722,0.00281650336331871,
-0.0168375432302242));
#1715=CARTESIAN_POINT('Ctrl Pts',(-0.00932694562408127,0.00281707124920822,
-0.0168050328593656));
#1716=CARTESIAN_POINT('Ctrl Pts',(-0.00962906338252889,0.00281925719668437,
-0.0166798915863832));
#1717=CARTESIAN_POINT('Ctrl Pts',(-0.00976762169332117,0.00282087439887523,
-0.0165873098830058));
#1718=CARTESIAN_POINT('Ctrl Pts',(-0.00999885261488595,0.00282491350313997,
-0.0163560789614411));
#1719=CARTESIAN_POINT('Ctrl Pts',(-0.0100914343182616,0.00282733381725816,
-0.0162175206506523));
#1720=CARTESIAN_POINT('Ctrl Pts',(-0.0102165755912474,0.00283261116130181,
-0.0159154028921976));
#1721=CARTESIAN_POINT('Ctrl Pts',(-0.0102490859621251,0.00283546611646303,
-0.0157519622207813));
#1722=CARTESIAN_POINT('Ctrl Pts',(-0.0102490859621251,0.00284117827249415,
-0.0154249523154585));
#1723=CARTESIAN_POINT('Ctrl Pts',(-0.0102165755912473,0.00284403322765534,
-0.015261511644042));
#1724=CARTESIAN_POINT('Ctrl Pts',(-0.0100914343182617,0.00284931057169906,
-0.0149593938855876));
#1725=CARTESIAN_POINT('Ctrl Pts',(-0.00999885261488597,0.00285173088581721,
-0.0148208355747989));
#1726=CARTESIAN_POINT('Ctrl Pts',(-0.00976762169332115,0.00285576999008196,
-0.0145896046532338));
#1727=CARTESIAN_POINT('Ctrl Pts',(-0.00962906338252891,0.00285738719227281,
-0.0144970229498569));
#1728=CARTESIAN_POINT('Ctrl Pts',(-0.00932694562408125,0.00285957313974896,
-0.0143718816768739));
#1729=CARTESIAN_POINT('Ctrl Pts',(-0.00916350495265581,0.00286014102563887,
-0.0143393713059948));
#1730=CARTESIAN_POINT('Ctrl Pts',(-0.00883649504734422,0.00286014102563887,
-0.0143393713059948));
#1731=CARTESIAN_POINT('Ctrl Pts',(-0.00867305437591878,0.00285957313974896,
-0.0143718816768741));
#1732=CARTESIAN_POINT('Ctrl Pts',(-0.00837093661747111,0.00285738719227281,
-0.0144970229498567));
#1733=CARTESIAN_POINT('Ctrl Pts',(-0.00823237830667901,0.00285576999008196,
-0.0145896046532339));
#1734=CARTESIAN_POINT('Ctrl Pts',(-0.00800114738511391,0.00285173088581721,
-0.0148208355747988));
#1735=CARTESIAN_POINT('Ctrl Pts',(-0.00790856568173829,0.00284931057169906,
-0.0149593938855876));
#1736=CARTESIAN_POINT('Ctrl Pts',(-0.00778342440875272,0.00284403322765534,
-0.015261511644042));
#1737=CARTESIAN_POINT('Ctrl Pts',(-0.00775091403787496,0.00284117827249415,
-0.0154249523154585));
#1738=CARTESIAN_POINT('Ctrl Pts',(-0.00775091403787496,0.00283546611646303,
-0.0157519622207813));
#1739=CARTESIAN_POINT('Ctrl Pts',(-0.00778342440875272,0.00283261116130181,
-0.0159154028921979));
#1740=CARTESIAN_POINT('Ctrl Pts',(-0.00790856568173829,0.00282733381725816,
-0.016217520650652));
#1741=CARTESIAN_POINT('Ctrl Pts',(-0.00800114738511398,0.00282491350313997,
-0.0163560789614414));
#1742=CARTESIAN_POINT('Ctrl Pts',(-0.00823237830667894,0.00282087439887523,
-0.0165873098830055));
#1743=CARTESIAN_POINT('Ctrl Pts',(-0.00837093661747111,0.00281925719668437,
-0.0166798915863829));
#1744=CARTESIAN_POINT('Ctrl Pts',(-0.00867305437591878,0.00281707124920822,
-0.0168050328593659));
#1745=CARTESIAN_POINT('Ctrl Pts',(-0.0088364949950228,0.00281650336331793,
-0.0168375432302657));
#1746=CARTESIAN_POINT('Ctrl Pts',(-0.00900000000000001,0.00281650336331832,
-0.016837543230245));
#1747=CARTESIAN_POINT('',(-0.00900000000000001,0.00276413816853371,-0.0168384572681199));
#1748=CARTESIAN_POINT('',(-0.00900000000000001,-3.46944695195361E-20,-0.0168867054793222));
#1749=CARTESIAN_POINT('Ctrl Pts',(-0.00900000000000001,0.00276413816853371,
-0.0168384572681199));
#1750=CARTESIAN_POINT('Ctrl Pts',(-0.00900000000000001,-3.46944695195361E-20,
-0.0168867054793222));
#1751=CARTESIAN_POINT('',(-0.00900000000000001,0.00280777583085422,-0.0143384572681199));
#1752=CARTESIAN_POINT('Ctrl Pts',(-0.00900000000000001,0.00280777583085422,
-0.0143384572681199));
#1753=CARTESIAN_POINT('Ctrl Pts',(-0.00916362459992109,0.00280777583085422,
-0.0143384572681199));
#1754=CARTESIAN_POINT('Ctrl Pts',(-0.00932718487157303,0.00280720794496432,
-0.0143709914289632));
#1755=CARTESIAN_POINT('Ctrl Pts',(-0.00962952370933972,0.00280502199748816,
-0.0144962242759984));
#1756=CARTESIAN_POINT('Ctrl Pts',(-0.00976818341230816,0.00280340479529731,
-0.0145888737274615));
#1757=CARTESIAN_POINT('Ctrl Pts',(-0.00999958354065823,0.00279936569103256,
-0.0148202738558119));
#1758=CARTESIAN_POINT('Ctrl Pts',(-0.0100922329921202,0.00279694537691441,
-0.0149589335587768));
#1759=CARTESIAN_POINT('Ctrl Pts',(-0.0102174658391581,0.00279166803287069,
-0.0152612723965502));
#1760=CARTESIAN_POINT('Ctrl Pts',(-0.01025,0.00278881307770951,-0.0154248326681932));
#1761=CARTESIAN_POINT('Ctrl Pts',(-0.01025,0.00278310092167838,-0.0157520818680466));
#1762=CARTESIAN_POINT('Ctrl Pts',(-0.0102174658391582,0.00278024596651716,
-0.0159156421396894));
#1763=CARTESIAN_POINT('Ctrl Pts',(-0.01009223299212,0.00277496862247352,
-0.0162179809774631));
#1764=CARTESIAN_POINT('Ctrl Pts',(-0.00999958354065822,0.00277254830835533,
-0.0163566406804281));
#1765=CARTESIAN_POINT('Ctrl Pts',(-0.00976818341230817,0.00276850920409058,
-0.0165880408087781));
#1766=CARTESIAN_POINT('Ctrl Pts',(-0.0096295237093397,0.00276689200189973,
-0.0166806902602417));
#1767=CARTESIAN_POINT('Ctrl Pts',(-0.00932718487157305,0.00276470605442357,
-0.0168059231072763));
#1768=CARTESIAN_POINT('Ctrl Pts',(-0.00916362465228079,0.00276413816853406,
-0.0168384572680992));
#1769=CARTESIAN_POINT('Ctrl Pts',(-0.00900000000000001,0.00276413816853367,
-0.0168384572681199));
#1770=CARTESIAN_POINT('',(-0.00837502095472173,0.00276706235451415,-0.0166709307654971));
#1771=CARTESIAN_POINT('Ctrl Pts',(-0.00837502095472173,0.00276706235451415,
-0.0166709307654971));
#1772=CARTESIAN_POINT('Ctrl Pts',(-0.00828057999193823,0.00276801494340995,
-0.0166163569842067));
#1773=CARTESIAN_POINT('Ctrl Pts',(-0.00819324655786047,0.00276918244646557,
-0.0165494707789465));
#1774=CARTESIAN_POINT('Ctrl Pts',(-0.00800041645934171,0.00277254830835532,
-0.0163566406804284));
#1775=CARTESIAN_POINT('Ctrl Pts',(-0.00790776700787984,0.00277496862247352,
-0.0162179809774628));
#1776=CARTESIAN_POINT('Ctrl Pts',(-0.00778253416084196,0.00278024596651716,
-0.0159156421396897));
#1777=CARTESIAN_POINT('Ctrl Pts',(-0.00775000000000001,0.00278310092167839,
-0.0157520818680466));
#1778=CARTESIAN_POINT('Ctrl Pts',(-0.00775000000000001,0.0027888130777095,
-0.0154248326681932));
#1779=CARTESIAN_POINT('Ctrl Pts',(-0.00778253416084196,0.00279166803287069,
-0.0152612723965502));
#1780=CARTESIAN_POINT('Ctrl Pts',(-0.00790776700787984,0.00279694537691441,
-0.0149589335587768));
#1781=CARTESIAN_POINT('Ctrl Pts',(-0.00800041645934165,0.00279936569103256,
-0.0148202738558118));
#1782=CARTESIAN_POINT('Ctrl Pts',(-0.00823181658769201,0.00280340479529731,
-0.0145888737274617));
#1783=CARTESIAN_POINT('Ctrl Pts',(-0.0083704762906603,0.00280502199748816,
-0.0144962242759983));
#1784=CARTESIAN_POINT('Ctrl Pts',(-0.008672815128427,0.00280720794496432,
-0.0143709914289633));
#1785=CARTESIAN_POINT('Ctrl Pts',(-0.00883637540007893,0.00280777583085422,
-0.0143384572681199));
#1786=CARTESIAN_POINT('Ctrl Pts',(-0.00900000000000001,0.00280777583085422,
-0.0143384572681199));
#1787=CARTESIAN_POINT('',(-0.00835087213787042,8.53650392154724E-20,-0.0167127568946002));
#1788=CARTESIAN_POINT('Ctrl Pts',(-0.00837502095472173,0.00276706235451415,
-0.0166709307654971));
#1789=CARTESIAN_POINT('Ctrl Pts',(-0.00835087213787042,8.53650392154724E-20,
-0.0167127568946002));
#1790=CARTESIAN_POINT('Ctrl Pts',(-0.00900000000000001,-2.00069214418328E-21,
-0.0168867054793222));
#1791=CARTESIAN_POINT('Ctrl Pts',(-0.00911870316864929,-2.00069214418328E-21,
-0.0168867054793073));
#1792=CARTESIAN_POINT('Ctrl Pts',(-0.00923752545738502,0.,-0.0168699148181941));
#1793=CARTESIAN_POINT('Ctrl Pts',(-0.0095109275584445,0.,-0.0167937757904531));
#1794=CARTESIAN_POINT('Ctrl Pts',(-0.00966697971372905,-6.93889390390723E-20,
-0.0167147292440356));
#1795=CARTESIAN_POINT('Ctrl Pts',(-0.00993160627570884,-6.93889390390723E-20,
-0.0165082899315942));
#1796=CARTESIAN_POINT('Ctrl Pts',(-0.0100457996311392,1.3842046704885E-19,
-0.0163758757753201));
#1797=CARTESIAN_POINT('Ctrl Pts',(-0.0102118519274619,1.39134811251947E-19,
-0.016084075324223));
#1798=CARTESIAN_POINT('Ctrl Pts',(-0.010267051096904,-6.9747119340611E-20,
-0.0159182639551621));
#1799=CARTESIAN_POINT('Ctrl Pts',(-0.0103093893185261,-6.90325212417815E-20,
-0.015585109741644));
#1800=CARTESIAN_POINT('Ctrl Pts',(-0.0102973686329488,3.58905941316516E-22,
-0.0154108729524367));
#1801=CARTESIAN_POINT('Ctrl Pts',(-0.0102095302081378,-3.55788517226088E-22,
-0.0150866285448382));
#1802=CARTESIAN_POINT('Ctrl Pts',(-0.0101321862017621,6.93889390390723E-20,
-0.0149301579162992));
#1803=CARTESIAN_POINT('Ctrl Pts',(-0.00992733287362137,6.93889390390723E-20,
-0.0146637553058565));
#1804=CARTESIAN_POINT('Ctrl Pts',(-0.00979636257737908,-1.04083408558608E-18,
-0.0145485292074148));
#1805=CARTESIAN_POINT('Ctrl Pts',(-0.0096495922613868,-1.04083408558608E-18,
-0.0144636642484009));
#1806=CARTESIAN_POINT('Ctrl Pts',(-0.00957042311937375,-1.04083408558608E-18,
-0.0144178873762407));
#1807=CARTESIAN_POINT('Ctrl Pts',(-0.00948674255837043,6.92914127575445E-20,
-0.0143806134877695));
#1808=CARTESIAN_POINT('Ctrl Pts',(-0.00932294158982436,6.94743481729999E-20,
-0.0143277529837725));
#1809=CARTESIAN_POINT('Ctrl Pts',(-0.0092349472907492,6.93612926093191E-20,
-0.014306742473942));
#1810=CARTESIAN_POINT('Ctrl Pts',(-0.00896185458557583,6.9434227827009E-20,
-0.0142788309800521));
#1811=CARTESIAN_POINT('Ctrl Pts',(-0.00878662580359705,-8.67873030882848E-23,
-0.0142968526779966));
#1812=CARTESIAN_POINT('Ctrl Pts',(-0.00846669479206426,9.05523149610772E-23,
-0.0143917746486544));
#1813=CARTESIAN_POINT('Ctrl Pts',(-0.00831149147441172,0.,-0.0144750526870593));
#1814=CARTESIAN_POINT('Ctrl Pts',(-0.00805164260489221,0.,-0.0146846768807452));
#1815=CARTESIAN_POINT('Ctrl Pts',(-0.00793978784301439,-6.93889390390723E-20,
-0.0148206784821204));
#1816=CARTESIAN_POINT('Ctrl Pts',(-0.0077792316880426,-6.93889390390723E-20,
-0.0151135400059893));
#1817=CARTESIAN_POINT('Ctrl Pts',(-0.00772751158017111,0.,-0.0152817928908477));
#1818=CARTESIAN_POINT('Ctrl Pts',(-0.00769052116777568,0.,-0.0156138276818828));
#1819=CARTESIAN_POINT('Ctrl Pts',(-0.00770665220260088,-3.4975950836949E-22,
-0.0157890252336077));
#1820=CARTESIAN_POINT('Ctrl Pts',(-0.00779888444035806,3.61344417818587E-22,
-0.0161102365923838));
#1821=CARTESIAN_POINT('Ctrl Pts',(-0.00788037435842354,0.,-0.016266065537179));
#1822=CARTESIAN_POINT('Ctrl Pts',(-0.00808418405142533,0.,-0.0165232072835854));
#1823=CARTESIAN_POINT('Ctrl Pts',(-0.00821273905762099,5.57223097643108E-21,
-0.016632962167788));
#1824=CARTESIAN_POINT('Ctrl Pts',(-0.00835087213787044,5.57223097643108E-21,
-0.0167127568946002));
#1825=CARTESIAN_POINT('Ctrl Pts',(-0.009,-0.000605192828491387,0.0168972691594377));
#1826=CARTESIAN_POINT('Ctrl Pts',(-0.00882867688750547,-0.000605192828490996,
0.0168972691594161));
#1827=CARTESIAN_POINT('Ctrl Pts',(-0.00865742123954072,-0.000604624942601486,
0.0168632042821689));
#1828=CARTESIAN_POINT('Ctrl Pts',(-0.00834085750667985,-0.000602438995125334,
0.0167320792906626));
#1829=CARTESIAN_POINT('Ctrl Pts',(-0.00819567393220643,-0.00060082179293448,
0.016635070727623));
#1830=CARTESIAN_POINT('Ctrl Pts',(-0.00795338654049686,-0.000596782688669734,
0.0163927833359135));
#1831=CARTESIAN_POINT('Ctrl Pts',(-0.00785637797745899,-0.000594362374551545,
0.0162475997614438));
#1832=CARTESIAN_POINT('Ctrl Pts',(-0.00772525298594934,-0.0005890850305079,
0.0159310360285754));
#1833=CARTESIAN_POINT('Ctrl Pts',(-0.00769118810868227,-0.000586230075346675,
0.0157597803257967));
#1834=CARTESIAN_POINT('Ctrl Pts',(-0.00769118810868227,-0.000580517919315554,
0.0154171342104431));
#1835=CARTESIAN_POINT('Ctrl Pts',(-0.00772525298594949,-0.000577662964154365,
0.0152458785076644));
#1836=CARTESIAN_POINT('Ctrl Pts',(-0.00785637797745885,-0.000572385620110649,
0.014929314774796));
#1837=CARTESIAN_POINT('Ctrl Pts',(-0.0079533865404967,-0.000569965305992495,
0.0147841312003265));
#1838=CARTESIAN_POINT('Ctrl Pts',(-0.0081956739322066,-0.000565926201727749,
0.0145418438086166));
#1839=CARTESIAN_POINT('Ctrl Pts',(-0.00834085750667983,-0.000564308999536896,
0.0144448352455772));
#1840=CARTESIAN_POINT('Ctrl Pts',(-0.00865742123954074,-0.000562123052060744,
0.0143137102540709));
#1841=CARTESIAN_POINT('Ctrl Pts',(-0.00882867694232882,-0.000561555166170843,
0.0142796453768022));
#1842=CARTESIAN_POINT('Ctrl Pts',(-0.00917132305767118,-0.000561555166170843,
0.0142796453768022));
#1843=CARTESIAN_POINT('Ctrl Pts',(-0.00934257876045926,-0.000562123052060744,
0.0143137102540709));
#1844=CARTESIAN_POINT('Ctrl Pts',(-0.00965914249332017,-0.000564308999536896,
0.0144448352455772));
#1845=CARTESIAN_POINT('Ctrl Pts',(-0.00980432606779341,-0.000565926201727749,
0.0145418438086166));
#1846=CARTESIAN_POINT('Ctrl Pts',(-0.0100466134595033,-0.000569965305992495,
0.0147841312003265));
#1847=CARTESIAN_POINT('Ctrl Pts',(-0.0101436220225413,-0.000572385620110649,
0.0149293147747962));
#1848=CARTESIAN_POINT('Ctrl Pts',(-0.0102747470140504,-0.000577662964154365,
0.0152458785076642));
#1849=CARTESIAN_POINT('Ctrl Pts',(-0.0103088118913177,-0.000580517919315555,
0.0154171342104431));
#1850=CARTESIAN_POINT('Ctrl Pts',(-0.0103088118913177,-0.000586230075346674,
0.0157597803257967));
#1851=CARTESIAN_POINT('Ctrl Pts',(-0.0102747470140504,-0.0005890850305079,
0.0159310360285757));
#1852=CARTESIAN_POINT('Ctrl Pts',(-0.0101436220225413,-0.000594362374551545,
0.0162475997614435));
#1853=CARTESIAN_POINT('Ctrl Pts',(-0.0100466134595032,-0.000596782688669735,
0.0163927833359138));
#1854=CARTESIAN_POINT('Ctrl Pts',(-0.00980432606779348,-0.000600821792934479,
0.0166350707276227));
#1855=CARTESIAN_POINT('Ctrl Pts',(-0.00965914249332017,-0.000602438995125334,
0.0167320792906623));
#1856=CARTESIAN_POINT('Ctrl Pts',(-0.00934257876045926,-0.000604624942601486,
0.0168632042821692));
#1857=CARTESIAN_POINT('Ctrl Pts',(-0.00917132311249453,-0.000605192828491777,
0.0168972691594592));
#1858=CARTESIAN_POINT('Ctrl Pts',(-0.009,-0.000605192828491387,0.0168972691594377));
#1859=CARTESIAN_POINT('Ctrl Pts',(-0.009,0.00281650336331832,0.016837543230245));
#1860=CARTESIAN_POINT('Ctrl Pts',(-0.00883649499502279,0.00281650336331871,
0.0168375432302242));
#1861=CARTESIAN_POINT('Ctrl Pts',(-0.00867305437591875,0.00281707124920822,
0.0168050328593656));
#1862=CARTESIAN_POINT('Ctrl Pts',(-0.00837093661747112,0.00281925719668437,
0.0166798915863832));
#1863=CARTESIAN_POINT('Ctrl Pts',(-0.00823237830667884,0.00282087439887523,
0.0165873098830058));
#1864=CARTESIAN_POINT('Ctrl Pts',(-0.00800114738511406,0.00282491350313997,
0.0163560789614411));
#1865=CARTESIAN_POINT('Ctrl Pts',(-0.00790856568173842,0.00282733381725816,
0.0162175206506523));
#1866=CARTESIAN_POINT('Ctrl Pts',(-0.00778342440875256,0.00283261116130181,
0.0159154028921976));
#1867=CARTESIAN_POINT('Ctrl Pts',(-0.00775091403787495,0.00283546611646303,
0.0157519622207813));
#1868=CARTESIAN_POINT('Ctrl Pts',(-0.00775091403787495,0.00284117827249415,
0.0154249523154585));
#1869=CARTESIAN_POINT('Ctrl Pts',(-0.00778342440875271,0.00284403322765534,
0.0152615116440422));
#1870=CARTESIAN_POINT('Ctrl Pts',(-0.00790856568173828,0.00284931057169906,
0.0149593938855875));
#1871=CARTESIAN_POINT('Ctrl Pts',(-0.0080011473851139,0.00285173088581721,
0.0148208355747989));
#1872=CARTESIAN_POINT('Ctrl Pts',(-0.008232378306679,0.00285576999008196,
0.0145896046532338));
#1873=CARTESIAN_POINT('Ctrl Pts',(-0.0083709366174711,0.00285738719227281,
0.0144970229498567));
#1874=CARTESIAN_POINT('Ctrl Pts',(-0.00867305437591877,0.00285957313974896,
0.0143718816768741));
#1875=CARTESIAN_POINT('Ctrl Pts',(-0.00883649504734421,0.00286014102563887,
0.0143393713059948));
#1876=CARTESIAN_POINT('Ctrl Pts',(-0.0091635049526558,0.00286014102563887,
0.0143393713059948));
#1877=CARTESIAN_POINT('Ctrl Pts',(-0.00932694562408123,0.00285957313974896,
0.0143718816768741));
#1878=CARTESIAN_POINT('Ctrl Pts',(-0.0096290633825289,0.00285738719227281,
0.0144970229498567));
#1879=CARTESIAN_POINT('Ctrl Pts',(-0.009767621693321,0.00285576999008196,
0.0145896046532338));
#1880=CARTESIAN_POINT('Ctrl Pts',(-0.0099988526148861,0.00285173088581721,
0.0148208355747989));
#1881=CARTESIAN_POINT('Ctrl Pts',(-0.0100914343182617,0.00284931057169906,
0.0149593938855876));
#1882=CARTESIAN_POINT('Ctrl Pts',(-0.0102165755912473,0.00284403322765534,
0.015261511644042));
#1883=CARTESIAN_POINT('Ctrl Pts',(-0.0102490859621251,0.00284117827249415,
0.0154249523154585));
#1884=CARTESIAN_POINT('Ctrl Pts',(-0.0102490859621251,0.00283546611646303,
0.0157519622207813));
#1885=CARTESIAN_POINT('Ctrl Pts',(-0.0102165755912473,0.00283261116130181,
0.0159154028921979));
#1886=CARTESIAN_POINT('Ctrl Pts',(-0.0100914343182617,0.00282733381725816,
0.016217520650652));
#1887=CARTESIAN_POINT('Ctrl Pts',(-0.00999885261488604,0.00282491350313997,
0.0163560789614414));
#1888=CARTESIAN_POINT('Ctrl Pts',(-0.00976762169332107,0.00282087439887523,
0.0165873098830055));
#1889=CARTESIAN_POINT('Ctrl Pts',(-0.0096290633825289,0.00281925719668437,
0.0166798915863829));
#1890=CARTESIAN_POINT('Ctrl Pts',(-0.00932694562408123,0.00281707124920822,
0.0168050328593659));
#1891=CARTESIAN_POINT('Ctrl Pts',(-0.00916350500497721,0.00281650336331793,
0.0168375432302657));
#1892=CARTESIAN_POINT('Ctrl Pts',(-0.009,0.00281650336331832,0.016837543230245));
#1893=CARTESIAN_POINT('',(-0.009,0.00276413816906203,0.0168384572681107));
#1894=CARTESIAN_POINT('',(-0.009,-1.41746336890236E-14,0.0168867054793225));
#1895=CARTESIAN_POINT('Ctrl Pts',(-0.009,0.00276413816906203,0.0168384572681107));
#1896=CARTESIAN_POINT('Ctrl Pts',(-0.009,-1.41746336890236E-14,0.0168867054793225));
#1897=CARTESIAN_POINT('',(-0.009,0.00280777583085422,0.0143384572681199));
#1898=CARTESIAN_POINT('Ctrl Pts',(-0.009,0.00280777583085422,0.0143384572681199));
#1899=CARTESIAN_POINT('Ctrl Pts',(-0.00883637540007892,0.00280777583085422,
0.0143384572681199));
#1900=CARTESIAN_POINT('Ctrl Pts',(-0.00867281512842698,0.00280720794496432,
0.0143709914289633));
#1901=CARTESIAN_POINT('Ctrl Pts',(-0.00837047629066029,0.00280502199748816,
0.0144962242759983));
#1902=CARTESIAN_POINT('Ctrl Pts',(-0.008231816587692,0.00280340479529731,
0.0145888737274615));
#1903=CARTESIAN_POINT('Ctrl Pts',(-0.00800041645934164,0.00279936569103256,
0.0148202738558119));
#1904=CARTESIAN_POINT('Ctrl Pts',(-0.00790776700787983,0.00279694537691441,
0.0149589335587767));
#1905=CARTESIAN_POINT('Ctrl Pts',(-0.00778253416084195,0.00279166803287069,
0.0152612723965504));
#1906=CARTESIAN_POINT('Ctrl Pts',(-0.00775,0.00278881307770951,0.0154248326681932));
#1907=CARTESIAN_POINT('Ctrl Pts',(-0.00775,0.00278310092167838,0.0157520818680466));
#1908=CARTESIAN_POINT('Ctrl Pts',(-0.00778253416084181,0.00278024596651716,
0.0159156421396894));
#1909=CARTESIAN_POINT('Ctrl Pts',(-0.00790776700787997,0.00277496862247352,
0.0162179809774631));
#1910=CARTESIAN_POINT('Ctrl Pts',(-0.00800041645934179,0.00277254830835533,
0.0163566406804281));
#1911=CARTESIAN_POINT('Ctrl Pts',(-0.00823181658769184,0.00276850920409058,
0.0165880408087781));
#1912=CARTESIAN_POINT('Ctrl Pts',(-0.00837047629066031,0.00276689200189973,
0.0166806902602417));
#1913=CARTESIAN_POINT('Ctrl Pts',(-0.00867281512842696,0.00276470605442357,
0.0168059231072763));
#1914=CARTESIAN_POINT('Ctrl Pts',(-0.00883637534771922,0.00276413816853406,
0.0168384572680992));
#1915=CARTESIAN_POINT('Ctrl Pts',(-0.009,0.00276413816853367,0.0168384572681199));
#1916=CARTESIAN_POINT('',(-0.0102499999999176,0.00278595675063681,0.0155884715365932));
#1917=CARTESIAN_POINT('Ctrl Pts',(-0.0102499999999175,0.00278595675063682,
0.0155884715365932));
#1918=CARTESIAN_POINT('Ctrl Pts',(-0.0102499999999725,0.00278595683365586,
0.0155884667804355));
#1919=CARTESIAN_POINT('Ctrl Pts',(-0.01025,0.0027859569166749,0.0155884620242777));
#1920=CARTESIAN_POINT('Ctrl Pts',(-0.01025,0.0027888130777095,0.0154248326681932));
#1921=CARTESIAN_POINT('Ctrl Pts',(-0.010217465839158,0.00279166803287069,
0.0152612723965502));
#1922=CARTESIAN_POINT('Ctrl Pts',(-0.0100922329921202,0.00279694537691441,
0.0149589335587768));
#1923=CARTESIAN_POINT('Ctrl Pts',(-0.00999958354065837,0.00279936569103256,
0.0148202738558119));
#1924=CARTESIAN_POINT('Ctrl Pts',(-0.00976818341230801,0.00280340479529731,
0.0145888737274615));
#1925=CARTESIAN_POINT('Ctrl Pts',(-0.00962952370933971,0.00280502199748816,
0.0144962242759983));
#1926=CARTESIAN_POINT('Ctrl Pts',(-0.00932718487157301,0.00280720794496432,
0.0143709914289633));
#1927=CARTESIAN_POINT('Ctrl Pts',(-0.00916362459992108,0.00280777583085422,
0.0143384572681199));
#1928=CARTESIAN_POINT('Ctrl Pts',(-0.009,0.00280777583085422,0.0143384572681199));
#1929=CARTESIAN_POINT('',(-0.0102986290558839,-7.89895704936141E-20,0.0155884720916831));
#1930=CARTESIAN_POINT('Ctrl Pts',(-0.0102499999999176,0.00278595675063681,
0.0155884715365932));
#1931=CARTESIAN_POINT('Ctrl Pts',(-0.0102986290558839,-7.89895704936141E-20,
0.0155884720916831));
#1932=CARTESIAN_POINT('Ctrl Pts',(-0.009,-1.41746336890236E-14,0.0168867054793225));
#1933=CARTESIAN_POINT('Ctrl Pts',(-0.0089154239768165,-7.18966049534437E-12,
0.0168867054794371));
#1934=CARTESIAN_POINT('Ctrl Pts',(-0.00882953097642222,1.54706060554699E-18,
0.0168781764705699));
#1935=CARTESIAN_POINT('Ctrl Pts',(-0.00874637583528633,1.31838984174237E-18,
0.0168616163697692));
#1936=CARTESIAN_POINT('Ctrl Pts',(-0.00866311141447735,9.90617179560947E-19,
0.0168450345062442));
#1937=CARTESIAN_POINT('Ctrl Pts',(-0.00858214129705226,3.32497592080683E-19,
0.0168205817079673));
#1938=CARTESIAN_POINT('Ctrl Pts',(-0.00850352453059245,2.77555756156289E-19,
0.0167880554037946));
#1939=CARTESIAN_POINT('Ctrl Pts',(-0.00834631087671175,1.89847744341701E-19,
0.0167230110200518));
#1940=CARTESIAN_POINT('Ctrl Pts',(-0.00820319420057748,1.35244937071431E-12,
0.0166277591514982));
#1941=CARTESIAN_POINT('Ctrl Pts',(-0.00808192100976131,2.56253351871294E-16,
0.0165065362583586));
#1942=CARTESIAN_POINT('Ctrl Pts',(-0.00796074881018619,-1.35081090116646E-12,
0.0163854143145742));
#1943=CARTESIAN_POINT('Ctrl Pts',(-0.00786552176164267,7.44363857150888E-12,
0.0162425644431758));
#1944=CARTESIAN_POINT('Ctrl Pts',(-0.00780035784134482,1.21089943627695E-14,
0.0160853653202294));
#1945=CARTESIAN_POINT('Ctrl Pts',(-0.0077676737982105,-3.71529774324417E-12,
0.0160065194973941));
#1946=CARTESIAN_POINT('Ctrl Pts',(-0.00774314173726497,-1.33956333269563E-19,
0.0159253659912596));
#1947=CARTESIAN_POINT('Ctrl Pts',(-0.00772651824054774,-6.93889390390723E-20,
0.0158419926622428));
#1948=CARTESIAN_POINT('Ctrl Pts',(-0.00770995962749332,8.9618179513162E-20,
0.015758944750138));
#1949=CARTESIAN_POINT('Ctrl Pts',(-0.00770139574719826,-2.36814687446186E-12,
0.015673046709251));
#1950=CARTESIAN_POINT('Ctrl Pts',(-0.00770137093968301,-6.17707274219725E-15,
0.0155884572681199));
#1951=CARTESIAN_POINT('Ctrl Pts',(-0.00770132119488844,4.73011752044268E-12,
0.0154188359122451));
#1952=CARTESIAN_POINT('Ctrl Pts',(-0.0077353444267057,-4.90711645682414E-19,
0.0152478771836218));
#1953=CARTESIAN_POINT('Ctrl Pts',(-0.00780007353069421,-1.38777878078145E-19,
0.0150914739337649));
#1954=CARTESIAN_POINT('Ctrl Pts',(-0.00786474635065265,2.12849871837983E-19,
0.0149352066815455));
#1955=CARTESIAN_POINT('Ctrl Pts',(-0.00796146664056874,-5.80015912193322E-19,
0.0147902349697587));
#1956=CARTESIAN_POINT('Ctrl Pts',(-0.0080811086448479,-4.85722573273506E-19,
0.0146704293291001));
#1957=CARTESIAN_POINT('Ctrl Pts',(-0.00820075064912706,-4.18853193481765E-19,
0.0145506236884414));
#1958=CARTESIAN_POINT('Ctrl Pts',(-0.00834495476592099,5.09765496344694E-19,
0.01445393974238));
#1959=CARTESIAN_POINT('Ctrl Pts',(-0.00850200368509759,4.85722573273506E-19,
0.0143887277974403));
#1960=CARTESIAN_POINT('Ctrl Pts',(-0.0086590526042742,3.01456108173227E-19,
0.0143235158525006));
#1961=CARTESIAN_POINT('Ctrl Pts',(-0.00882781575237728,-4.51393895281306E-19,
0.0142895622824228));
#1962=CARTESIAN_POINT('Ctrl Pts',(-0.00899914187534154,-7.63278329429795E-19,
0.0142894476457857));
#1963=CARTESIAN_POINT('Ctrl Pts',(-0.0091704679983058,-1.07518844419069E-18,
0.0142893330091487));
#1964=CARTESIAN_POINT('Ctrl Pts',(-0.00933908758037119,-1.72342310336679E-19,
0.0143229632501465));
#1965=CARTESIAN_POINT('Ctrl Pts',(-0.00949659265936737,4.16333634234434E-19,
0.0143881459275287));
#1966=CARTESIAN_POINT('Ctrl Pts',(-0.00957534519886547,7.68618807828296E-19,
0.0144207372662198));
#1967=CARTESIAN_POINT('Ctrl Pts',(-0.00964992355524573,3.44723106748109E-19,
0.0144606811774212));
#1968=CARTESIAN_POINT('Ctrl Pts',(-0.00972046948158024,2.08166817117217E-19,
0.014507727971622));
#1969=CARTESIAN_POINT('Ctrl Pts',(-0.00979101540791475,9.31176735148532E-20,
0.0145547747658228));
#1970=CARTESIAN_POINT('Ctrl Pts',(-0.00985795570367537,-2.43447424787358E-19,
0.0146095402281439));
#1971=CARTESIAN_POINT('Ctrl Pts',(-0.00991791747089724,-3.46944695195361E-19,
0.0146694551597604));
#1972=CARTESIAN_POINT('Ctrl Pts',(-0.010037841005341,-6.21715356894912E-19,
0.0147892850229933));
#1973=CARTESIAN_POINT('Ctrl Pts',(-0.0101345821069807,-1.00635686175167E-18,
0.0149340418925838));
#1974=CARTESIAN_POINT('Ctrl Pts',(-0.0101994201265066,-2.77555756156289E-19,
0.0150902522538637));
#1975=CARTESIAN_POINT('Ctrl Pts',(-0.0102642581460324,4.38848217230523E-19,
0.0152464626151436));
#1976=CARTESIAN_POINT('Ctrl Pts',(-0.010298681370677,-6.15063420244724E-19,
0.0154168521538805));
#1977=CARTESIAN_POINT('Ctrl Pts',(-0.0102986290558839,-4.16333634234434E-19,
0.0155884720916831));
#1978=CARTESIAN_POINT('Ctrl Pts',(0.00792783338170506,-0.00060939615411047,
-0.0170012935517133));
#1979=CARTESIAN_POINT('Ctrl Pts',(0.00774286499228075,-0.000610844852356328,
-0.0170875457282025));
#1980=CARTESIAN_POINT('Ctrl Pts',(0.00754088927457243,-0.0006116748431173,
-0.0171369614776941));
#1981=CARTESIAN_POINT('Ctrl Pts',(0.00713317125894198,-0.000611973836023013,
-0.0171547628306976));
#1982=CARTESIAN_POINT('Ctrl Pts',(0.00692762265837587,-0.000611442459264374,
-0.0171231258751771));
#1983=CARTESIAN_POINT('Ctrl Pts',(0.00654412804582955,-0.000609098052278699,
-0.016983545251209));
#1984=CARTESIAN_POINT('Ctrl Pts',(0.00636633283955997,-0.000607285943967991,
-0.0168756564715515));
#1985=CARTESIAN_POINT('Ctrl Pts',(0.00606544520846971,-0.000602655051802299,
-0.0165999437553073));
#1986=CARTESIAN_POINT('Ctrl Pts',(0.00594247110493346,-0.000599838089003028,
-0.0164322282402032));
#1987=CARTESIAN_POINT('Ctrl Pts',(0.00576999786958089,-0.000593625723010492,
-0.0160623581933877));
#1988=CARTESIAN_POINT('Ctrl Pts',(0.00572056656127636,-0.000590232762773008,
-0.0158603491096672));
#1989=CARTESIAN_POINT('Ctrl Pts',(0.0057027652082728,-0.000583384699360683,
-0.015452631094028));
#1990=CARTESIAN_POINT('Ctrl Pts',(0.00573440216379203,-0.000579932289123887,
-0.0152470824934695));
#1991=CARTESIAN_POINT('Ctrl Pts',(0.00587398278776272,-0.000573491083868508,
-0.0148635878809166));
#1992=CARTESIAN_POINT('Ctrl Pts',(0.00598187156741866,-0.00057050482179475,
-0.0146857926746507));
#1993=CARTESIAN_POINT('Ctrl Pts',(0.00625758428366339,-0.00056545108980677,
-0.0143849050435598));
#1994=CARTESIAN_POINT('Ctrl Pts',(0.00642526646983492,-0.000563385868263296,
-0.0142619464815772));
#1995=CARTESIAN_POINT('Ctrl Pts',(0.00661023482217499,-0.000561937170307448,
-0.0141756943223475));
#1996=CARTESIAN_POINT('Ctrl Pts',(0.00790251966300187,0.00282212137488682,
-0.0169470081067704));
#1997=CARTESIAN_POINT('Ctrl Pts',(0.00772465850178104,0.00282067267662913,
-0.0170299461283202));
#1998=CARTESIAN_POINT('Ctrl Pts',(0.00753044350515617,0.00281984268587999,
-0.0170774631252379));
#1999=CARTESIAN_POINT('Ctrl Pts',(0.00713839165595136,0.00281954369297428,
-0.0170945804786434));
#2000=CARTESIAN_POINT('Ctrl Pts',(0.00694074105954879,0.00282007506973292,
-0.0170641591422307));
#2001=CARTESIAN_POINT('Ctrl Pts',(0.00657198185283007,0.00282241947671859,
-0.0169299417673737));
#2002=CARTESIAN_POINT('Ctrl Pts',(0.00640101825366222,0.0028242315850293,
-0.0168261985086712));
#2003=CARTESIAN_POINT('Ctrl Pts',(0.00611169193584082,0.00282886247719499,
-0.016561079784188));
#2004=CARTESIAN_POINT('Ctrl Pts',(0.00599344299209198,0.00283167943999426,
-0.0163998085739001));
#2005=CARTESIAN_POINT('Ctrl Pts',(0.00582759687230802,0.0028378918059868,
-0.0160441504222844));
#2006=CARTESIAN_POINT('Ctrl Pts',(0.00578006491373259,0.00284128476622428,
-0.0158499033402508));
#2007=CARTESIAN_POINT('Ctrl Pts',(0.00576294756032697,0.00284813282963661,
-0.0154578514910375));
#2008=CARTESIAN_POINT('Ctrl Pts',(0.00579336889673848,0.0028515852398734,
-0.0152602008946422));
#2009=CARTESIAN_POINT('Ctrl Pts',(0.00592758627159802,0.00285802644512878,
-0.0148914416879174));
#2010=CARTESIAN_POINT('Ctrl Pts',(0.0060313295302989,0.00286101270720254,
-0.0147204780887529));
#2011=CARTESIAN_POINT('Ctrl Pts',(0.00629644825478277,0.00286606643919052,
-0.0144311517709309));
#2012=CARTESIAN_POINT('Ctrl Pts',(0.00645768741822247,0.00286813166074583,
-0.0143129177708889));
#2013=CARTESIAN_POINT('Ctrl Pts',(0.00663554854087818,0.00286958035868984,
-0.0142299797672904));
#2014=CARTESIAN_POINT('',(0.00792333797036189,0.,-0.0169916531109774));
#2015=CARTESIAN_POINT('',(0.00661438013670065,0.,-0.0141845839780355));
#2016=CARTESIAN_POINT('Ctrl Pts',(0.00792333797036191,9.71445146547012E-19,
-0.0169916531109774));
#2017=CARTESIAN_POINT('Ctrl Pts',(0.00783061002506556,2.70932730670899E-19,
-0.0170348787793104));
#2018=CARTESIAN_POINT('Ctrl Pts',(0.00773516475723258,9.47994755933826E-19,
-0.0170681945500665));
#2019=CARTESIAN_POINT('Ctrl Pts',(0.0076371611072453,6.24500451351651E-19,
-0.0170921800684256));
#2020=CARTESIAN_POINT('Ctrl Pts',(0.0075393185752645,2.009266069628E-19,
-0.017116126154591));
#2021=CARTESIAN_POINT('Ctrl Pts',(0.00743778964184944,-7.56024063253888E-12,
-0.0171307746031947));
#2022=CARTESIAN_POINT('Ctrl Pts',(0.00733656443640741,-1.86875515062468E-14,
-0.0171351928850787));
#2023=CARTESIAN_POINT('Ctrl Pts',(0.00723500585440659,7.54770302473164E-12,
-0.0171396257181963));
#2024=CARTESIAN_POINT('Ctrl Pts',(0.0071341446896243,8.48798746445764E-19,
-0.0171340103845481));
#2025=CARTESIAN_POINT('Ctrl Pts',(0.00703396486951916,5.55111512312578E-19,
-0.0171186244782506));
#2026=CARTESIAN_POINT('Ctrl Pts',(0.00693406686587667,2.67786683152635E-19,
-0.0171032818541399));
#2027=CARTESIAN_POINT('Ctrl Pts',(0.00683431201018769,-8.0593906814422E-12,
-0.0170778167905748));
#2028=CARTESIAN_POINT('Ctrl Pts',(0.0067395186556484,-1.42050954332618E-14,
-0.0170433256689691));
#2029=CARTESIAN_POINT('Ctrl Pts',(0.00654959776870037,1.61045278549241E-11,
-0.0169742218331671));
#2030=CARTESIAN_POINT('Ctrl Pts',(0.00637194085198871,6.56107440376209E-19,
-0.0168663867033086));
#2031=CARTESIAN_POINT('Ctrl Pts',(0.00622315186600048,0.,-0.0167301325250028));
#2032=CARTESIAN_POINT('Ctrl Pts',(0.00607445014790421,-7.0409559958903E-19,
-0.0165939582626589));
#2033=CARTESIAN_POINT('Ctrl Pts',(0.00595147393992864,1.86325553071906E-19,
-0.0164265225155976));
#2034=CARTESIAN_POINT('Ctrl Pts',(0.005865995922802,0.,-0.0162435794139975));
#2035=CARTESIAN_POINT('Ctrl Pts',(0.00582325691423868,-6.67367966531575E-20,
-0.0161521078631974));
#2036=CARTESIAN_POINT('Ctrl Pts',(0.00578908522873967,-7.46080720545221E-21,
-0.0160548923832179));
#2037=CARTESIAN_POINT('Ctrl Pts',(0.00576499427095395,1.38777878078145E-19,
-0.015956574663674));
#2038=CARTESIAN_POINT('Ctrl Pts',(0.00574090331316823,2.85016563361742E-19,
-0.01585825694413));
#2039=CARTESIAN_POINT('Ctrl Pts',(0.00572647225719537,-8.20005728318489E-20,
-0.0157584510317277));
#2040=CARTESIAN_POINT('Ctrl Pts',(0.00572194658767061,6.93889390390723E-20,
-0.0156571191073993));
#2041=CARTESIAN_POINT('Ctrl Pts',(0.00571742091814585,9.9622051616846E-20,
-0.0155557871830708));
#2042=CARTESIAN_POINT('Ctrl Pts',(0.00572309273007679,-9.31275311371761E-20,
-0.0154531147705401));
#2043=CARTESIAN_POINT('Ctrl Pts',(0.00573838435959003,-6.93889390390723E-20,
-0.0153533729251241));
#2044=CARTESIAN_POINT('Ctrl Pts',(0.00575367598910328,2.66851742636309E-20,
-0.0152536310797082));
#2045=CARTESIAN_POINT('Ctrl Pts',(0.00577847962694916,1.79511639633852E-20,
-0.0151556632104474));
#2046=CARTESIAN_POINT('Ctrl Pts',(0.00581336236938404,-6.93889390390723E-20,
-0.0150595750799947));
#2047=CARTESIAN_POINT('Ctrl Pts',(0.0058831278542538,-3.3185714601056E-19,
-0.0148673988190893));
#2048=CARTESIAN_POINT('Ctrl Pts',(0.00598952456536151,-1.43941181254856E-19,
-0.0146922943002583));
#2049=CARTESIAN_POINT('Ctrl Pts',(0.00612664933809264,-5.55111512312578E-19,
-0.0145424705200933));
#2050=CARTESIAN_POINT('Ctrl Pts',(0.00626377411082376,-9.66281843370301E-19,
-0.0143926467399283));
#2051=CARTESIAN_POINT('Ctrl Pts',(0.00642898832997369,5.0336682086789E-19,
-0.0142710617411238));
#2052=CARTESIAN_POINT('Ctrl Pts',(0.00661438013670065,1.38777878078145E-19,
-0.0141845839780355));
#2053=CARTESIAN_POINT('',(0.00790296149455107,0.00276222686773422,-0.0169479556175854));
#2054=CARTESIAN_POINT('',(0.00790296149455102,0.00276222686773422,-0.0169479556175854));
#2055=CARTESIAN_POINT('',(0.00663510670932898,0.00280968585153724,-0.0142290322564754));
#2056=CARTESIAN_POINT('Ctrl Pts',(0.00663510670932899,0.00280968585153724,
-0.0142290322564754));
#2057=CARTESIAN_POINT('Ctrl Pts',(0.00654104667012496,0.0028089202563899,
-0.0142728931730912));
#2058=CARTESIAN_POINT('Ctrl Pts',(0.00645162196860992,0.00280798239418665,
-0.0143266232627065));
#2059=CARTESIAN_POINT('Ctrl Pts',(0.00628577513555669,0.00280580978686465,
-0.0144510918528225));
#2060=CARTESIAN_POINT('Ctrl Pts',(0.00620921142651603,0.0028045740976891,
-0.0145218844382801));
#2061=CARTESIAN_POINT('Ctrl Pts',(0.00601389631811673,0.0028006801248597,
-0.0147449699922675));
#2062=CARTESIAN_POINT('Ctrl Pts',(0.00591502543999689,0.00279771859907785,
-0.0149146356906902));
#2063=CARTESIAN_POINT('Ctrl Pts',(0.00578879137554705,0.00279135872200399,
-0.0152789928042281));
#2064=CARTESIAN_POINT('Ctrl Pts',(0.00576108367806033,0.00278796965139378,
-0.0154731525294604));
#2065=CARTESIAN_POINT('Ctrl Pts',(0.00578093514086829,0.00278125692410414,
-0.0158577244183213));
#2066=CARTESIAN_POINT('Ctrl Pts',(0.00582818911389314,0.00277793946807306,
-0.016047781538209));
#2067=CARTESIAN_POINT('Ctrl Pts',(0.00599064555516585,0.00277185438461747,
-0.0163963957359001));
#2068=CARTESIAN_POINT('Ctrl Pts',(0.00610578762705963,0.00276908914645689,
-0.0165548159328639));
#2069=CARTESIAN_POINT('Ctrl Pts',(0.00638749342754884,0.00276450647112998,
-0.0168173572265088));
#2070=CARTESIAN_POINT('Ctrl Pts',(0.0065539756282786,0.00276269727040211,
-0.0169210062668023));
#2071=CARTESIAN_POINT('Ctrl Pts',(0.00691412638863144,0.00276029407585069,
-0.0170586851904439));
#2072=CARTESIAN_POINT('Ctrl Pts',(0.00710760337176986,0.00275971085537307,
-0.0170920978692257));
#2073=CARTESIAN_POINT('Ctrl Pts',(0.00740415658117452,0.00275981653812217,
-0.0170860433085842));
#2074=CARTESIAN_POINT('Ctrl Pts',(0.0075077487353695,0.00276004557344726,
-0.0170729218835943));
#2075=CARTESIAN_POINT('Ctrl Pts',(0.00770999108127905,0.00276086676435495,
-0.0170258758880014));
#2076=CARTESIAN_POINT('Ctrl Pts',(0.00780877395453578,0.00276146023480319,
-0.0169918759887889));
#2077=CARTESIAN_POINT('Ctrl Pts',(0.00790296149455104,0.00276222686773422,
-0.0169479556175854));
#2078=CARTESIAN_POINT('',(0.00663510670932898,0.00280968585153724,-0.0142290322564754));
#2079=CARTESIAN_POINT('Origin',(0.009,0.,0.));
#2080=CARTESIAN_POINT('',(-2.48603300226913E-18,0.,0.0203));
#2081=CARTESIAN_POINT('Origin',(0.,0.,0.));
#2082=CARTESIAN_POINT('Ctrl Pts',(-0.00835087213787044,-6.93889390390723E-20,
-0.0167127568946002));
#2083=CARTESIAN_POINT('Ctrl Pts',(-0.00835610917891026,-6.93889390390723E-20,
-0.0167157821529838));
#2084=CARTESIAN_POINT('Ctrl Pts',(-0.00836135893750541,6.4111437008027E-24,
-0.0167187661670214));
#2085=CARTESIAN_POINT('Ctrl Pts',(-0.00851449792414801,-1.8019614331956E-22,
-0.0168044133497537));
#2086=CARTESIAN_POINT('Ctrl Pts',(-0.00868187402282648,6.93889390390723E-20,
-0.0168578256757268));
#2087=CARTESIAN_POINT('Ctrl Pts',(-0.00889696749064961,6.93889390390723E-20,
-0.0168835893624364));
#2088=CARTESIAN_POINT('Ctrl Pts',(-0.00894847259658181,-6.93889390390723E-20,
-0.0168867054793287));
#2089=CARTESIAN_POINT('Ctrl Pts',(-0.00900000000000001,-6.93889390390723E-20,
-0.0168867054793222));
#2090=CARTESIAN_POINT('',(0.014182487042963,0.,-0.00661340231981768));
#2091=CARTESIAN_POINT('Ctrl Pts',(0.00661438013670066,-1.38777878078145E-19,
-0.0141845839780355));
#2092=CARTESIAN_POINT('Ctrl Pts',(0.00744449138341465,9.78021899029067E-19,
-0.0137973662013453));
#2093=CARTESIAN_POINT('Ctrl Pts',(0.00822854830924216,2.39029204568918E-19,
-0.0133435659596952));
#2094=CARTESIAN_POINT('Ctrl Pts',(0.00896848465622897,1.38777878078145E-19,
-0.012825978936737));
#2095=CARTESIAN_POINT('Ctrl Pts',(0.00897125065905956,1.38777878078145E-19,
-0.0128240441119695));
#2096=CARTESIAN_POINT('Ctrl Pts',(0.00897401606411321,6.7359728889789E-14,
-0.012822108369006));
#2097=CARTESIAN_POINT('Ctrl Pts',(0.00897678087103727,2.02350497469084E-13,
-0.0128201717079325));
#2098=CARTESIAN_POINT('Ctrl Pts',(0.00971363249287716,3.6178883350843E-11,
-0.0123040301138996));
#2099=CARTESIAN_POINT('Ctrl Pts',(0.0104082856017377,4.91291617390642E-19,
-0.0117229551229847));
#2100=CARTESIAN_POINT('Ctrl Pts',(0.0110535798640635,2.77555756156289E-19,
-0.0110788588621389));
#2101=CARTESIAN_POINT('Ctrl Pts',(0.011057797092036,2.76824699695245E-19,
-0.011074649463533));
#2102=CARTESIAN_POINT('Ctrl Pts',(0.0110620117605683,3.01818831672064E-13,
-0.0110704377988641));
#2103=CARTESIAN_POINT('Ctrl Pts',(0.0110662238691678,9.01796831653812E-13,
-0.0110662238691678));
#2104=CARTESIAN_POINT('Ctrl Pts',(0.0117089410150794,9.24512282088443E-11,
-0.0104232288457686));
#2105=CARTESIAN_POINT('Ctrl Pts',(0.0122924600364709,1.13553897811032E-19,
-0.00972790385947861));
#2106=CARTESIAN_POINT('Ctrl Pts',(0.0128142632664239,4.16333634234434E-19,
-0.00898317058020107));
#2107=CARTESIAN_POINT('Ctrl Pts',(0.0133394861840047,5.16584960725209E-19,
-0.00823355661978736));
#2108=CARTESIAN_POINT('Ctrl Pts',(0.0137956102581204,-9.29901262313515E-19,
-0.00744366271094553));
#2109=CARTESIAN_POINT('Ctrl Pts',(0.014182487042963,1.38777878078145E-19,
-0.00661340231981768));
#2110=CARTESIAN_POINT('',(0.0169941507342804,0.,-0.00792450263123528));
#2111=CARTESIAN_POINT('Ctrl Pts',(0.014182487042963,8.32667268468867E-19,
-0.00661340231981766));
#2112=CARTESIAN_POINT('Ctrl Pts',(0.0142257809573734,-2.68545879462367E-19,
-0.00652049346518041));
#2113=CARTESIAN_POINT('Ctrl Pts',(0.0142775467124907,9.69778204513403E-20,
-0.00643343848879479));
#2114=CARTESIAN_POINT('Ctrl Pts',(0.0143372888138572,-2.08166817117217E-19,
-0.00635189501356366));
#2115=CARTESIAN_POINT('Ctrl Pts',(0.0143969577953513,-5.12937980427574E-19,
-0.00627045134145921));
#2116=CARTESIAN_POINT('Ctrl Pts',(0.0144654558441002,2.53713088009423E-12,
-0.00619377113333385));
#2117=CARTESIAN_POINT('Ctrl Pts',(0.0145403152124267,4.67299809958632E-15,
-0.00612514774914011));
#2118=CARTESIAN_POINT('Ctrl Pts',(0.0146153580498633,-2.53399162680762E-12,
-0.00605635617930027));
#2119=CARTESIAN_POINT('Ctrl Pts',(0.0146963355984645,-4.09455368152047E-19,
-0.00599571837634393));
#2120=CARTESIAN_POINT('Ctrl Pts',(0.0147830826554506,-4.85722573273506E-19,
-0.00594301135334536));
#2121=CARTESIAN_POINT('Ctrl Pts',(0.0148697098256922,-5.86000409531951E-19,
-0.00589037717285718));
#2122=CARTESIAN_POINT('Ctrl Pts',(0.0149627605441063,9.20807996713144E-13,
-0.00584562220308049));
#2123=CARTESIAN_POINT('Ctrl Pts',(0.0150578177832115,2.20379270388094E-16,
-0.00581101335227972));
#2124=CARTESIAN_POINT('Ctrl Pts',(0.0152479778370901,-1.84139624559594E-12,
-0.00574177905729175));
#2125=CARTESIAN_POINT('Ctrl Pts',(0.0154536734341072,4.4397616004571E-20,
-0.00571013401140196));
#2126=CARTESIAN_POINT('Ctrl Pts',(0.0156555134635216,6.93889390390723E-20,
-0.00571886176629256));
#2127=CARTESIAN_POINT('Ctrl Pts',(0.0158573373679332,9.73792284042763E-20,
-0.0057275888239227));
#2128=CARTESIAN_POINT('Ctrl Pts',(0.0160595495779525,-2.29266455081697E-19,
-0.00577688703442987));
#2129=CARTESIAN_POINT('Ctrl Pts',(0.0162429731817476,-4.85722573273506E-19,
-0.0058622463550044));
#2130=CARTESIAN_POINT('Ctrl Pts',(0.0163346849836451,-5.81192458042199E-19,
-0.00590492601529166));
#2131=CARTESIAN_POINT('Ctrl Pts',(0.016423519634609,-5.15680488689333E-19,
-0.00595753570501896));
#2132=CARTESIAN_POINT('Ctrl Pts',(0.0165053198126547,-6.24500451351651E-19,
-0.0060174806937144));
#2133=CARTESIAN_POINT('Ctrl Pts',(0.0165871199907005,-7.33320414013968E-19,
-0.00607742568240984));
#2134=CARTESIAN_POINT('Ctrl Pts',(0.0166624668183332,-1.38270853549034E-19,
-0.00614473735241947));
#2135=CARTESIAN_POINT('Ctrl Pts',(0.0167311949653332,-6.93889390390723E-20,
-0.00621960443284715));
#2136=CARTESIAN_POINT('Ctrl Pts',(0.0167999231123332,1.41968596688557E-19,
-0.00629447151327484));
#2137=CARTESIAN_POINT('Ctrl Pts',(0.016861675689395,-2.89887405690124E-19,
-0.0063769258116189));
#2138=CARTESIAN_POINT('Ctrl Pts',(0.0169141598458231,0.,-0.00646333060257398));
#2139=CARTESIAN_POINT('Ctrl Pts',(0.0169666440022511,2.50173728594813E-19,
-0.00654973539352907));
#2140=CARTESIAN_POINT('Ctrl Pts',(0.0170106856659933,1.08564125597507E-18,
-0.00664090864074762));
#2141=CARTESIAN_POINT('Ctrl Pts',(0.0170457790049353,6.93889390390723E-19,
-0.00673713604637982));
#2142=CARTESIAN_POINT('Ctrl Pts',(0.0171159656828194,-4.60863557130261E-20,
-0.00692959085764422));
#2143=CARTESIAN_POINT('Ctrl Pts',(0.0171470147651564,-3.32351817884916E-19,
-0.00713250124308866));
#2144=CARTESIAN_POINT('Ctrl Pts',(0.0171382014633478,-6.93889390390723E-20,
-0.00733577801800783));
#2145=CARTESIAN_POINT('Ctrl Pts',(0.0171293881615392,1.93573939806772E-19,
-0.007539054792927));
#2146=CARTESIAN_POINT('Ctrl Pts',(0.0170808177045984,-1.09582824256237E-18,
-0.00773877422699059));
#2147=CARTESIAN_POINT('Ctrl Pts',(0.0169941507342804,0.,-0.00792450263123528));
#2148=CARTESIAN_POINT('Ctrl Pts',(0.0169941507342804,-1.15142429466701E-20,
-0.00792450263123527));
#2149=CARTESIAN_POINT('Ctrl Pts',(0.0160728858256411,-1.15142429466701E-20,
-0.00989874199649787));
#2150=CARTESIAN_POINT('Ctrl Pts',(0.014812061410349,-5.49331323680619E-19,
-0.0117006441776223));
#2151=CARTESIAN_POINT('Ctrl Pts',(0.0117236964909155,-5.60929741648328E-19,
-0.0147947646301945));
#2152=CARTESIAN_POINT('Ctrl Pts',(0.00991080411005062,2.04381593828107E-20,
-0.0160651931682967));
#2153=CARTESIAN_POINT('Ctrl Pts',(0.00792333797036191,2.04381593828107E-20,
-0.0169916531109774));
#2154=CARTESIAN_POINT('',(-0.00136410823477941,0.,0.0155918284701559));
#2155=CARTESIAN_POINT('',(-0.00163396995523441,0.,0.0186763620494698));
#2156=CARTESIAN_POINT('Ctrl Pts',(-0.00136410823477941,6.93889390390723E-20,
0.0155918284701559));
#2157=CARTESIAN_POINT('Ctrl Pts',(-0.00146600532349525,7.04514954789548E-19,
0.0155829109890961));
#2158=CARTESIAN_POINT('Ctrl Pts',(-0.00156706811494961,-3.57858680560253E-19,
0.0155842341000373));
#2159=CARTESIAN_POINT('Ctrl Pts',(-0.00166734540716568,-6.93889390390723E-20,
0.0155951988310438));
#2160=CARTESIAN_POINT('Ctrl Pts',(-0.00176755436147071,2.1888421341297E-19,
0.0156061560897025));
#2161=CARTESIAN_POINT('Ctrl Pts',(-0.00186804958239711,3.46975961920457E-12,
0.0156271296504987));
#2162=CARTESIAN_POINT('Ctrl Pts',(-0.00196474993152673,3.55000751017798E-15,
0.0156576285883511));
#2163=CARTESIAN_POINT('Ctrl Pts',(-0.0020615821710628,-3.46738709230944E-12,
0.0156881691239572));
#2164=CARTESIAN_POINT('Ctrl Pts',(-0.00215433109413507,-1.1980122147456E-18,
0.0157278943345336));
#2165=CARTESIAN_POINT('Ctrl Pts',(-0.00224310794251611,-6.93889390390723E-19,
0.0157765507839121));
#2166=CARTESIAN_POINT('Ctrl Pts',(-0.00233182433161896,-1.79026737337112E-19,
0.0158251740970185));
#2167=CARTESIAN_POINT('Ctrl Pts',(-0.00241693581660798,-8.05351224253803E-19,
0.0158832819006273));
#2168=CARTESIAN_POINT('Ctrl Pts',(-0.00249427728145478,-8.32667268468867E-19,
0.0159481857184007));
#2169=CARTESIAN_POINT('Ctrl Pts',(-0.00264896021114838,-1.04895660217176E-18,
0.0160779933539474));
#2170=CARTESIAN_POINT('Ctrl Pts',(-0.0027789117985833,-3.90953576585303E-19,
0.0162399695514997));
#2171=CARTESIAN_POINT('Ctrl Pts',(-0.00287206013547734,6.93889390390723E-20,
0.0164187488461096));
#2172=CARTESIAN_POINT('Ctrl Pts',(-0.00296520847237137,4.36140417926586E-19,
0.0165975281407195));
#2173=CARTESIAN_POINT('Ctrl Pts',(-0.00302349156524819,9.58093752470861E-20,
0.0167968839039371));
#2174=CARTESIAN_POINT('Ctrl Pts',(-0.00304124265642928,6.93889390390723E-20,
0.0169979891620026));
#2175=CARTESIAN_POINT('Ctrl Pts',(-0.00305011820201983,6.78216250267325E-20,
0.0170985417910353));
#2176=CARTESIAN_POINT('Ctrl Pts',(-0.00304897828104169,7.18311795510599E-20,
0.0172015618961443));
#2177=CARTESIAN_POINT('Ctrl Pts',(-0.00303799005231542,1.38777878078145E-19,
0.017302167343983));
#2178=CARTESIAN_POINT('Ctrl Pts',(-0.00302700182358915,2.05724576605229E-19,
0.0174027727918217));
#2179=CARTESIAN_POINT('Ctrl Pts',(-0.00300642848629127,2.33040620820294E-19,
0.0175014746121604));
#2180=CARTESIAN_POINT('Ctrl Pts',(-0.00297602638344394,1.38777878078145E-19,
0.0175982244140893));
#2181=CARTESIAN_POINT('Ctrl Pts',(-0.00294562428059661,2.23488371614755E-20,
0.0176949742160183));
#2182=CARTESIAN_POINT('Ctrl Pts',(-0.00290518316574609,-4.34266475882863E-19,
0.0177894903568832));
#2183=CARTESIAN_POINT('Ctrl Pts',(-0.00285670526649689,-3.46944695195361E-19,
0.0178779651948401));
#2184=CARTESIAN_POINT('Ctrl Pts',(-0.00280822736724768,-2.5962291450786E-19,
0.017966440032797));
#2185=CARTESIAN_POINT('Ctrl Pts',(-0.0027514182272236,-2.0368877708196E-19,
0.0180499965271355));
#2186=CARTESIAN_POINT('Ctrl Pts',(-0.00268578068733924,-2.08166817117217E-19,
0.0181283411802505));
#2187=CARTESIAN_POINT('Ctrl Pts',(-0.00255450560757052,-6.35261239784295E-20,
0.0182850304864805));
#2188=CARTESIAN_POINT('Ctrl Pts',(-0.00239465742712035,7.91992641018275E-20,
0.0184131374280617));
#2189=CARTESIAN_POINT('Ctrl Pts',(-0.00221459271484233,2.08166817117217E-19,
0.0185069839992571));
#2190=CARTESIAN_POINT('Ctrl Pts',(-0.0020345280025643,2.3212433130584E-19,
0.0186008305704524));
#2191=CARTESIAN_POINT('Ctrl Pts',(-0.00183771817478787,8.2849450216051E-19,
0.0186585416738383));
#2192=CARTESIAN_POINT('Ctrl Pts',(-0.00163396995523442,-1.31838984174237E-18,
0.0186763620494697));
#2193=CARTESIAN_POINT('',(0.0107538190821178,0.,0.0153580452869916));
#2194=CARTESIAN_POINT('Ctrl Pts',(-0.0016339699552344,7.75988051211331E-21,
0.0186763620494698));
#2195=CARTESIAN_POINT('Ctrl Pts',(0.000536183573022442,7.75988051211331E-21,
0.0188661679606495));
#2196=CARTESIAN_POINT('Ctrl Pts',(0.0027269624503358,-4.88610336992943E-19,
0.0186758039238963));
#2197=CARTESIAN_POINT('Ctrl Pts',(0.00695071244144319,-4.82815793068083E-19,
0.0175495179254155));
#2198=CARTESIAN_POINT('Ctrl Pts',(0.00895750177312385,-2.60536614471261E-21,
0.0166153736499889));
#2199=CARTESIAN_POINT('Ctrl Pts',(0.0107538190821178,-2.60536614471261E-21,
0.0153580452869916));
#2200=CARTESIAN_POINT('',(0.00897678087103521,0.,0.0128201717079297));
#2201=CARTESIAN_POINT('Ctrl Pts',(0.0107538190821178,-2.08166817117217E-19,
0.0153580452869916));
#2202=CARTESIAN_POINT('Ctrl Pts',(0.0108376751510451,-3.22883853060436E-19,
0.0152993497853275));
#2203=CARTESIAN_POINT('Ctrl Pts',(0.0109143050181661,-5.74069558656359E-19,
0.0152333390909051));
#2204=CARTESIAN_POINT('Ctrl Pts',(0.0109841313386864,-4.16333634234434E-19,
0.0151604410639451));
#2205=CARTESIAN_POINT('Ctrl Pts',(0.011053828361286,-2.54640595961997E-19,
0.0150876780228077));
#2206=CARTESIAN_POINT('Ctrl Pts',(0.0111173174098355,-7.88471991934715E-12,
0.0150070695005131));
#2207=CARTESIAN_POINT('Ctrl Pts',(0.0111717933072543,-2.19277374036153E-14,
0.0149216064114444));
#2208=CARTESIAN_POINT('Ctrl Pts',(0.0112264713257969,7.87003766375903E-12,
0.0148358262299287));
#2209=CARTESIAN_POINT('Ctrl Pts',(0.0112720904948494,4.53534738912308E-19,
0.014745618363943));
#2210=CARTESIAN_POINT('Ctrl Pts',(0.0113088989339192,8.32667268468867E-19,
0.0146511080593489));
#2211=CARTESIAN_POINT('Ctrl Pts',(0.011345588484958,1.22153881535709E-18,
0.0145569030147526));
#2212=CARTESIAN_POINT('Ctrl Pts',(0.0113734382090128,-3.79531217454554E-12,
0.0144577596671879));
#2213=CARTESIAN_POINT('Ctrl Pts',(0.0113909882439134,-7.88140386287495E-15,
0.0143583973049959));
#2214=CARTESIAN_POINT('Ctrl Pts',(0.0114261612922518,7.58272955561294E-12,
0.0141592594008156));
#2215=CARTESIAN_POINT('Ctrl Pts',(0.0114216267449683,7.20813229943626E-19,
0.013951362343783));
#2216=CARTESIAN_POINT('Ctrl Pts',(0.0113780110222677,4.16333634234434E-19,
0.0137542614644873));
#2217=CARTESIAN_POINT('Ctrl Pts',(0.0113344254648194,1.17890095413403E-19,
0.0135572969029551));
#2218=CARTESIAN_POINT('Ctrl Pts',(0.0112508783121679,-1.62874985731682E-19,
0.0133669846142293));
#2219=CARTESIAN_POINT('Ctrl Pts',(0.011135126849219,-6.93889390390723E-19,
0.0132014042499938));
#2220=CARTESIAN_POINT('Ctrl Pts',(0.0110772511177446,-9.64325840358429E-19,
0.0131186140678761));
#2221=CARTESIAN_POINT('Ctrl Pts',(0.0110101102886577,-7.00792419308578E-20,
0.013040374595898));
#2222=CARTESIAN_POINT('Ctrl Pts',(0.0109369745138798,-2.77555756156289E-19,
0.0129703231859964));
#2223=CARTESIAN_POINT('Ctrl Pts',(0.0108638387391018,-4.85032270381721E-19,
0.0129002717760948));
#2224=CARTESIAN_POINT('Ctrl Pts',(0.0107845784008153,5.01258249157343E-19,
0.01283784457983));
#2225=CARTESIAN_POINT('Ctrl Pts',(0.0106990366292627,6.93889390390723E-20,
0.0127832368778195));
#2226=CARTESIAN_POINT('Ctrl Pts',(0.01061349485771,-3.62480371079199E-19,
0.012728629175809));
#2227=CARTESIAN_POINT('Ctrl Pts',(0.0105216986867544,-8.76132954528288E-20,
0.012682193998665));
#2228=CARTESIAN_POINT('Ctrl Pts',(0.0104276258751461,3.46944695195361E-19,
0.0126455589555307));
#2229=CARTESIAN_POINT('Ctrl Pts',(0.0103335530635377,7.81502685843552E-19,
0.0126089239123964));
#2230=CARTESIAN_POINT('Ctrl Pts',(0.0102362558659975,3.896203770882E-19,
0.0125814182212893));
#2231=CARTESIAN_POINT('Ctrl Pts',(0.0101355412126787,6.93889390390723E-19,
0.0125635885297366));
#2232=CARTESIAN_POINT('Ctrl Pts',(0.00993411190604115,1.30242741699577E-18,
0.0125279291466311));
#2233=CARTESIAN_POINT('Ctrl Pts',(0.00972917736670393,-1.00846501239127E-18,
0.012532564760772));
#2234=CARTESIAN_POINT('Ctrl Pts',(0.00953079035261401,-6.93889390390723E-19,
0.0125764680144199));
#2235=CARTESIAN_POINT('Ctrl Pts',(0.0093324033385241,-4.62886921528502E-19,
0.0126203712680679));
#2236=CARTESIAN_POINT('Ctrl Pts',(0.00914441450891104,4.20380898068558E-19,
0.0127027511013994));
#2237=CARTESIAN_POINT('Ctrl Pts',(0.00897678087103522,-2.77555756156289E-19,
0.0128201717079297));
#2238=CARTESIAN_POINT('Ctrl Pts',(0.00897678087103518,-2.07256303363486E-21,
0.0128201717079297));
#2239=CARTESIAN_POINT('Ctrl Pts',(0.00748723969063933,-2.07256303363486E-21,
0.0138635488785599));
#2240=CARTESIAN_POINT('Ctrl Pts',(0.00582395135197863,-8.32667268468867E-19,
0.0146405526366614));
#2241=CARTESIAN_POINT('Ctrl Pts',(0.0023001603020022,-8.32667268468867E-19,
0.0155893056577697));
#2242=CARTESIAN_POINT('Ctrl Pts',(0.000459360858970672,-1.63984677178162E-21,
0.0157514102878419));
#2243=CARTESIAN_POINT('Ctrl Pts',(-0.0013641082347794,-1.63984677178162E-21,
0.0155918284701559));
#2244=CARTESIAN_POINT('Ctrl Pts',(-0.0102986290558839,-4.85722573273506E-19,
0.0155884720916831));
#2245=CARTESIAN_POINT('Ctrl Pts',(-0.0102985767845717,-2.87157959347915E-19,
0.0157599493894544));
#2246=CARTESIAN_POINT('Ctrl Pts',(-0.0102647768554475,7.14873059151015E-12,
0.0159282366943637));
#2247=CARTESIAN_POINT('Ctrl Pts',(-0.0101996421586552,8.90627849248204E-15,
0.0160853653202294));
#2248=CARTESIAN_POINT('Ctrl Pts',(-0.0101669935387265,-3.5699145030665E-12,
0.0161641256897168));
#2249=CARTESIAN_POINT('Ctrl Pts',(-0.0101269503261788,7.30012575706254E-19,
0.0162387988572822));
#2250=CARTESIAN_POINT('Ctrl Pts',(-0.010079721637819,0.,0.0163094850690316));
#2251=CARTESIAN_POINT('Ctrl Pts',(-0.010032634570039,-7.12066545488796E-19,
0.0163799593201563));
#2252=CARTESIAN_POINT('Ctrl Pts',(-0.0099779067844945,-4.04387855837723E-12,
0.0164467332775768));
#2253=CARTESIAN_POINT('Ctrl Pts',(-0.00991807899023879,-8.15389422648139E-15,
0.0165065362583587));
#2254=CARTESIAN_POINT('Ctrl Pts',(-0.00979818233374855,8.07955673411159E-12,
0.0166263831879187));
#2255=CARTESIAN_POINT('Ctrl Pts',(-0.00965318877668081,1.48019197875869E-19,
0.0167231626333446));
#2256=CARTESIAN_POINT('Ctrl Pts',(-0.00949683347804925,2.08166817117217E-19,
0.0167879072206731));
#2257=CARTESIAN_POINT('Ctrl Pts',(-0.00934058297037382,3.70456547847737E-19,
0.0168526084155021));
#2258=CARTESIAN_POINT('Ctrl Pts',(-0.00916970082844471,3.74558188617547E-19,
0.016886661400251));
#2259=CARTESIAN_POINT('Ctrl Pts',(-0.00900033343421404,5.55111512312578E-19,
0.0168867054359753));
#2260=CARTESIAN_POINT('Ctrl Pts',(-0.00900022229182398,5.55294034151682E-19,
0.0168867054648724));
#2261=CARTESIAN_POINT('Ctrl Pts',(-0.0090001111469482,-4.74485293865526E-15,
0.0168867054793223));
#2262=CARTESIAN_POINT('Ctrl Pts',(-0.009,-1.41746336890236E-14,0.0168867054793225));
#2263=CARTESIAN_POINT('',(-0.0155874953336482,6.5529003172767E-12,0.00136372913488148));
#2264=CARTESIAN_POINT('',(-0.0156466217308554,-2.40676282144599E-12,-8.11473858145935E-14));
#2265=CARTESIAN_POINT('Origin',(1.52913121333365E-6,0.,4.68028263256093E-6));
#2266=CARTESIAN_POINT('',(-0.0128192094481427,0.,-0.00897610708947867));
#2267=CARTESIAN_POINT('Ctrl Pts',(-0.0156466214595648,6.93889390390723E-19,
-7.77706089553802E-18));
#2268=CARTESIAN_POINT('Ctrl Pts',(-0.0156468660124576,2.60231573557869E-19,
-0.00079992777946079));
#2269=CARTESIAN_POINT('Ctrl Pts',(-0.0155857760518201,5.04798346048287E-19,
-0.00159475100126937));
#2270=CARTESIAN_POINT('Ctrl Pts',(-0.0154642373234194,-2.77555756156289E-19,
-0.00238454338151274));
#2271=CARTESIAN_POINT('Ctrl Pts',(-0.0153431415975389,-9.95332909211061E-19,
-0.00317145700846117));
#2272=CARTESIAN_POINT('Ctrl Pts',(-0.015162814569922,2.67807611842454E-11,
-0.00394669698791404));
#2273=CARTESIAN_POINT('Ctrl Pts',(-0.0149238199492996,1.4595949449081E-13,
-0.00470546235546218));
#2274=CARTESIAN_POINT('Ctrl Pts',(-0.0148030111738009,-1.33175978363572E-11,
-0.00508900870770082));
#2275=CARTESIAN_POINT('Ctrl Pts',(-0.0146669275458928,7.81580792704772E-20,
-0.00546875843944266));
#2276=CARTESIAN_POINT('Ctrl Pts',(-0.014517444752116,1.38777878078145E-19,
-0.00584039735841252));
#2277=CARTESIAN_POINT('Ctrl Pts',(-0.0143690437863735,9.09870166312586E-20,
-0.00620934667417781));
#2278=CARTESIAN_POINT('Ctrl Pts',(-0.0142071211197844,-2.24794051990908E-19,
-0.00657140385498097));
#2279=CARTESIAN_POINT('Ctrl Pts',(-0.0140318709782234,0.,-0.00692666789953202));
#2280=CARTESIAN_POINT('Ctrl Pts',(-0.0136813706951015,4.20552204040963E-19,
-0.00763719598863413));
#2281=CARTESIAN_POINT('Ctrl Pts',(-0.0132778769404118,-5.23250938014654E-19,
-0.00832071281914529));
#2282=CARTESIAN_POINT('Ctrl Pts',(-0.0128192094481428,-5.55111512312578E-19,
-0.00897610708947868));
#2283=CARTESIAN_POINT('',(-0.0153591914180754,0.,-0.0107546216117424));
#2284=CARTESIAN_POINT('Ctrl Pts',(-0.0128192094481427,2.77555756156289E-19,
-0.00897610708947866));
#2285=CARTESIAN_POINT('Ctrl Pts',(-0.0127604865469674,1.1090558372369E-18,
-0.0090600151923481));
#2286=CARTESIAN_POINT('Ctrl Pts',(-0.01271106075469,-1.77878785368847E-19,
-0.00914832340695806));
#2287=CARTESIAN_POINT('Ctrl Pts',(-0.012670388258212,2.08166817117217E-19,
-0.00924077435884666));
#2288=CARTESIAN_POINT('Ctrl Pts',(-0.0126297438437857,4.69221614051521E-19,
-0.00933316147859719));
#2289=CARTESIAN_POINT('Ctrl Pts',(-0.0125976411259171,2.09072090001776E-12,
-0.00943080768076204));
#2290=CARTESIAN_POINT('Ctrl Pts',(-0.0125756958910664,2.16576756528752E-15,
-0.00952993122218307));
#2291=CARTESIAN_POINT('Ctrl Pts',(-0.0125537203313984,-2.08927546167389E-12,
-0.00962919173654142));
#2292=CARTESIAN_POINT('Ctrl Pts',(-0.0125417522196002,-1.23923806235688E-18,
-0.0097295068873197));
#2293=CARTESIAN_POINT('Ctrl Pts',(-0.0125395156775776,-9.0205620750794E-19,
-0.00983084625840074));
#2294=CARTESIAN_POINT('Ctrl Pts',(-0.0125372806786949,-4.02789752892292E-19,
-0.00993211570867081));
#2295=CARTESIAN_POINT('Ctrl Pts',(-0.0125450730332986,-5.39843837919931E-19,
-0.0100350072720741));
#2296=CARTESIAN_POINT('Ctrl Pts',(-0.0125626463981543,-1.38777878078145E-19,
-0.0101345626455656));
#2297=CARTESIAN_POINT('Ctrl Pts',(-0.0125977931278657,7.90242433595638E-19,
-0.0103336733925487));
#2298=CARTESIAN_POINT('Ctrl Pts',(-0.0126732068340224,1.27553803755131E-20,
-0.0105274373014621));
#2299=CARTESIAN_POINT('Ctrl Pts',(-0.0127816085765193,-4.16333634234434E-19,
-0.0106977026610946));
#2300=CARTESIAN_POINT('Ctrl Pts',(-0.0128900103190162,-8.84430741081641E-19,
-0.0108679680207271));
#2301=CARTESIAN_POINT('Ctrl Pts',(-0.0130337031044266,6.52446112798887E-19,
-0.0110183054763913));
#2302=CARTESIAN_POINT('Ctrl Pts',(-0.0131991962445776,1.2490009027033E-18,
-0.0111343747864577));
#2303=CARTESIAN_POINT('Ctrl Pts',(-0.0132819428146532,1.5338272313668E-18,
-0.0111924094414909));
#2304=CARTESIAN_POINT('Ctrl Pts',(-0.0133718409748086,-2.17694655738389E-19,
-0.0112429965731906));
#2305=CARTESIAN_POINT('Ctrl Pts',(-0.0134645797413734,-2.08166817117217E-19,
-0.0112838386835209));
#2306=CARTESIAN_POINT('Ctrl Pts',(-0.0135573185079382,-2.68472430978278E-19,
-0.0113246807938513));
#2307=CARTESIAN_POINT('Ctrl Pts',(-0.0136532024395566,9.0555241351056E-19,
-0.0113562584555329));
#2308=CARTESIAN_POINT('Ctrl Pts',(-0.0137523109746267,2.77555756156289E-19,
-0.0113783376735454));
#2309=CARTESIAN_POINT('Ctrl Pts',(-0.0138514195096969,-3.55597143275342E-19,
-0.0114004168915578));
#2310=CARTESIAN_POINT('Ctrl Pts',(-0.0139536263178025,7.08973504722244E-19,
-0.0114126769229553));
#2311=CARTESIAN_POINT('Ctrl Pts',(-0.0140546148061643,8.32667268468867E-19,
-0.011414944049913));
#2312=CARTESIAN_POINT('Ctrl Pts',(-0.0141556032945262,8.58371415454955E-19,
-0.0114172111768706));
#2313=CARTESIAN_POINT('Ctrl Pts',(-0.01425649531471,1.21332858900632E-18,
-0.0114097931313279));
#2314=CARTESIAN_POINT('Ctrl Pts',(-0.0143572851312309,7.63278329429795E-19,
-0.0113921140844324));
#2315=CARTESIAN_POINT('Ctrl Pts',(-0.0145588647642728,-4.27768179213351E-20,
-0.0113567559906416));
#2316=CARTESIAN_POINT('Ctrl Pts',(-0.0147499932407795,4.46706770169983E-19,
-0.0112823181866452));
#2317=CARTESIAN_POINT('Ctrl Pts',(-0.0149215464771088,3.46944695195361E-19,
-0.011173191129224));
#2318=CARTESIAN_POINT('Ctrl Pts',(-0.0150930997134381,2.22073963148477E-19,
-0.0110640640718028));
#2319=CARTESIAN_POINT('Ctrl Pts',(-0.0152416914172386,-1.35027058181488E-18,
-0.0109223427770503));
#2320=CARTESIAN_POINT('Ctrl Pts',(-0.0153591914180754,-1.38777878078145E-19,
-0.0107546216117424));
#2321=CARTESIAN_POINT('',(-0.0187533788654603,2.88346940074957E-12,1.00893946263177E-13));
#2322=CARTESIAN_POINT('Ctrl Pts',(-0.0153591914180754,6.93889390390723E-19,
-0.0107546216117424));
#2323=CARTESIAN_POINT('Ctrl Pts',(-0.0159092080421904,1.25598001136037E-18,
-0.00996953245748436));
#2324=CARTESIAN_POINT('Ctrl Pts',(-0.0163955182754629,-2.5028940858271E-19,
-0.00914730681893476));
#2325=CARTESIAN_POINT('Ctrl Pts',(-0.0168190424974444,0.,-0.00828848121464852));
#2326=CARTESIAN_POINT('Ctrl Pts',(-0.0172410256426777,2.49378681007185E-19,
-0.00743278061738843));
#2327=CARTESIAN_POINT('Ctrl Pts',(-0.0175968552297323,-1.20080731711387E-11,
-0.00654782819353869));
#2328=CARTESIAN_POINT('Ctrl Pts',(-0.0178837810211494,-6.56286136546669E-14,
-0.00563873449654537));
#2329=CARTESIAN_POINT('Ctrl Pts',(-0.0178848288702651,-2.20148286267488E-14,
-0.00563541449864));
#2330=CARTESIAN_POINT('Ctrl Pts',(-0.0178858757963114,6.9350348887567E-19,
-0.00563209418002299));
#2331=CARTESIAN_POINT('Ctrl Pts',(-0.0178869217992353,6.93889390390723E-19,
-0.00562877354096737));
#2332=CARTESIAN_POINT('Ctrl Pts',(-0.0180306549309765,9.21753329150849E-19,
-0.00517247859191562));
#2333=CARTESIAN_POINT('Ctrl Pts',(-0.0181570373101789,8.55246692943541E-19,
-0.00470952725238118));
#2334=CARTESIAN_POINT('Ctrl Pts',(-0.0182649638786986,5.55111512312578E-19,
-0.00424535432584694));
#2335=CARTESIAN_POINT('Ctrl Pts',(-0.0183728904472184,2.94216620315348E-19,
-0.0037811813993127));
#2336=CARTESIAN_POINT('Ctrl Pts',(-0.0184628095350573,1.09901885682545E-18,
-0.00331448039425746));
#2337=CARTESIAN_POINT('Ctrl Pts',(-0.0185349798518584,6.93889390390723E-19,
-0.00284528763104738));
#2338=CARTESIAN_POINT('Ctrl Pts',(-0.0186793204854608,-4.42522552599708E-20,
-0.00190690210462723));
#2339=CARTESIAN_POINT('Ctrl Pts',(-0.0187530873035432,7.85703799252377E-19,
-0.000958608687685205));
#2340=CARTESIAN_POINT('Ctrl Pts',(-0.0187533785404352,6.24500451351651E-19,
-4.43816768724235E-18));
#2341=CARTESIAN_POINT('',(-0.018681520002524,-8.82779000362562E-12,0.00163442121717175));
#2342=CARTESIAN_POINT('Origin',(1.83242962249475E-6,0.,-5.82226066237812E-6));
#2343=CARTESIAN_POINT('Ctrl Pts',(-0.0186815215928039,-1.2490009027033E-18,
0.0016344213567851));
#2344=CARTESIAN_POINT('Ctrl Pts',(-0.0186725511417501,1.49672099132639E-20,
0.00173660900974978));
#2345=CARTESIAN_POINT('Ctrl Pts',(-0.0186536147819792,-4.87049431827497E-20,
0.00183618665352621));
#2346=CARTESIAN_POINT('Ctrl Pts',(-0.0186252954456872,3.46944695195361E-19,
0.00193330695441212));
#2347=CARTESIAN_POINT('Ctrl Pts',(-0.0185970051292104,7.4218889753888E-19,
0.00203032773272591));
#2348=CARTESIAN_POINT('Ctrl Pts',(-0.0185587822346644,-3.42646765275038E-13,
0.00212588484817728));
#2349=CARTESIAN_POINT('Ctrl Pts',(-0.0185118200847882,-5.32490718185841E-16,
0.00221604082205488));
#2350=CARTESIAN_POINT('Ctrl Pts',(-0.0184647615886647,3.42283599374583E-13,
0.00230638175743389));
#2351=CARTESIAN_POINT('Ctrl Pts',(-0.0184093402058183,-2.48194992453992E-19,
0.00239108515491732));
#2352=CARTESIAN_POINT('Ctrl Pts',(-0.0183457878998084,2.77555756156289E-19,
0.0024703049824119));
#2353=CARTESIAN_POINT('Ctrl Pts',(-0.0182823085144309,8.02703252431334E-19,
0.00254943391218345));
#2354=CARTESIAN_POINT('Ctrl Pts',(-0.0182100934644261,-5.10003440927119E-13,
0.00262335307901184));
#2355=CARTESIAN_POINT('Ctrl Pts',(-0.0181325226625323,-9.4091401336982E-17,
0.00268841770269328));
#2356=CARTESIAN_POINT('Ctrl Pts',(-0.0179773522332641,1.01991407985785E-12,
0.00281857112821339));
#2357=CARTESIAN_POINT('Ctrl Pts',(-0.017794727919381,-1.6392855945182E-20,
0.00291869378096931));
#2358=CARTESIAN_POINT('Ctrl Pts',(-0.0176019198411051,0.,0.00297954392016287));
#2359=CARTESIAN_POINT('Ctrl Pts',(-0.0174091237019285,3.03136783093333E-20,
0.00304039029138227));
#2360=CARTESIAN_POINT('Ctrl Pts',(-0.017202080277128,6.27359112283156E-19,
0.00306322758730003));
#2361=CARTESIAN_POINT('Ctrl Pts',(-0.0170003734642323,5.55111512312578E-19,
0.00304573619498783));
#2362=CARTESIAN_POINT('Ctrl Pts',(-0.0168995200577845,5.15956344496357E-19,
0.00303699049883173));
#2363=CARTESIAN_POINT('Ctrl Pts',(-0.0167979743622323,2.80746938160187E-19,
0.0030179269576901));
#2364=CARTESIAN_POINT('Ctrl Pts',(-0.0167005221356282,1.38777878078145E-19,
0.00298955744422623));
#2365=CARTESIAN_POINT('Ctrl Pts',(-0.016603069909024,2.27999903242858E-20,
0.00296118793076235));
#2366=CARTESIAN_POINT('Ctrl Pts',(-0.0165091695430178,1.59652039095825E-19,
0.00292368541847882));
#2367=CARTESIAN_POINT('Ctrl Pts',(-0.016418910744654,0.,0.0028768192411345));
#2368=CARTESIAN_POINT('Ctrl Pts',(-0.0163286519462902,-1.9322163100134E-19,
0.0028299530637902));
#2369=CARTESIAN_POINT('Ctrl Pts',(-0.0162423357339111,2.64878051490329E-20,
0.00277355781347466));
#2370=CARTESIAN_POINT('Ctrl Pts',(-0.0161633883662374,-1.38777878078145E-19,
0.00271028004614701));
#2371=CARTESIAN_POINT('Ctrl Pts',(-0.0160844409985637,-3.04043561305322E-19,
0.00264700227881937));
#2372=CARTESIAN_POINT('Ctrl Pts',(-0.0160118034034706,6.23364829798914E-19,
0.00257635589418124));
#2373=CARTESIAN_POINT('Ctrl Pts',(-0.015945850617454,4.16333634234434E-19,
0.00249790292075542));
#2374=CARTESIAN_POINT('Ctrl Pts',(-0.0158139450454209,-6.41943034098054E-20,
0.00234099697390379));
#2375=CARTESIAN_POINT('Ctrl Pts',(-0.0157152132530137,5.33317680356445E-19,
0.00216083235558842));
#2376=CARTESIAN_POINT('Ctrl Pts',(-0.0156538346931241,3.46944695195361E-19,
0.00196665169160968));
#2377=CARTESIAN_POINT('Ctrl Pts',(-0.0155924561332345,2.04582680024122E-19,
0.00177247102763093));
#2378=CARTESIAN_POINT('Ctrl Pts',(-0.0155696796623164,-1.10204483041529E-18,
0.00156806842866455));
#2379=CARTESIAN_POINT('Ctrl Pts',(-0.0155874966610465,4.16333634234434E-19,
0.00136372925058977));
#2380=CARTESIAN_POINT('',(0.0125,0.,1.53080849893419E-18));
#2381=CARTESIAN_POINT('Origin',(0.,0.,0.));
#2382=CARTESIAN_POINT('',(0.0193033785404352,0.,6.33714512658634E-19));
#2383=CARTESIAN_POINT('',(0.0166966214595648,0.,3.14478841134369E-19));
#2384=CARTESIAN_POINT('Ctrl Pts',(0.0193033785404352,7.63278329429795E-19,
7.13523430539702E-19));
#2385=CARTESIAN_POINT('Ctrl Pts',(0.0193033282498008,-1.08577236996108E-18,
-0.00017210937977587));
#2386=CARTESIAN_POINT('Ctrl Pts',(0.0192694063928977,4.68041981987003E-12,
-0.000341013730357951));
#2387=CARTESIAN_POINT('Ctrl Pts',(0.0192040301061267,3.42510741990765E-15,
-0.000498725599463206));
#2388=CARTESIAN_POINT('Ctrl Pts',(0.0191712940860372,-2.33849737454071E-12,
-0.00057769703039619));
#2389=CARTESIAN_POINT('Ctrl Pts',(0.0191311524374448,8.65680492761763E-19,
-0.000652570983560346));
#2390=CARTESIAN_POINT('Ctrl Pts',(0.0190838127283545,8.32667268468867E-19,
-0.00072345330577005));
#2391=CARTESIAN_POINT('Ctrl Pts',(0.0190365207071771,6.97166713233526E-19,
-0.000794264224287835));
#2392=CARTESIAN_POINT('Ctrl Pts',(0.0189815422224441,-9.7612666860084E-14,
-0.000861357374674175));
#2393=CARTESIAN_POINT('Ctrl Pts',(0.0189214373798375,-4.02455846426619E-18,
-0.000921437379837493));
#2394=CARTESIAN_POINT('Ctrl Pts',(0.0188012218555975,1.9522302516587E-13,
-0.00104160322677803));
#2395=CARTESIAN_POINT('Ctrl Pts',(0.0186558567329121,1.76781216275672E-19,
-0.00113867077972152));
#2396=CARTESIAN_POINT('Ctrl Pts',(0.0184991056459867,0.,-0.00120364954584032));
#2397=CARTESIAN_POINT('Ctrl Pts',(0.0183423570969304,-1.99205458735844E-19,
-0.00126862725992429));
#2398=CARTESIAN_POINT('Ctrl Pts',(0.0181709158255897,3.08635827317067E-19,
-0.00130286710077798));
#2399=CARTESIAN_POINT('Ctrl Pts',(0.0180009863344329,4.16333634234434E-19,
-0.00130299731341043));
#2400=CARTESIAN_POINT('Ctrl Pts',(0.0179160215888545,4.17422266093859E-19,
-0.00130306241972665));
#2401=CARTESIAN_POINT('Ctrl Pts',(0.0178297232314448,7.03196364915883E-19,
-0.00129455120435728));
#2402=CARTESIAN_POINT('Ctrl Pts',(0.0177461669113919,5.55111512312578E-19,
-0.00127795972870662));
#2403=CARTESIAN_POINT('Ctrl Pts',(0.017662610591339,3.99393905613908E-19,
-0.00126136825305596));
#2404=CARTESIAN_POINT('Ctrl Pts',(0.0175813558481414,3.52513718423234E-19,
-0.0012368807232663));
#2405=CARTESIAN_POINT('Ctrl Pts',(0.017502460817888,5.55111512312578E-19,
-0.00120429769098803));
#2406=CARTESIAN_POINT('Ctrl Pts',(0.0173446707573811,6.79428071694446E-19,
-0.00113913162643148));
#2407=CARTESIAN_POINT('Ctrl Pts',(0.0172009767935048,-6.92853446696018E-20,
-0.00104362737663184));
#2408=CARTESIAN_POINT('Ctrl Pts',(0.0170792107629854,1.38777878078145E-19,
-0.000922084793878907));
#2409=CARTESIAN_POINT('Ctrl Pts',(0.016957444732466,2.85779068062968E-19,
-0.000800542211125972));
#2410=CARTESIAN_POINT('Ctrl Pts',(0.0168617149482941,1.02767328266354E-18,
-0.000657126370795156));
#2411=CARTESIAN_POINT('Ctrl Pts',(0.0167961912646196,3.46944695195361E-19,
-0.000499259289217911));
#2412=CARTESIAN_POINT('Ctrl Pts',(0.016730667580945,-3.51499420296634E-19,
-0.000341392207640668));
#2413=CARTESIAN_POINT('Ctrl Pts',(0.016696671763277,-4.28185161703608E-19,
-0.000172154135843685));
#2414=CARTESIAN_POINT('Ctrl Pts',(0.0166966214595648,7.63278329429795E-19,
3.91706377175645E-19));
#2415=CARTESIAN_POINT('Ctrl Pts',(0.0166966214595648,8.32667268468867E-19,
2.346699232533E-19));
#2416=CARTESIAN_POINT('Ctrl Pts',(0.0166966717501992,-1.11169920658329E-18,
0.000172109379775868));
#2417=CARTESIAN_POINT('Ctrl Pts',(0.0167305936071023,4.68042142979117E-12,
0.00034101373035797));
#2418=CARTESIAN_POINT('Ctrl Pts',(0.0167959698938733,3.42559314248092E-15,
0.000498725599463203));
#2419=CARTESIAN_POINT('Ctrl Pts',(0.0168287059139628,-2.33849746268234E-12,
0.00057769703039618));
#2420=CARTESIAN_POINT('Ctrl Pts',(0.0168688475625552,1.18209753008569E-18,
0.000652570983560342));
#2421=CARTESIAN_POINT('Ctrl Pts',(0.0169161872716455,1.11022302462516E-18,
0.000723453305770047));
#2422=CARTESIAN_POINT('Ctrl Pts',(0.0169634792928229,1.05443976405539E-18,
0.000794264224287832));
#2423=CARTESIAN_POINT('Ctrl Pts',(0.0170184577775559,-9.76130892656874E-14,
0.000861357374674168));
#2424=CARTESIAN_POINT('Ctrl Pts',(0.0170785626201625,-4.16333634234434E-18,
0.000921437379837483));
#2425=CARTESIAN_POINT('Ctrl Pts',(0.0171987781444025,1.95223220349947E-13,
0.00104160322677801));
#2426=CARTESIAN_POINT('Ctrl Pts',(0.0173441432670879,-1.11261825225002E-19,
0.00113867077972142));
#2427=CARTESIAN_POINT('Ctrl Pts',(0.0175008943540133,-1.38777878078145E-19,
0.00120364954584031));
#2428=CARTESIAN_POINT('Ctrl Pts',(0.0176576429030696,-1.81370530560926E-19,
0.00126862725992436));
#2429=CARTESIAN_POINT('Ctrl Pts',(0.0178290841744104,4.07294768996885E-19,
0.00130286710077797));
#2430=CARTESIAN_POINT('Ctrl Pts',(0.0179990136655672,4.16333634234434E-19,
0.0013029973134104));
#2431=CARTESIAN_POINT('Ctrl Pts',(0.0180839784111456,4.20816073615043E-19,
0.00130306241972662));
#2432=CARTESIAN_POINT('Ctrl Pts',(0.0181702767685553,1.03111243200416E-19,
0.00129455120435724));
#2433=CARTESIAN_POINT('Ctrl Pts',(0.0182538330886081,1.38777878078145E-19,
0.00127795972870659));
#2434=CARTESIAN_POINT('Ctrl Pts',(0.018337389408661,1.66905990392548E-19,
0.00126136825305593));
#2435=CARTESIAN_POINT('Ctrl Pts',(0.0184186441518586,2.88580845405151E-19,
0.00123688072326628));
#2436=CARTESIAN_POINT('Ctrl Pts',(0.0184975391821121,2.77555756156289E-19,
0.001204297690988));
#2437=CARTESIAN_POINT('Ctrl Pts',(0.018655329242619,2.55694040722649E-19,
0.00113913162643142));
#2438=CARTESIAN_POINT('Ctrl Pts',(0.0187990232064952,7.66428944387869E-19,
0.00104362737663181));
#2439=CARTESIAN_POINT('Ctrl Pts',(0.0189207892370147,2.77555756156289E-19,
0.000922084793878833));
#2440=CARTESIAN_POINT('Ctrl Pts',(0.0190425552675341,-1.08793525214081E-19,
0.000800542211125856));
#2441=CARTESIAN_POINT('Ctrl Pts',(0.0191382850517057,-2.83618185770227E-19,
0.000657126370794896));
#2442=CARTESIAN_POINT('Ctrl Pts',(0.0192038087353805,4.16333634234434E-19,
0.000499259289217791));
#2443=CARTESIAN_POINT('Ctrl Pts',(0.0192693324190553,1.08010054593514E-18,
0.000341392207640687));
#2444=CARTESIAN_POINT('Ctrl Pts',(0.019303328236723,-4.10435102223306E-19,
0.000172154135843671));
#2445=CARTESIAN_POINT('Ctrl Pts',(0.0193033785404352,8.32667268468867E-19,
5.98437832520375E-19));
#2446=CARTESIAN_POINT('Ctrl Pts',(0.0166859457514777,-0.000611610906687943,
3.27528162871992E-19));
#2447=CARTESIAN_POINT('Ctrl Pts',(0.0166859457514999,-0.000614467499739997,
0.000172040298979401));
#2448=CARTESIAN_POINT('Ctrl Pts',(0.0167201470732991,-0.000617321939864728,
0.000343950936430638));
#2449=CARTESIAN_POINT('Ctrl Pts',(0.0168517972770624,-0.000622599283908373,
0.000661782643846216));
#2450=CARTESIAN_POINT('Ctrl Pts',(0.016949194401316,-0.000625019598026564,
0.000807547741270239));
#2451=CARTESIAN_POINT('Ctrl Pts',(0.0171924522587298,-0.000629058702291308,
0.00105080559868392));
#2452=CARTESIAN_POINT('Ctrl Pts',(0.0173382173561577,-0.000630675904482162,
0.00114820272293886));
#2453=CARTESIAN_POINT('Ctrl Pts',(0.0176560490635654,-0.000632861851958314,
0.00127985292669956));
#2454=CARTESIAN_POINT('Ctrl Pts',(0.0178279907194488,-0.000633429737848215,
0.00131405424852225));
#2455=CARTESIAN_POINT('Ctrl Pts',(0.0181720092805512,-0.000633429737848215,
0.00131405424852225));
#2456=CARTESIAN_POINT('Ctrl Pts',(0.0183439509364343,-0.000632861851958314,
0.00127985292669956));
#2457=CARTESIAN_POINT('Ctrl Pts',(0.0186617826438426,-0.000630675904482162,
0.00114820272293886));
#2458=CARTESIAN_POINT('Ctrl Pts',(0.0188075477412702,-0.000629058702291308,
0.00105080559868393));
#2459=CARTESIAN_POINT('Ctrl Pts',(0.019050805598684,-0.000625019598026564,
0.000807547741270227));
#2460=CARTESIAN_POINT('Ctrl Pts',(0.0191482027229373,-0.000622599283908373,
0.000661782643846214));
#2461=CARTESIAN_POINT('Ctrl Pts',(0.0192798529267012,-0.000617321939864728,
0.000343950936430636));
#2462=CARTESIAN_POINT('Ctrl Pts',(0.0193140542485001,-0.000614467499739997,
0.000172040298979397));
#2463=CARTESIAN_POINT('Ctrl Pts',(0.0193140542485223,-0.000611610906687943,
6.49378628743746E-19));
#2464=CARTESIAN_POINT('Ctrl Pts',(0.0167504570189375,0.00308423713083205,
-2.33596465399895E-19));
#2465=CARTESIAN_POINT('Ctrl Pts',(0.0167504570189582,0.00308138053777999,
0.000163594271919411));
#2466=CARTESIAN_POINT('Ctrl Pts',(0.0167829792847972,0.00307852609765526,
0.00032706524782375));
#2467=CARTESIAN_POINT('Ctrl Pts',(0.0169081663448092,0.00307324875361162,
0.000629293545937674));
#2468=CARTESIAN_POINT('Ctrl Pts',(0.0170007819222279,0.00307082843949342,
0.0007679025528146));
#2469=CARTESIAN_POINT('Ctrl Pts',(0.0172320974471854,0.00306678933522868,
0.000999218077772123));
#2470=CARTESIAN_POINT('Ctrl Pts',(0.017370706454066,0.00306517213303783,
0.00109183365519237));
#2471=CARTESIAN_POINT('Ctrl Pts',(0.0176729347521726,0.00306298618556167,
0.00121702071520122));
#2472=CARTESIAN_POINT('Ctrl Pts',(0.0178364352237116,0.00306241829967177,
0.00124954298106252));
#2473=CARTESIAN_POINT('Ctrl Pts',(0.0181635647762885,0.00306241829967177,
0.00124954298106252));
#2474=CARTESIAN_POINT('Ctrl Pts',(0.0183270652478271,0.00306298618556167,
0.00121702071520122));
#2475=CARTESIAN_POINT('Ctrl Pts',(0.0186292935459343,0.00306517213303783,
0.00109183365519237));
#2476=CARTESIAN_POINT('Ctrl Pts',(0.0187679025528146,0.00306678933522868,
0.00099921807777212));
#2477=CARTESIAN_POINT('Ctrl Pts',(0.0189992180777721,0.00307082843949342,
0.000767902552814597));
#2478=CARTESIAN_POINT('Ctrl Pts',(0.0190918336551905,0.00307324875361162,
0.000629293545937668));
#2479=CARTESIAN_POINT('Ctrl Pts',(0.0192170207152031,0.00307852609765526,
0.000327065247823752));
#2480=CARTESIAN_POINT('Ctrl Pts',(0.0192495429810418,0.00308138053777999,
0.000163594271919405));
#2481=CARTESIAN_POINT('Ctrl Pts',(0.0192495429810625,0.00308423713083205,
7.24532970311579E-20));
#2482=CARTESIAN_POINT('',(0.01675,0.00305805453343972,0.));
#2483=CARTESIAN_POINT('',(0.01675,0.00305805453343972,-2.2962127484016E-19));
#2484=CARTESIAN_POINT('',(0.01925,0.00305805453343972,0.));
#2485=CARTESIAN_POINT('Ctrl Pts',(0.01925,0.00305805453343972,1.21180043168638E-19));
#2486=CARTESIAN_POINT('Ctrl Pts',(0.019249999999989,0.00305654427777746,
8.65224889438124E-5));
#2487=CARTESIAN_POINT('Ctrl Pts',(0.019240906186849,0.00305503443514568,
0.000173021315382927));
#2488=CARTESIAN_POINT('Ctrl Pts',(0.0192052784740809,0.00305208171553284,
0.000342182508708729));
#2489=CARTESIAN_POINT('Ctrl Pts',(0.0191787542723688,0.00305063661980811,
0.000424971987332561));
#2490=CARTESIAN_POINT('Ctrl Pts',(0.0190790068847184,0.00304669046186235,
0.000651047224634116));
#2491=CARTESIAN_POINT('Ctrl Pts',(0.0189856783700009,0.00304434451558277,
0.000785446396977966));
#2492=CARTESIAN_POINT('Ctrl Pts',(0.0187549580240903,0.0030404417376754,
0.00100903639354451));
#2493=CARTESIAN_POINT('Ctrl Pts',(0.0186181050358683,0.00303888349031059,
0.00109830832528983));
#2494=CARTESIAN_POINT('Ctrl Pts',(0.0183207253968997,0.00303678179923182,
0.00121871412655207));
#2495=CARTESIAN_POINT('Ctrl Pts',(0.0181605815830855,0.0030362365394146,
0.00124995236293113));
#2496=CARTESIAN_POINT('Ctrl Pts',(0.0178401450404218,0.0030362348782681,
0.00125004752995051));
#2497=CARTESIAN_POINT('Ctrl Pts',(0.0176799840684906,0.00303677857861676,
0.00121889863546522));
#2498=CARTESIAN_POINT('Ctrl Pts',(0.0173825120221803,0.00303887733914311,
0.00109866072543849));
#2499=CARTESIAN_POINT('Ctrl Pts',(0.0172455978445243,0.00304043448643073,
0.00100945181707322));
#2500=CARTESIAN_POINT('Ctrl Pts',(0.0170147316222653,0.00304433542790233,
0.000785967029841727));
#2501=CARTESIAN_POINT('Ctrl Pts',(0.0169213281776829,0.0030466807744944,
0.000651602213572195));
#2502=CARTESIAN_POINT('Ctrl Pts',(0.0168214176495408,0.0030506278975724,
0.000425471683881709));
#2503=CARTESIAN_POINT('Ctrl Pts',(0.0167948299479169,0.00305207458559979,
0.000342590982299495));
#2504=CARTESIAN_POINT('Ctrl Pts',(0.0167591161228969,0.00305503073347956,
0.000173233383692716));
#2505=CARTESIAN_POINT('Ctrl Pts',(0.016750000000011,0.00305654242637743,
8.66285555803512E-5));
#2506=CARTESIAN_POINT('Ctrl Pts',(0.01675,0.00305805453343972,-2.2962127484016E-19));
#2507=CARTESIAN_POINT('',(0.01925,0.00305805453343972,2.29621274840096E-19));
#2508=CARTESIAN_POINT('Origin',(0.0197,0.00305794547486599,-6.2479615045475E-6));
#2509=CARTESIAN_POINT('',(0.0202999996999148,0.00305805453343972,0.));
#2510=CARTESIAN_POINT('',(0.0197,0.00305805453343972,0.));
#2511=CARTESIAN_POINT('',(-0.0202999996999148,0.00305805453343972,0.));
#2512=CARTESIAN_POINT('Origin',(0.,0.00305799360686222,-3.4904812874567E-6));
#2513=CARTESIAN_POINT('',(-0.0187000003234794,0.00305805453533695,1.00638122913477E-13));
#2514=CARTESIAN_POINT('',(0.0197,0.00305805453343972,0.));
#2515=CARTESIAN_POINT('',(-0.0153181432282041,0.0028708336128028,-0.0107258793597646));
#2516=CARTESIAN_POINT('Ctrl Pts',(-0.0187,0.00305805453343972,-3.88578058618805E-18));
#2517=CARTESIAN_POINT('Ctrl Pts',(-0.0187000000000058,0.00302482367748612,
-0.00190379446253932));
#2518=CARTESIAN_POINT('Ctrl Pts',(-0.01840706970871,0.00299160072063082,
-0.00380713640006021));
#2519=CARTESIAN_POINT('Ctrl Pts',(-0.0172621033734352,0.00292821056797765,
-0.00743875581332831));
#2520=CARTESIAN_POINT('Ctrl Pts',(-0.0164102800263333,0.00289805885343711,
-0.00916614636843671));
#2521=CARTESIAN_POINT('Ctrl Pts',(-0.0153181432282041,0.0028708336128028,
-0.0107258793597646));
#2522=CARTESIAN_POINT('',(-0.0128606870953372,0.00290086905461621,-0.00900515005071144));
#2523=CARTESIAN_POINT('Ctrl Pts',(-0.0153181432282041,0.0028708336128028,
-0.0107258793597646));
#2524=CARTESIAN_POINT('Ctrl Pts',(-0.0152585803601527,0.00286934880483908,
-0.0108109439510352));
#2525=CARTESIAN_POINT('Ctrl Pts',(-0.0151900909427261,0.00286797367670568,
-0.0108897249890324));
#2526=CARTESIAN_POINT('Ctrl Pts',(-0.0150386040612422,0.00286549888705322,
-0.011031505593266));
#2527=CARTESIAN_POINT('Ctrl Pts',(-0.0149555293527246,0.00286439692846032,
-0.0110946367587721));
#2528=CARTESIAN_POINT('Ctrl Pts',(-0.0147018660965523,0.00286171668949997,
-0.0112481875459722));
#2529=CARTESIAN_POINT('Ctrl Pts',(-0.0145176424785199,0.00286053226114424,
-0.0113160434010358));
#2530=CARTESIAN_POINT('Ctrl Pts',(-0.0141369788289123,0.00285946804697826,
-0.0113770121897719));
#2531=CARTESIAN_POINT('Ctrl Pts',(-0.0139410147395575,0.00285958058487774,
-0.0113705648978212));
#2532=CARTESIAN_POINT('Ctrl Pts',(-0.013565809460648,0.00286108757576382,
-0.0112842294477799));
#2533=CARTESIAN_POINT('Ctrl Pts',(-0.0133868761553704,0.00286247585315958,
-0.0112046953334222));
#2534=CARTESIAN_POINT('Ctrl Pts',(-0.0130718125676921,0.00286632458521348,
-0.0109842016217271));
#2535=CARTESIAN_POINT('Ctrl Pts',(-0.0129358135599188,0.00286878363066829,
-0.0108433227575947));
#2536=CARTESIAN_POINT('Ctrl Pts',(-0.0127261667452042,0.00287442149066578,
-0.0105203299746589));
#2537=CARTESIAN_POINT('Ctrl Pts',(-0.0126529915382161,0.00287759770372741,
-0.0103383648502425));
#2538=CARTESIAN_POINT('Ctrl Pts',(-0.0125799227774011,0.00288420694239374,
-0.00995972182064014));
#2539=CARTESIAN_POINT('Ctrl Pts',(-0.0125806203989308,0.0028876349826919,
-0.00976332952348221));
#2540=CARTESIAN_POINT('Ctrl Pts',(-0.0126381059806501,0.00289271473668174,
-0.00947231061231041));
#2541=CARTESIAN_POINT('Ctrl Pts',(-0.0126690163482383,0.00289445536376667,
-0.00937259015340348));
#2542=CARTESIAN_POINT('Ctrl Pts',(-0.0127504588359553,0.00289778862774674,
-0.00918162758788023));
#2543=CARTESIAN_POINT('Ctrl Pts',(-0.0128010877880294,0.00289938333827909,
-0.00909026668265953));
#2544=CARTESIAN_POINT('Ctrl Pts',(-0.0128606870953371,0.00290086905461621,
-0.00900515005071142));
#2545=CARTESIAN_POINT('',(-0.0157000002724316,0.00305805453184189,-8.11632475059075E-14));
#2546=CARTESIAN_POINT('Ctrl Pts',(-0.0128606870953372,0.00290086905461621,
-0.00900515005071142));
#2547=CARTESIAN_POINT('Ctrl Pts',(-0.0137774864643933,0.00292372341084592,
-0.00769582485921596));
#2548=CARTESIAN_POINT('Ctrl Pts',(-0.0144925825475228,0.00294903412571565,
-0.00624577496650051));
#2549=CARTESIAN_POINT('Ctrl Pts',(-0.0154539958793451,0.00300225397966737,
-0.00319681157561184));
#2550=CARTESIAN_POINT('Ctrl Pts',(-0.0156999999999974,0.00303015097441854,
-0.00159859382568494));
#2551=CARTESIAN_POINT('Ctrl Pts',(-0.0157,0.00305805453343782,-1.0902029279336E-13));
#2552=CARTESIAN_POINT('',(-0.014699957719821,0.00305805453345712,-9.97189362333948E-13));
#2553=CARTESIAN_POINT('',(0.0197,0.00305805453343972,0.));
#2554=CARTESIAN_POINT('',(0.014699957719821,0.00305805453345712,-9.97190281737395E-13));
#2555=CARTESIAN_POINT('Origin',(0.,0.00305866379921475,3.4904812874567E-5));
#2556=CARTESIAN_POINT('',(0.0197,0.00305805453343972,0.));
#2557=CARTESIAN_POINT('Ctrl Pts',(0.01675,0.00305805453343972,-7.83746033136602E-20));
#2558=CARTESIAN_POINT('Ctrl Pts',(0.016750000000011,0.00305654427777746,
-8.65224889437946E-5));
#2559=CARTESIAN_POINT('Ctrl Pts',(0.0167590938131511,0.00305503443514569,
-0.000173021315382886));
#2560=CARTESIAN_POINT('Ctrl Pts',(0.0167947215259193,0.00305208171553286,
-0.000342182508708808));
#2561=CARTESIAN_POINT('Ctrl Pts',(0.0168212457276314,0.00305063661980808,
-0.000424971987332879));
#2562=CARTESIAN_POINT('Ctrl Pts',(0.0169209931152814,0.00304669046186232,
-0.000651047224634251));
#2563=CARTESIAN_POINT('Ctrl Pts',(0.0170143216299992,0.00304434451558277,
-0.000785446396978081));
#2564=CARTESIAN_POINT('Ctrl Pts',(0.0172450419759095,0.0030404417376754,
-0.00100903639354439));
#2565=CARTESIAN_POINT('Ctrl Pts',(0.0173818949641314,0.00303888349031059,
-0.00109830832528972));
#2566=CARTESIAN_POINT('Ctrl Pts',(0.0176792746031001,0.00303678179923182,
-0.00121871412655205));
#2567=CARTESIAN_POINT('Ctrl Pts',(0.0178394184169143,0.0030362365394146,
-0.00124995236293113));
#2568=CARTESIAN_POINT('Ctrl Pts',(0.0181598549595782,0.0030362348782681,
-0.00125004752995055));
#2569=CARTESIAN_POINT('Ctrl Pts',(0.0183200159315093,0.00303677857861676,
-0.00121889863546529));
#2570=CARTESIAN_POINT('Ctrl Pts',(0.0186174879778197,0.00303887733914311,
-0.0010986607254385));
#2571=CARTESIAN_POINT('Ctrl Pts',(0.0187544021554757,0.00304043448643078,
-0.00100945181707326));
#2572=CARTESIAN_POINT('Ctrl Pts',(0.0189852683777347,0.00304433542790238,
-0.000785967029841749));
#2573=CARTESIAN_POINT('Ctrl Pts',(0.0190786718223171,0.00304668077449442,
-0.000651602213572249));
#2574=CARTESIAN_POINT('Ctrl Pts',(0.0191785823504592,0.00305062789757242,
-0.00042547168388179));
#2575=CARTESIAN_POINT('Ctrl Pts',(0.0192051700520831,0.00305207458559985,
-0.000342590982299562));
#2576=CARTESIAN_POINT('Ctrl Pts',(0.0192408838771031,0.00305503073347962,
-0.000173233383692765));
#2577=CARTESIAN_POINT('Ctrl Pts',(0.019249999999989,0.00305654242637743,
-8.66285555803753E-5));
#2578=CARTESIAN_POINT('Ctrl Pts',(0.01925,0.00305805453343972,2.29621274840096E-19));
#2579=CARTESIAN_POINT('Ctrl Pts',(-0.00900000000000001,0.00276413816853367,
-0.0168384572681199));
#2580=CARTESIAN_POINT('Ctrl Pts',(-0.00883637534771923,0.00276413816853328,
-0.0168384572681406));
#2581=CARTESIAN_POINT('Ctrl Pts',(-0.008672815128427,0.00276470605442357,
-0.0168059231072766));
#2582=CARTESIAN_POINT('Ctrl Pts',(-0.00847125153701223,0.00276616338430945,
-0.0167224327340319));
#2583=CARTESIAN_POINT('Ctrl Pts',(-0.00842224757380559,0.00276658599815776,
-0.0166982212028773));
#2584=CARTESIAN_POINT('Ctrl Pts',(-0.00837502095472173,0.00276706235451415,
-0.0166709307654971));
#2585=CARTESIAN_POINT('',(0.0169479556175854,0.00292010782742713,-0.00790296149455106));
#2586=CARTESIAN_POINT('Ctrl Pts',(0.00790296149455103,0.00276222686773422,
-0.0169479556175853));
#2587=CARTESIAN_POINT('Ctrl Pts',(0.0088912967215571,0.00277027135357537,
-0.0164870873324099));
#2588=CARTESIAN_POINT('Ctrl Pts',(0.00983227853304816,0.00277975496960301,
-0.0159438296626787));
#2589=CARTESIAN_POINT('Ctrl Pts',(0.0107256546879575,0.00279067260313414,
-0.01531830054263));
#2590=CARTESIAN_POINT('Ctrl Pts',(0.0116190308428668,0.00280159023666528,
-0.0146927714225813));
#2591=CARTESIAN_POINT('Ctrl Pts',(0.0124513866881105,0.00281378273719926,
-0.01399437658314));
#2592=CARTESIAN_POINT('Ctrl Pts',(0.0132226375726376,0.00282724348655048,
-0.0132231560386363));
#2593=CARTESIAN_POINT('Ctrl Pts',(0.0139938884571647,0.0028407042359017,
-0.0124519354941325));
#2594=CARTESIAN_POINT('Ctrl Pts',(0.0146923245618535,0.00285523431417199,
-0.0116196130504597));
#2595=CARTESIAN_POINT('Ctrl Pts',(0.0153179859284027,0.00287082969185079,
-0.0107261040036408));
#2596=CARTESIAN_POINT('Ctrl Pts',(0.015943647294952,0.00288642506952959,
-0.00983259495682192));
#2597=CARTESIAN_POINT('Ctrl Pts',(0.0164869312100544,0.00290285052781772,
-0.00889163152702413));
#2598=CARTESIAN_POINT('Ctrl Pts',(0.0169479556175854,0.00292010782742713,
-0.00790296149455104));
#2599=CARTESIAN_POINT('',(0.0142290322564754,0.00294223831502273,-0.00663510670932898));
#2600=CARTESIAN_POINT('Ctrl Pts',(0.0169479556175854,0.00292010782742713,
-0.00790296149455105));
#2601=CARTESIAN_POINT('Ctrl Pts',(0.0169895015191287,0.00292166299469988,
-0.00781386602115515));
#2602=CARTESIAN_POINT('Ctrl Pts',(0.0170219503604716,0.00292327613207848,
-0.00772137705471365));
#2603=CARTESIAN_POINT('Ctrl Pts',(0.0170453543868604,0.00292494361821056,
-0.00762580787615361));
#2604=CARTESIAN_POINT('Ctrl Pts',(0.0170687584132492,0.00292661110434265,
-0.00753023869759357));
#2605=CARTESIAN_POINT('Ctrl Pts',(0.0170827297453815,0.00292830775174852,
-0.00743322596707529));
#2606=CARTESIAN_POINT('Ctrl Pts',(0.0170870502327179,0.00293002461172698,
-0.00733482944277416));
#2607=CARTESIAN_POINT('Ctrl Pts',(0.0170913707200543,0.00293174147170544,
-0.00723643291847303));
#2608=CARTESIAN_POINT('Ctrl Pts',(0.0170859586460941,0.00293344942260196,
-0.00713856818839184));
#2609=CARTESIAN_POINT('Ctrl Pts',(0.0170710003630565,0.00293514811686054,
-0.0070412254157927));
#2610=CARTESIAN_POINT('Ctrl Pts',(0.0170560420800189,0.00293684681111912,
-0.00694388264319356));
#2611=CARTESIAN_POINT('Ctrl Pts',(0.0170318213264413,0.00293850681005208,
-0.00684890833766486));
#2612=CARTESIAN_POINT('Ctrl Pts',(0.0169981582138083,0.00294012203491631,
-0.00675634840387866));
#2613=CARTESIAN_POINT('Ctrl Pts',(0.0169644951011754,0.00294173725978054,
-0.00666378847009245));
#2614=CARTESIAN_POINT('Ctrl Pts',(0.0169220437834681,0.00294327916024656,
-0.00657544438433817));
#2615=CARTESIAN_POINT('Ctrl Pts',(0.0168709726640257,0.0029447488154898,
-0.0064912356804367));
#2616=CARTESIAN_POINT('Ctrl Pts',(0.0168199015445833,0.00294621847073305,
-0.00640702697653524));
#2617=CARTESIAN_POINT('Ctrl Pts',(0.0167611794025322,0.00294758946972993,
-0.00632855102370586));
#2618=CARTESIAN_POINT('Ctrl Pts',(0.0166946575874042,0.00294885705986388,
-0.0062559191149553));
#2619=CARTESIAN_POINT('Ctrl Pts',(0.0166281357722763,0.00295012464999784,
-0.00618328720620475));
#2620=CARTESIAN_POINT('Ctrl Pts',(0.0165551080512489,0.00295126570571139,
-0.00611791333224452));
#2621=CARTESIAN_POINT('Ctrl Pts',(0.0164756992153415,0.00295228248433359,
-0.00605965870964408));
#2622=CARTESIAN_POINT('Ctrl Pts',(0.0163962903794341,0.00295329926295579,
-0.00600140408704363));
#2623=CARTESIAN_POINT('Ctrl Pts',(0.0163120067421495,0.00295417297783083,
-0.00595137373248383));
#2624=CARTESIAN_POINT('Ctrl Pts',(0.01622275357261,0.002954899858204,-0.00590972739888725));
#2625=CARTESIAN_POINT('Ctrl Pts',(0.0161335004030706,0.00295562673857717,
-0.00586808106529068));
#2626=CARTESIAN_POINT('Ctrl Pts',(0.0160410140901061,0.00295619317984766,
-0.00583562998168931));
#2627=CARTESIAN_POINT('Ctrl Pts',(0.015945356817229,0.00295660219060329,
-0.00581219817564796));
#2628=CARTESIAN_POINT('Ctrl Pts',(0.0158496995443519,0.00295701120135893,
-0.00578876636960661));
#2629=CARTESIAN_POINT('Ctrl Pts',(0.0157526858121799,0.002957255054926,
-0.00577479829096728));
#2630=CARTESIAN_POINT('Ctrl Pts',(0.0156542892778649,0.00295733046866745,
-0.00577047780622548));
#2631=CARTESIAN_POINT('Ctrl Pts',(0.0155558927435499,0.0029574058824089,
-0.00576615732148369));
#2632=CARTESIAN_POINT('Ctrl Pts',(0.0154580280426258,0.00295731141938579,
-0.00577156940873161));
#2633=CARTESIAN_POINT('Ctrl Pts',(0.0153606852862263,0.00295705029817762,
-0.00578652769434172));
#2634=CARTESIAN_POINT('Ctrl Pts',(0.0152633425298268,0.00295678917696945,
-0.00580148597995183));
#2635=CARTESIAN_POINT('Ctrl Pts',(0.0151683681572014,0.00295636648271681,
-0.00582570671115896));
#2636=CARTESIAN_POINT('Ctrl Pts',(0.0150758082389114,0.00295577885284473,
-0.00585936982515701));
#2637=CARTESIAN_POINT('Ctrl Pts',(0.0149832483206215,0.00295519122297265,
-0.00589303293915506));
#2638=CARTESIAN_POINT('Ctrl Pts',(0.0148949042441767,0.00295445018249296,
-0.00593548425317512));
#2639=CARTESIAN_POINT('Ctrl Pts',(0.0148106955535475,0.0029535585867405,
-0.00598655536298051));
#2640=CARTESIAN_POINT('Ctrl Pts',(0.0147264868629183,0.00295266699098804,
-0.00603762647278591));
#2641=CARTESIAN_POINT('Ctrl Pts',(0.0146480108468286,0.00295164253826716,
-0.00609634864647007));
#2642=CARTESIAN_POINT('Ctrl Pts',(0.0145753789500006,0.0029504812301794,
-0.00616287045160403));
#2643=CARTESIAN_POINT('Ctrl Pts',(0.0145027470531726,0.00294931992209165,
-0.006229392256738));
#2644=CARTESIAN_POINT('Ctrl Pts',(0.0144373663248261,0.00294804517381793,
-0.0063024147397314));
#2645=CARTESIAN_POINT('Ctrl Pts',(0.0143790616371728,0.00294665737778343,
-0.0063819020096462));
#2646=CARTESIAN_POINT('Ctrl Pts',(0.0143207569495195,0.00294526958174893,
-0.006461389279561));
#2647=CARTESIAN_POINT('Ctrl Pts',(0.0142707345979678,0.00294379933823456,
-0.00654567574941444));
#2648=CARTESIAN_POINT('Ctrl Pts',(0.0142290322564754,0.00294223831502273,
-0.00663510670932899));
#2649=CARTESIAN_POINT('Ctrl Pts',(0.0142290322564754,0.00294223831502273,
-0.00663510670932899));
#2650=CARTESIAN_POINT('Ctrl Pts',(0.0138421125875926,0.00292775494160114,
-0.00746485861693469));
#2651=CARTESIAN_POINT('Ctrl Pts',(0.0133860106737118,0.00291396478874724,
-0.00825488226008808));
#2652=CARTESIAN_POINT('Ctrl Pts',(0.0128608444111642,0.00290087297625222,
-0.00900492537623703));
#2653=CARTESIAN_POINT('Ctrl Pts',(0.0123356781486166,0.00288778116375719,
-0.00975496849238597));
#2654=CARTESIAN_POINT('Ctrl Pts',(0.0117493285941999,0.00287558271615982,
-0.0104537940085085));
#2655=CARTESIAN_POINT('Ctrl Pts',(0.0111018356945933,0.00286428032036019,
-0.011101317228594));
#2656=CARTESIAN_POINT('Ctrl Pts',(0.0104543427949866,0.00285297792456057,
-0.0117488404486795));
#2657=CARTESIAN_POINT('Ctrl Pts',(0.00975555071166155,0.00284274216862748,
-0.0123352313129322));
#2658=CARTESIAN_POINT('Ctrl Pts',(0.00900537469192887,0.00283357315079267,
-0.0128605297969314));
#2659=CARTESIAN_POINT('Ctrl Pts',(0.00825519867219619,0.00282440413295785,
-0.0133858282809306));
#2660=CARTESIAN_POINT('Ctrl Pts',(0.00746519342241893,0.00281644228460562,
-0.0138419564652268));
#2661=CARTESIAN_POINT('Ctrl Pts',(0.00663510670932899,0.00280968585153724,
-0.0142290322564754));
#2662=CARTESIAN_POINT('Ctrl Pts',(0.0141728910185647,-0.000606588487317976,
-0.00660892762015294));
#2663=CARTESIAN_POINT('Ctrl Pts',(0.0142593143382495,-0.00060348174390501,
-0.00642359221303124));
#2664=CARTESIAN_POINT('Ctrl Pts',(0.014382516859657,-0.000600665341522436,
-0.00625557734575613));
#2665=CARTESIAN_POINT('Ctrl Pts',(0.0146840015176899,-0.000596034449356747,
-0.00597931755511273));
#2666=CARTESIAN_POINT('Ctrl Pts',(0.0148621495085789,-0.000594222341046039,
-0.00587121470049302));
#2667=CARTESIAN_POINT('Ctrl Pts',(0.0152464050584065,-0.000591877934060362,
-0.00573135711800428));
#2668=CARTESIAN_POINT('Ctrl Pts',(0.015452361512403,-0.000591346557301723,
-0.00569965738783705));
#2669=CARTESIAN_POINT('Ctrl Pts',(0.0158608885298511,-0.000591645550207436,
-0.00571749406262221));
#2670=CARTESIAN_POINT('Ctrl Pts',(0.0160632984438319,-0.000592475802295497,
-0.00576702345346752));
#2671=CARTESIAN_POINT('Ctrl Pts',(0.016433902393803,-0.000595372676133036,
-0.0059398389134812));
#2672=CARTESIAN_POINT('Ctrl Pts',(0.0166019506932141,-0.000597438158713629,
-0.00606305702456654));
#2673=CARTESIAN_POINT('Ctrl Pts',(0.0168782104838579,-0.000602491890701527,
-0.00636454168259961));
#2674=CARTESIAN_POINT('Ctrl Pts',(0.0169863133384766,-0.000605478152775368,
-0.00654268967348513));
#2675=CARTESIAN_POINT('Ctrl Pts',(0.017126170920967,-0.000611919358030662,
-0.00692694522331952));
#2676=CARTESIAN_POINT('Ctrl Pts',(0.0171578706511337,-0.000615371768267544,
-0.00713290167730821));
#2677=CARTESIAN_POINT('Ctrl Pts',(0.0171400339763479,-0.000622219831679783,
-0.00754142869476511));
#2678=CARTESIAN_POINT('Ctrl Pts',(0.017090520157904,-0.000625612232120454,
-0.00774380521358407));
#2679=CARTESIAN_POINT('Ctrl Pts',(0.0170040968554961,-0.000628718974913579,
-0.0079291405837271));
#2680=CARTESIAN_POINT('Ctrl Pts',(0.0142297393543521,0.00298693572445088,
-0.00663543643448396));
#2681=CARTESIAN_POINT('Ctrl Pts',(0.0143126920532631,0.00299004246789033,
-0.0064575437976289));
#2682=CARTESIAN_POINT('Ctrl Pts',(0.0144309469589116,0.00299285887024642,
-0.00629627613863796));
#2683=CARTESIAN_POINT('Ctrl Pts',(0.0147203244781057,0.00299748976241211,
-0.00603111049674074));
#2684=CARTESIAN_POINT('Ctrl Pts',(0.0148913183322844,0.00299930187072282,
-0.00592734887884706));
#2685=CARTESIAN_POINT('Ctrl Pts',(0.0152601427974205,0.0030016462777085,
-0.00579310775186843));
#2686=CARTESIAN_POINT('Ctrl Pts',(0.0154578283715666,0.00300217765446713,
-0.00576268103186631));
#2687=CARTESIAN_POINT('Ctrl Pts',(0.0158499496012311,0.00300187866156142,
-0.00577980141448775));
#2688=CARTESIAN_POINT('Ctrl Pts',(0.0160442310587031,0.00300104840947336,
-0.00582734178467952));
#2689=CARTESIAN_POINT('Ctrl Pts',(0.0163999521502698,0.00299815153563582,
-0.00599321725384394));
#2690=CARTESIAN_POINT('Ctrl Pts',(0.0165612519003323,0.00299608605305523,
-0.00611148712382115));
#2691=CARTESIAN_POINT('Ctrl Pts',(0.0168264175422298,0.00299103232106733,
-0.00640086464301532));
#2692=CARTESIAN_POINT('Ctrl Pts',(0.0169301791601224,0.00298804605899349,
-0.00657185849719098));
#2693=CARTESIAN_POINT('Ctrl Pts',(0.017064420287103,0.0029816048537382,
-0.00694068296233315));
#2694=CARTESIAN_POINT('Ctrl Pts',(0.0170948470071044,0.00297815244350131,
-0.00713836853647198));
#2695=CARTESIAN_POINT('Ctrl Pts',(0.0170777266244823,0.00297130438008907,
-0.00753048976614491));
#2696=CARTESIAN_POINT('Ctrl Pts',(0.0170302012006223,0.00296791197962192,
-0.00772473917106714));
#2697=CARTESIAN_POINT('Ctrl Pts',(0.0169472485197087,0.00296480523685528,
-0.00790263176939608));
#2698=CARTESIAN_POINT('',(0.0142290322564754,0.00294223831502273,-0.00663510670932898));
#2699=CARTESIAN_POINT('',(0.0169479556175854,0.00292010782742713,-0.00790296149455105));
#2700=CARTESIAN_POINT('Ctrl Pts',(0.0141731780002605,-0.000588447663004546,
-0.00660906144191542));
#2701=CARTESIAN_POINT('Ctrl Pts',(0.0137886756637054,-0.000602897269708667,
-0.00743362936361987));
#2702=CARTESIAN_POINT('Ctrl Pts',(0.0133320460005468,-0.00061675696623058,
-0.00822453401523896));
#2703=CARTESIAN_POINT('Ctrl Pts',(0.0122883622074556,-0.000642876880591552,
-0.00971506894401418));
#2704=CARTESIAN_POINT('Ctrl Pts',(0.0117013269209487,-0.00065513659259618,
-0.0104146703556879));
#2705=CARTESIAN_POINT('Ctrl Pts',(0.0104146703556871,-0.000677683772570269,
-0.0117013269209479));
#2706=CARTESIAN_POINT('Ctrl Pts',(0.00971506894401286,-0.000687970892391642,
-0.0122883622074545));
#2707=CARTESIAN_POINT('Ctrl Pts',(0.00822453401524042,-0.000706260253324672,
-0.0133320460005478));
#2708=CARTESIAN_POINT('Ctrl Pts',(0.00743362934755055,-0.000714262164357775,
-0.0137886756711924));
#2709=CARTESIAN_POINT('Ctrl Pts',(0.00660906144191542,-0.000721000126490037,
-0.0141731780002605));
#2710=CARTESIAN_POINT('Ctrl Pts',(0.0142315485785624,0.00310130127120532,
-0.00663628008958856));
#2711=CARTESIAN_POINT('Ctrl Pts',(0.0138454627140691,0.00308685166450235,
-0.00746424389791053));
#2712=CARTESIAN_POINT('Ctrl Pts',(0.0133869524749446,0.00307299196797928,
-0.00825840579803281));
#2713=CARTESIAN_POINT('Ctrl Pts',(0.012338970392043,0.00304687205361831,
-0.00975507932083336));
#2714=CARTESIAN_POINT('Ctrl Pts',(0.0117495174692689,0.00303461234161368,
-0.0104575619592138));
#2715=CARTESIAN_POINT('Ctrl Pts',(0.010457561959213,0.0030120651616396,
-0.0117495174692681));
#2716=CARTESIAN_POINT('Ctrl Pts',(0.00975507932083158,0.00300177804181822,
-0.0123389703920433));
#2717=CARTESIAN_POINT('Ctrl Pts',(0.00825840579803474,0.00298348868088519,
-0.0133869524749442));
#2718=CARTESIAN_POINT('Ctrl Pts',(0.00746424388190715,0.00297548676985263,
-0.0138454627215272));
#2719=CARTESIAN_POINT('Ctrl Pts',(0.00663628008958856,0.00296874880771983,
-0.0142315485785624));
#2720=CARTESIAN_POINT('Ctrl Pts',(-0.0128082169267148,-0.000768796385511454,
-0.00896841004311088));
#2721=CARTESIAN_POINT('Ctrl Pts',(-0.013721358981036,-0.000745939948633146,
-0.00766430803836786));
#2722=CARTESIAN_POINT('Ctrl Pts',(-0.0144335701494049,-0.000720627064718325,
-0.00622005043886804));
#2723=CARTESIAN_POINT('Ctrl Pts',(-0.0153909628589232,-0.000667408301253217,
-0.00318358869753905));
#2724=CARTESIAN_POINT('Ctrl Pts',(-0.0156359457514916,-0.000639513465790707,
-0.0015920146896543));
#2725=CARTESIAN_POINT('Ctrl Pts',(-0.0156359457514777,-0.000611610906687944,
-7.90118033984164E-18));
#2726=CARTESIAN_POINT('Ctrl Pts',(-0.0128633840873263,0.00308949162920442,
-0.00900703850483267));
#2727=CARTESIAN_POINT('Ctrl Pts',(-0.0137804591997009,0.00311234806609519,
-0.00769731951106628));
#2728=CARTESIAN_POINT('Ctrl Pts',(-0.0144957379817567,0.00313766094999755,
-0.0062468412500746));
#2729=CARTESIAN_POINT('Ctrl Pts',(-0.0154572543439023,0.00319087971346266,
-0.00319730095350719));
#2730=CARTESIAN_POINT('Ctrl Pts',(-0.0157032924192947,0.00321877454892517,
-0.00159887176668423));
#2731=CARTESIAN_POINT('Ctrl Pts',(-0.0157032924192864,0.00324667710802793,
-7.93521206239306E-18));
#2732=CARTESIAN_POINT('',(-0.0157,0.00305805453343977,-7.93354833197666E-18));
#2733=CARTESIAN_POINT('',(-0.0128606870953372,0.00290086905461621,-0.00900515005071142));
#2734=CARTESIAN_POINT('Origin',(1.52738679161102E-6,-0.00024422243780018,
4.68035827526615E-6));
#2735=CARTESIAN_POINT('',(-0.0156402554340061,0.00303416998758588,0.001368345045388));
#2736=CARTESIAN_POINT('',(-0.0156402567600404,0.00303416997980784,0.00136834516113823));
#2737=CARTESIAN_POINT('Origin',(1.53944434462039E-6,0.00305805636662625,
-1.05023186200981E-7));
#2738=CARTESIAN_POINT('Origin',(1.83213815535099E-6,-0.000244013410707874,
-5.82224807846143E-6));
#2739=CARTESIAN_POINT('',(-0.0187,0.00305805453343971,-3.43513427160833E-18));
#2740=CARTESIAN_POINT('',(-0.0186288392623533,0.00302960604518531,0.0016298122499829));
#2741=CARTESIAN_POINT('Origin',(1.82174231750043E-6,0.0030580566734327,
-1.22600115528559E-7));
#2742=CARTESIAN_POINT('',(-0.0186288408543157,0.00302960605236226,0.00162981238938117));
#2743=CARTESIAN_POINT('Ctrl Pts',(-0.0153706133968265,-0.000798831827324864,
-0.0107626193673652));
#2744=CARTESIAN_POINT('Ctrl Pts',(-0.0164664375532165,-0.000771607918401682,
-0.00919762028267789));
#2745=CARTESIAN_POINT('Ctrl Pts',(-0.0173211328298408,-0.000741458177723971,
-0.00746442624732821));
#2746=CARTESIAN_POINT('Ctrl Pts',(-0.0184700603733092,-0.000678070223775404,
-0.00382049362215871));
#2747=CARTESIAN_POINT('Ctrl Pts',(-0.0187640542485157,-0.000644845164987142,
-0.00191051123354975));
#2748=CARTESIAN_POINT('Ctrl Pts',(-0.0187640542485223,-0.000611610906687944,
-5.31542396112899E-18));
#2749=CARTESIAN_POINT('Ctrl Pts',(-0.0153149308874273,0.0030954987175671,
-0.0107236300545374));
#2750=CARTESIAN_POINT('Ctrl Pts',(-0.0164067852447669,0.00312272262647786,
-0.00916430043046068));
#2751=CARTESIAN_POINT('Ctrl Pts',(-0.0172583842513227,0.003152872367168,
-0.0074373851674477));
#2752=CARTESIAN_POINT('Ctrl Pts',(-0.0184031496207068,0.00321626032111656,
-0.00380665327197009));
#2753=CARTESIAN_POINT('Ctrl Pts',(-0.0186960784560158,0.00324948537990483,
-0.00190359010054273));
#2754=CARTESIAN_POINT('Ctrl Pts',(-0.0186960784560092,0.00328271963820402,
-5.29616798629994E-18));
#2755=CARTESIAN_POINT('',(-0.0153181432282041,0.0028708336128028,-0.0107258793597646));
#2756=CARTESIAN_POINT('Ctrl Pts',(-0.00322384615384615,0.0102,0.0122840065115715));
#2757=CARTESIAN_POINT('Ctrl Pts',(-0.00322384615384615,0.0106957115700806,
0.0122840065115715));
#2758=CARTESIAN_POINT('Ctrl Pts',(-0.00300062623387204,0.0116849987701891,
0.0123450432515742));
#2759=CARTESIAN_POINT('Ctrl Pts',(-0.00200387280400445,0.0129657481156586,
0.0125650610023799));
#2760=CARTESIAN_POINT('Ctrl Pts',(-0.00061688772616084,0.0135567448083453,
0.012714719472923));
#2761=CARTESIAN_POINT('Ctrl Pts',(0.00102356619515651,0.01346220120026,
0.0126901304981353));
#2762=CARTESIAN_POINT('Ctrl Pts',(0.0022159262381416,0.0127532382737399,
0.0125190324231545));
#2763=CARTESIAN_POINT('Ctrl Pts',(0.0030383469534149,0.0115197080174995,
0.0123349998839483));
#2764=CARTESIAN_POINT('Ctrl Pts',(0.00333379419033837,0.0102017079684204,
0.012252278668038));
#2765=CARTESIAN_POINT('Ctrl Pts',(0.00289410356046322,0.00821436315754853,
0.0123780719931015));
#2766=CARTESIAN_POINT('Ctrl Pts',(0.00125243347727368,0.00686667347985376,
0.0127098563720112));
#2767=CARTESIAN_POINT('Ctrl Pts',(-0.00074862810512123,0.00687433765447549,
0.0127054908305538));
#2768=CARTESIAN_POINT('Ctrl Pts',(-0.0018559399549296,0.00742454088144753,
0.0125746125955047));
#2769=CARTESIAN_POINT('Ctrl Pts',(-0.00288348523537272,0.00847297125244955,
0.0123813722926281));
#2770=CARTESIAN_POINT('Ctrl Pts',(-0.00322384615384615,0.00945643264487913,
0.0122840065115715));
#2771=CARTESIAN_POINT('Ctrl Pts',(-0.00322384615384615,0.0102,0.0122840065115715));
#2772=CARTESIAN_POINT('Ctrl Pts',(-0.0031602913287055,0.0102,0.0123006860027778));
#2773=CARTESIAN_POINT('Ctrl Pts',(-0.0031602913287055,0.0106854983319505,
0.0123006860027778));
#2774=CARTESIAN_POINT('Ctrl Pts',(-0.00293954096879913,0.0116544538915206,
0.012359885595498));
#2775=CARTESIAN_POINT('Ctrl Pts',(-0.00195733141931491,0.0129040755696633,
0.0125715440947522));
#2776=CARTESIAN_POINT('Ctrl Pts',(-0.000601239123773804,0.0134763019436931,
0.0127138828010358));
#2777=CARTESIAN_POINT('Ctrl Pts',(0.00099782425514867,0.0133849533881563,
0.0126905827915101));
#2778=CARTESIAN_POINT('Ctrl Pts',(0.00216621750267197,0.0126971933936552,
0.0125273584121115));
#2779=CARTESIAN_POINT('Ctrl Pts',(0.00297677780456914,0.0114924197904114,
0.0123501469829399));
#2780=CARTESIAN_POINT('Ctrl Pts',(0.00326927512197324,0.0102018490618562,
0.0122699471502565));
#2781=CARTESIAN_POINT('Ctrl Pts',(0.00283354628675873,0.00825485691599842,
0.0123920525848909));
#2782=CARTESIAN_POINT('Ctrl Pts',(0.00121979344130652,0.00694554649910361,
0.0127097225734588));
#2783=CARTESIAN_POINT('Ctrl Pts',(-0.000729444045946356,0.00695386736062335,
0.0127050130995304));
#2784=CARTESIAN_POINT('Ctrl Pts',(-0.00181323751923748,0.00748708338405236,
0.0125805286405176));
#2785=CARTESIAN_POINT('Ctrl Pts',(-0.00282337686137214,0.00850896991800974,
0.012394960805461));
#2786=CARTESIAN_POINT('Ctrl Pts',(-0.0031602913287055,0.00947175250207428,
0.0123006860027778));
#2787=CARTESIAN_POINT('Ctrl Pts',(-0.0031602913287055,0.0102,0.0123006860027778));
#2788=CARTESIAN_POINT('Ctrl Pts',(-0.00304478420422682,0.0102,0.0123773007938711));
#2789=CARTESIAN_POINT('Ctrl Pts',(-0.00304478420422682,0.0106651573699598,
0.0123773007938711));
#2790=CARTESIAN_POINT('Ctrl Pts',(-0.00282905287261093,0.0115933518672881,
0.0124352678075814));
#2791=CARTESIAN_POINT('Ctrl Pts',(-0.00187435747365632,0.0127812061185212,
0.0126416988824204));
#2792=CARTESIAN_POINT('Ctrl Pts',(-0.000573669910524171,0.0133162727646263,
0.012778441589413));
#2793=CARTESIAN_POINT('Ctrl Pts',(0.000952365773475734,0.0132313039074497,
0.0127562329993018));
#2794=CARTESIAN_POINT('Ctrl Pts',(0.00207722078396887,0.0125854718133754,
0.0125986648792725));
#2795=CARTESIAN_POINT('Ctrl Pts',(0.00286534461687421,0.011437897183337,
0.0124256957159543));
#2796=CARTESIAN_POINT('Ctrl Pts',(0.00315179228233771,0.0102021442297125,
0.0123469132542969));
#2797=CARTESIAN_POINT('Ctrl Pts',(0.0027243199933361,0.00833567293725301,
0.0124671219229039));
#2798=CARTESIAN_POINT('Ctrl Pts',(0.00116232954534173,0.00710243823173109,
0.0127750936665939));
#2799=CARTESIAN_POINT('Ctrl Pts',(-0.000695573485037427,0.00711203481963782,
0.012769867050785));
#2800=CARTESIAN_POINT('Ctrl Pts',(-0.00173702363395243,0.00761166960141081,
0.0126501988781715));
#2801=CARTESIAN_POINT('Ctrl Pts',(-0.00271494372099142,0.00858091407294467,
0.012469617179103));
#2802=CARTESIAN_POINT('Ctrl Pts',(-0.00304478420422682,0.00950226394506035,
0.0123773007938711));
#2803=CARTESIAN_POINT('Ctrl Pts',(-0.00304478420422682,0.0102,0.0123773007938711));
#2804=CARTESIAN_POINT('Ctrl Pts',(-0.003,0.0102,0.0125084728071643));
#2805=CARTESIAN_POINT('Ctrl Pts',(-0.003,0.0106531934957034,0.0125084728071643));
#2806=CARTESIAN_POINT('Ctrl Pts',(-0.00278960669568793,0.0115578471785655,
0.0125694700847462));
#2807=CARTESIAN_POINT('Ctrl Pts',(-0.00185524558076795,0.0127207941126579,
0.0127883117547221));
#2808=CARTESIAN_POINT('Ctrl Pts',(-0.000569381087929275,0.0132506179130379,
0.0129359359340127));
#2809=CARTESIAN_POINT('Ctrl Pts',(0.000945047164272308,0.0131661147839295,
0.0129117584887647));
#2810=CARTESIAN_POINT('Ctrl Pts',(0.00205392258237434,0.0125285859869073,
0.0127425880828144));
#2811=CARTESIAN_POINT('Ctrl Pts',(0.00282507400441891,0.0114064646094251,
0.0125594281372012));
#2812=CARTESIAN_POINT('Ctrl Pts',(0.00310394524192101,0.0102018030868526,
0.0124767294603461));
#2813=CARTESIAN_POINT('Ctrl Pts',(0.00268835219455889,0.00838399503587808,
0.0126026132981422));
#2814=CARTESIAN_POINT('Ctrl Pts',(0.00115481842955163,0.00716918816080459,
0.0129315001026816));
#2815=CARTESIAN_POINT('Ctrl Pts',(-0.000690731909694045,0.0071773760306147,
0.0129267745607397));
#2816=CARTESIAN_POINT('Ctrl Pts',(-0.00171883739994843,0.00767138646798113,
0.0127976581096904));
#2817=CARTESIAN_POINT('Ctrl Pts',(-0.00267880578188241,0.00862168749444979,
0.0126056955192441));
#2818=CARTESIAN_POINT('Ctrl Pts',(-0.003,0.00952020975644492,0.0125084728071643));
#2819=CARTESIAN_POINT('Ctrl Pts',(-0.003,0.0102,0.0125084728071643));
#2820=CARTESIAN_POINT('Ctrl Pts',(-0.003,0.0102,0.0125741798937346));
#2821=CARTESIAN_POINT('Ctrl Pts',(-0.003,0.0106506468818915,0.0125741798937346));
#2822=CARTESIAN_POINT('Ctrl Pts',(-0.00279227924411858,0.0115499988819901,
0.0126366584464933));
#2823=CARTESIAN_POINT('Ctrl Pts',(-0.00186473489277436,0.0127143164687806,
0.012861873467003));
#2824=CARTESIAN_POINT('Ctrl Pts',(-0.000574054433793194,0.0132515861894048,
0.0130150671770078));
#2825=CARTESIAN_POINT('Ctrl Pts',(0.000952495385614504,0.0131656374547818,
0.012989897360296));
#2826=CARTESIAN_POINT('Ctrl Pts',(0.00206206450220764,0.0125211257033999,
0.0128147575985046));
#2827=CARTESIAN_POINT('Ctrl Pts',(0.00282738084426583,0.0113997345613632,
0.0126263778339628));
#2828=CARTESIAN_POINT('Ctrl Pts',(0.00310231384927693,0.010201552698564,
0.0125417025735822));
#2829=CARTESIAN_POINT('Ctrl Pts',(0.00269315291954344,0.00839487559777138,
0.0126704673945134));
#2830=CARTESIAN_POINT('Ctrl Pts',(0.00116547138185811,0.00716970316350343,
0.0130100891996965));
#2831=CARTESIAN_POINT('Ctrl Pts',(-0.0006966474850806,0.00717667059497772,
0.0130056205352125));
#2832=CARTESIAN_POINT('Ctrl Pts',(-0.00172707368747923,0.00767685534677049,
0.0128716506883119));
#2833=CARTESIAN_POINT('Ctrl Pts',(-0.00268327187257304,0.00862997386586322,
0.0126738456538713));
#2834=CARTESIAN_POINT('Ctrl Pts',(-0.003,0.00952402967716289,0.0125741798937346));
#2835=CARTESIAN_POINT('Ctrl Pts',(-0.003,0.0102,0.0125741798937346));
#2836=CARTESIAN_POINT('',(-0.003,0.0102,0.0125741798937346));
#2837=CARTESIAN_POINT('Ctrl Pts',(-0.003,0.0102,0.0125741798937346));
#2838=CARTESIAN_POINT('Ctrl Pts',(-0.003,0.0106506468818915,0.0125741798937346));
#2839=CARTESIAN_POINT('Ctrl Pts',(-0.00279227924411858,0.0115499988819901,
0.0126366584464933));
#2840=CARTESIAN_POINT('Ctrl Pts',(-0.00186473489277436,0.0127143164687806,
0.012861873467003));
#2841=CARTESIAN_POINT('Ctrl Pts',(-0.000574054433793194,0.0132515861894048,
0.0130150671770078));
#2842=CARTESIAN_POINT('Ctrl Pts',(0.000952495385614504,0.0131656374547818,
0.012989897360296));
#2843=CARTESIAN_POINT('Ctrl Pts',(0.00206206450220764,0.0125211257033999,
0.0128147575985046));
#2844=CARTESIAN_POINT('Ctrl Pts',(0.00282738084426583,0.0113997345613632,
0.0126263778339628));
#2845=CARTESIAN_POINT('Ctrl Pts',(0.00310231384927693,0.010201552698564,
0.0125417025735822));
#2846=CARTESIAN_POINT('Ctrl Pts',(0.00269315291954344,0.00839487559777138,
0.0126704673945134));
#2847=CARTESIAN_POINT('Ctrl Pts',(0.00116547138185811,0.00716970316350343,
0.0130100891996965));
#2848=CARTESIAN_POINT('Ctrl Pts',(-0.0006966474850806,0.00717667059497772,
0.0130056205352125));
#2849=CARTESIAN_POINT('Ctrl Pts',(-0.00172707368747923,0.00767685534677049,
0.0128716506883119));
#2850=CARTESIAN_POINT('Ctrl Pts',(-0.00268327187257304,0.00862997386586322,
0.0126738456538713));
#2851=CARTESIAN_POINT('Ctrl Pts',(-0.003,0.00952402967716289,0.0125741798937346));
#2852=CARTESIAN_POINT('Ctrl Pts',(-0.003,0.0102,0.0125741798937346));
#2853=CARTESIAN_POINT('',(-0.00322384615384615,0.0102,0.0122840065115715));
#2854=CARTESIAN_POINT('Ctrl Pts',(-0.003,0.0102,0.0125741798937346));
#2855=CARTESIAN_POINT('Ctrl Pts',(-0.003,0.0102,0.0125084728071643));
#2856=CARTESIAN_POINT('Ctrl Pts',(-0.00304478420422682,0.0102,0.0123773007938711));
#2857=CARTESIAN_POINT('Ctrl Pts',(-0.0031602913287055,0.0102,0.0123006860027778));
#2858=CARTESIAN_POINT('Ctrl Pts',(-0.00322384615384615,0.0102,0.0122840065115715));
#2859=CARTESIAN_POINT('Ctrl Pts',(-0.00322384615384615,0.0102,0.0122840065115715));
#2860=CARTESIAN_POINT('Ctrl Pts',(-0.00322384615384615,0.00945643264487913,
0.0122840065115715));
#2861=CARTESIAN_POINT('Ctrl Pts',(-0.00288348523537272,0.00847297125244955,
0.0123813722926281));
#2862=CARTESIAN_POINT('Ctrl Pts',(-0.0018559399549296,0.00742454088144753,
0.0125746125955047));
#2863=CARTESIAN_POINT('Ctrl Pts',(-0.00074862810512123,0.00687433765447549,
0.0127054908305538));
#2864=CARTESIAN_POINT('Ctrl Pts',(0.00125243347727368,0.00686667347985376,
0.0127098563720112));
#2865=CARTESIAN_POINT('Ctrl Pts',(0.00289410356046322,0.00821436315754853,
0.0123780719931015));
#2866=CARTESIAN_POINT('Ctrl Pts',(0.00333379419033837,0.0102017079684204,
0.012252278668038));
#2867=CARTESIAN_POINT('Ctrl Pts',(0.0030383469534149,0.0115197080174995,
0.0123349998839483));
#2868=CARTESIAN_POINT('Ctrl Pts',(0.0022159262381416,0.0127532382737399,
0.0125190324231545));
#2869=CARTESIAN_POINT('Ctrl Pts',(0.00102356619515651,0.01346220120026,
0.0126901304981353));
#2870=CARTESIAN_POINT('Ctrl Pts',(-0.00061688772616084,0.0135567448083453,
0.012714719472923));
#2871=CARTESIAN_POINT('Ctrl Pts',(-0.00200387280400445,0.0129657481156586,
0.0125650610023799));
#2872=CARTESIAN_POINT('Ctrl Pts',(-0.00300062623387204,0.0116849987701891,
0.0123450432515742));
#2873=CARTESIAN_POINT('Ctrl Pts',(-0.00322384615384615,0.0106957115700806,
0.0122840065115715));
#2874=CARTESIAN_POINT('Ctrl Pts',(-0.00322384615384615,0.0102,0.0122840065115715));
#2875=CARTESIAN_POINT('Origin',(0.,0.0087,0.));
#2876=CARTESIAN_POINT('',(-0.0126999991895324,0.00505835918952764,1.29421705726478E-17));
#2877=CARTESIAN_POINT('',(0.0126999991895324,0.00505835918952764,9.51954754728295E-18));
#2878=CARTESIAN_POINT('Origin',(0.,0.00505835918952753,0.));
#2879=CARTESIAN_POINT('Origin',(0.,0.00505835918952753,0.));
#2880=CARTESIAN_POINT('',(-0.0127,0.0137,-1.55530143491713E-18));
#2881=CARTESIAN_POINT('',(-0.0127,0.0087,-1.55530143491714E-18));
#2882=CARTESIAN_POINT('',(-1.55530143491714E-18,0.0137,0.0127));
#2883=CARTESIAN_POINT('Origin',(0.,0.0137,0.));
#2884=CARTESIAN_POINT('Origin',(0.,0.0137,0.));
#2885=CARTESIAN_POINT('',(-0.00322384615384537,0.0102,-0.0122840065115717));
#2886=CARTESIAN_POINT('Ctrl Pts',(-0.00322384615384537,0.0102,-0.0122840065115717));
#2887=CARTESIAN_POINT('Ctrl Pts',(-0.00322384615384537,0.0106957115700805,
-0.0122840065115717));
#2888=CARTESIAN_POINT('Ctrl Pts',(-0.00302907582692821,0.0115620685284031,
-0.0123381732782418));
#2889=CARTESIAN_POINT('Ctrl Pts',(-0.00246362306214102,0.0123740709809609,
-0.012462846526775));
#2890=CARTESIAN_POINT('Ctrl Pts',(-0.00170203359828159,0.0130721550088626,
-0.0125947008064374));
#2891=CARTESIAN_POINT('Ctrl Pts',(-0.000681933844788145,0.0135419322260803,
-0.0127104728019814));
#2892=CARTESIAN_POINT('Ctrl Pts',(0.000968662853771936,0.0134950997349201,
-0.0126985771373157));
#2893=CARTESIAN_POINT('Ctrl Pts',(0.00221575208435395,0.0127528631330309,
-0.012518740814187));
#2894=CARTESIAN_POINT('Ctrl Pts',(0.00303837614490645,0.011519854813872,
-0.0123353000595608));
#2895=CARTESIAN_POINT('Ctrl Pts',(0.00333382894872508,0.0102016937004975,
-0.012252127817005));
#2896=CARTESIAN_POINT('Ctrl Pts',(0.00289456263721872,0.00821409872349137,
-0.0123784389817264));
#2897=CARTESIAN_POINT('Ctrl Pts',(0.00125231067358054,0.00686631562027702,
-0.0127095375869738));
#2898=CARTESIAN_POINT('Ctrl Pts',(-0.000749050293334337,0.00687468485753834,
-0.0127055168807805));
#2899=CARTESIAN_POINT('Ctrl Pts',(-0.00207868529428796,0.00753347819821194,
-0.0125473863056082));
#2900=CARTESIAN_POINT('Ctrl Pts',(-0.00300135478310691,0.00871478646361252,
-0.0123455256645932));
#2901=CARTESIAN_POINT('Ctrl Pts',(-0.00322384615384537,0.00970428842991954,
-0.0122840065115717));
#2902=CARTESIAN_POINT('Ctrl Pts',(-0.00322384615384537,0.0102,-0.0122840065115717));
#2903=CARTESIAN_POINT('Ctrl Pts',(-0.0126977438840412,0.00506322174428853,
-0.000239374726462741));
#2904=CARTESIAN_POINT('Ctrl Pts',(-0.0126970596143624,0.00306281870426913,
-0.000274278991701491));
#2905=CARTESIAN_POINT('Ctrl Pts',(-0.0146974119509298,0.00306350011790311,
-0.000311977317138356));
#2906=CARTESIAN_POINT('Ctrl Pts',(-0.0127056714118141,0.00505472560722794,
0.00018114467749622));
#2907=CARTESIAN_POINT('Ctrl Pts',(-0.0127061404541756,0.00305548107783639,
0.000146094506043012));
#2908=CARTESIAN_POINT('Ctrl Pts',(-0.0147065879336568,0.00305500397492327,
0.000174766388181809));
#2909=CARTESIAN_POINT('Ctrl Pts',(-0.0126926918592587,0.00504622153356303,
0.000602056905596599));
#2910=CARTESIAN_POINT('Ctrl Pts',(-0.0126943312086638,0.00304813244358348,
0.000567098641567443));
#2911=CARTESIAN_POINT('Ctrl Pts',(-0.0146915643440425,0.00304649989533163,
0.000661964781687362));
#2912=CARTESIAN_POINT('Ctrl Pts',(-0.0126250465617657,0.00502928129466197,
0.00144052020728103));
#2913=CARTESIAN_POINT('Ctrl Pts',(-0.0126289617611254,0.00303348992545333,
0.00140597025423762));
#2914=CARTESIAN_POINT('Ctrl Pts',(-0.014613266140617,0.00302955964462854,
0.0016324710944739));
#2915=CARTESIAN_POINT('Ctrl Pts',(-0.012570380920257,0.00502084516321461,
0.00185806960850973));
#2916=CARTESIAN_POINT('Ctrl Pts',(-0.0125754252699284,0.00302619600045804,
0.00182384008692465));
#2917=CARTESIAN_POINT('Ctrl Pts',(-0.0145499916465619,0.00302112350730537,
0.00211577707802591));
#2918=CARTESIAN_POINT('Ctrl Pts',(-0.012419902459608,0.00500412402627254,
0.00268568837486494));
#2919=CARTESIAN_POINT('Ctrl Pts',(-0.0124270974865337,0.00301173510143364,
0.00265230671347126));
#2920=CARTESIAN_POINT('Ctrl Pts',(-0.0143758155337974,0.00300440235872128,
0.00307373103882157));
#2921=CARTESIAN_POINT('Ctrl Pts',(-0.0123240898840804,0.00499583904788341,
0.00309575639841651));
#2922=CARTESIAN_POINT('Ctrl Pts',(-0.0123323287965757,0.00300456800285746,
0.00306291064266643));
#2923=CARTESIAN_POINT('Ctrl Pts',(-0.0142649141971036,0.0029961173745652,
0.00354837746323041));
#2924=CARTESIAN_POINT('Ctrl Pts',(-0.012092262411394,0.00497950193138687,
0.00390436792910045));
#2925=CARTESIAN_POINT('Ctrl Pts',(-0.0121024430426159,0.00299043180284596,
0.00387277521861554));
#2926=CARTESIAN_POINT('Ctrl Pts',(-0.0139965780526451,0.00297978024670051,
0.00448433089174714));
#2927=CARTESIAN_POINT('Ctrl Pts',(-0.011956247889732,0.00497144981976294,
0.0043029101254104));
#2928=CARTESIAN_POINT('Ctrl Pts',(-0.0119673465907506,0.00298346250250545,
0.0042720472606943));
#2929=CARTESIAN_POINT('Ctrl Pts',(-0.0138391436795446,0.00297172812947527,
0.00494563637862237));
#2930=CARTESIAN_POINT('Ctrl Pts',(-0.0116453578912045,0.00495565785465082,
0.00508453918623143));
#2931=CARTESIAN_POINT('Ctrl Pts',(-0.0116581141497462,0.0029697910825847,
0.00505528452490337));
#2932=CARTESIAN_POINT('Ctrl Pts',(-0.0134792940696474,0.0029559361533807,
0.00585035808314627));
#2933=CARTESIAN_POINT('Ctrl Pts',(-0.0114704829180242,0.00494791802676333,
0.00546762478360669));
#2934=CARTESIAN_POINT('Ctrl Pts',(-0.0114839959897706,0.00296308869837688,
0.00543926490764673));
#2935=CARTESIAN_POINT('Ctrl Pts',(-0.0132768794158847,0.002948196320112,
0.00629377283413445));
#2936=CARTESIAN_POINT('Ctrl Pts',(-0.0110835966635723,0.00493282696721321,
0.00621456226524524));
#2937=CARTESIAN_POINT('Ctrl Pts',(-0.01109841937118,0.00295001773206391,
0.00618810210893386));
#2938=CARTESIAN_POINT('Ctrl Pts',(-0.0128290654926493,0.00293310525007331,
0.00715833965760985));
#2939=CARTESIAN_POINT('Ctrl Pts',(-0.0108715860092136,0.00492547576001689,
0.00657841293856292));
#2940=CARTESIAN_POINT('Ctrl Pts',(-0.0108869752809877,0.00294364883077214,
0.00655297721377339));
#2941=CARTESIAN_POINT('Ctrl Pts',(-0.0125836669488389,0.00292575403776861,
0.00757949032848147));
#2942=CARTESIAN_POINT('Ctrl Pts',(-0.0104125193102123,0.0049112344472629,
0.00728329189053052));
#2943=CARTESIAN_POINT('Ctrl Pts',(-0.010428820367475,0.00293130821231986,
0.00725997269581538));
#2944=CARTESIAN_POINT('Ctrl Pts',(-0.012052305445357,0.00291151271512171,
0.00839537515648657));
#2945=CARTESIAN_POINT('Ctrl Pts',(-0.010165464009532,0.0049043443647945,
0.0076243190263757));
#2946=CARTESIAN_POINT('Ctrl Pts',(-0.0101821199150507,0.00292533613465499,
0.00760211372633993));
#2947=CARTESIAN_POINT('Ctrl Pts',(-0.0117663433468246,0.002904622627868,
0.00879010799088056));
#2948=CARTESIAN_POINT('Ctrl Pts',(-0.00963874458392611,0.00489109325912267,
0.00828018731629652));
#2949=CARTESIAN_POINT('Ctrl Pts',(-0.00965588016399415,0.00291384865929499,
0.00826023253669531));
#2950=CARTESIAN_POINT('Ctrl Pts',(-0.011156675015486,0.00289137151299563,
0.00954926385347588));
#2951=CARTESIAN_POINT('Ctrl Pts',(-0.00935908131267635,0.00488473225740345,
0.00859502740699042));
#2952=CARTESIAN_POINT('Ctrl Pts',(-0.00937634686316976,0.00290833287456872,
0.00857623248949367));
#2953=CARTESIAN_POINT('Ctrl Pts',(-0.0108329697708026,0.0028850105068608,
0.00991368565087044));
#2954=CARTESIAN_POINT('Ctrl Pts',(-0.00876990412864372,0.00487260205281069,
0.00919541628859192));
#2955=CARTESIAN_POINT('Ctrl Pts',(-0.00878719987237189,0.00289781298524277,
0.00917891817940956));
#2956=CARTESIAN_POINT('Ctrl Pts',(-0.0101510076943945,0.00287288029384948,
0.010608625088855));
#2957=CARTESIAN_POINT('Ctrl Pts',(-0.00846039117083621,0.00486683286960432,
0.00948096410603349));
#2958=CARTESIAN_POINT('Ctrl Pts',(-0.00847758760665298,0.00289280848284045,
0.00946562670661749));
#2959=CARTESIAN_POINT('Ctrl Pts',(-0.00979275196803581,0.00286711110664018,
0.0109391416027142));
#2960=CARTESIAN_POINT('Ctrl Pts',(-0.00781456720946724,0.00485594320477975,
0.0100199520195399));
#2961=CARTESIAN_POINT('Ctrl Pts',(-0.00783134444730697,0.00288336109740515,
0.0100068685206767));
#2962=CARTESIAN_POINT('Ctrl Pts',(-0.00904522225346355,0.00285622143426117,
0.011563010515473));
#2963=CARTESIAN_POINT('Ctrl Pts',(-0.00747825725275901,0.00485082274081774,
0.0102733912416677));
#2964=CARTESIAN_POINT('Ctrl Pts',(-0.00749471038600154,0.00287891782189321,
0.0102614242926441));
#2965=CARTESIAN_POINT('Ctrl Pts',(-0.00865594947695555,0.00285110096674776,
0.0118563619028451));
#2966=CARTESIAN_POINT('Ctrl Pts',(-0.0067821561950697,0.00484128101916181,
0.0107456622173781));
#2967=CARTESIAN_POINT('Ctrl Pts',(-0.00679775819524336,0.00287063725400889,
0.0107358189911648));
#2968=CARTESIAN_POINT('Ctrl Pts',(-0.00785022491648488,0.00284155923847487,
0.0124030071494847));
#2969=CARTESIAN_POINT('Ctrl Pts',(-0.00642236622249152,0.00483685977693884,
0.0109644932051823));
#2970=CARTESIAN_POINT('Ctrl Pts',(-0.00643743246979395,0.00286679959028619,
0.0109556791922908));
#2971=CARTESIAN_POINT('Ctrl Pts',(-0.00743377443861381,0.00283713799318649,
0.0126563001224138));
#2972=CARTESIAN_POINT('Ctrl Pts',(-0.00568285362605811,0.00482876010725662,
0.0113653892941841));
#2973=CARTESIAN_POINT('Ctrl Pts',(-0.00569667087923332,0.00285976857625129,
0.0113584868037867));
#2974=CARTESIAN_POINT('Ctrl Pts',(-0.00657780179294175,0.00282903831788927,
0.013120330209409));
#2975=CARTESIAN_POINT('Ctrl Pts',(-0.00530313220102677,0.00482508169293075,
0.0115474537453201));
#2976=CARTESIAN_POINT('Ctrl Pts',(-0.0053162233283069,0.00285657489062196,
0.0115414534244592));
#2977=CARTESIAN_POINT('Ctrl Pts',(-0.00613828101273606,0.00282535990101368,
0.0133310665710713));
#2978=CARTESIAN_POINT('Ctrl Pts',(-0.00452750178586931,0.00481850396124953,
0.0118730209602211));
#2979=CARTESIAN_POINT('Ctrl Pts',(-0.00453899538243529,0.0028508637333086,
0.0118686462899658));
#2980=CARTESIAN_POINT('Ctrl Pts',(-0.00524050263309282,0.00281878216477379,
0.0137079048278688));
#2981=CARTESIAN_POINT('Ctrl Pts',(-0.00413159405315691,0.00481560465456002,
0.0120165231960619));
#2982=CARTESIAN_POINT('Ctrl Pts',(-0.0041421997113847,0.00284834597575758,
0.0120128889121425));
#2983=CARTESIAN_POINT('Ctrl Pts',(-0.004782246489062,0.00281588285607514,
0.0138740061119685));
#2984=CARTESIAN_POINT('Ctrl Pts',(-0.00332749576470054,0.00481061373622316,
0.0122635505086519));
#2985=CARTESIAN_POINT('Ctrl Pts',(-0.00333621799932215,0.0028440118154846,
0.0122611934567808));
#2986=CARTESIAN_POINT('Ctrl Pts',(-0.00385151705135805,0.0028108919342799,
0.0141599358301173));
#2987=CARTESIAN_POINT('Ctrl Pts',(-0.00291930651255192,0.00480852213266844,
0.0123670751848274));
#2988=CARTESIAN_POINT('Ctrl Pts',(-0.00292701373247609,0.00284219518775872,
0.0123652682697231));
#2989=CARTESIAN_POINT('Ctrl Pts',(-0.00337904526654139,0.00280880032927608,
0.0142797638005317));
#2990=CARTESIAN_POINT('Ctrl Pts',(-0.0020946710711962,0.00480516725247759,
0.0125331261960223));
#2991=CARTESIAN_POINT('Ctrl Pts',(-0.00210028251732445,0.00283928140854966,
0.0125321990182364));
#2992=CARTESIAN_POINT('Ctrl Pts',(-0.00242454443881516,0.0028054454467609,
0.0144719648911));
#2993=CARTESIAN_POINT('Ctrl Pts',(-0.00167822621890143,0.00480390398128136,
0.0125956522617743));
#2994=CARTESIAN_POINT('Ctrl Pts',(-0.00168273514967663,0.00283818410189452,
0.0125950638435849));
#2995=CARTESIAN_POINT('Ctrl Pts',(-0.00194251694332213,0.00280418217468955,
0.0145443376995964));
#2996=CARTESIAN_POINT('Ctrl Pts',(-0.00084118690034171,0.00480221822799931,
0.0126790892314986));
#2997=CARTESIAN_POINT('Ctrl Pts',(-0.000843469330652468,0.00283671988000961,
0.01267894928495));
#2998=CARTESIAN_POINT('Ctrl Pts',(-0.000973658847831111,0.00280249642023968,
0.0146409145073476));
#2999=CARTESIAN_POINT('Ctrl Pts',(-0.000420593791113054,0.00480179574864694,
0.0127000000001692));
#3000=CARTESIAN_POINT('Ctrl Pts',(-0.00042172910853892,0.00283635288561887,
0.0126999744360821));
#3001=CARTESIAN_POINT('Ctrl Pts',(-0.000486829818540329,0.00280207394059466,
0.0146651183500002));
#3002=CARTESIAN_POINT('Ctrl Pts',(0.000420593791112986,0.00480179574864694,
0.0127000000001692));
#3003=CARTESIAN_POINT('Ctrl Pts',(0.000421729108538852,0.00283635288561887,
0.0126999744360821));
#3004=CARTESIAN_POINT('Ctrl Pts',(0.000486829818540251,0.00280207394059466,
0.0146651183500002));
#3005=CARTESIAN_POINT('Ctrl Pts',(0.000841186900341752,0.00480221822799931,
0.0126790892314986));
#3006=CARTESIAN_POINT('Ctrl Pts',(0.000843469330652404,0.00283671988000961,
0.01267894928495));
#3007=CARTESIAN_POINT('Ctrl Pts',(0.00097365884783116,0.00280249642023968,
0.0146409145073476));
#3008=CARTESIAN_POINT('Ctrl Pts',(0.00167822621890147,0.00480390398128136,
0.0125956522617743));
#3009=CARTESIAN_POINT('Ctrl Pts',(0.00168273514967677,0.00283818410189452,
0.0125950638435849));
#3010=CARTESIAN_POINT('Ctrl Pts',(0.00194251694332218,0.00280418217468955,
0.0145443376995964));
#3011=CARTESIAN_POINT('Ctrl Pts',(0.00209467107119616,0.00480516725247759,
0.0125331261960223));
#3012=CARTESIAN_POINT('Ctrl Pts',(0.00210028251732424,0.00283928140854966,
0.0125321990182372));
#3013=CARTESIAN_POINT('Ctrl Pts',(0.00242454443881517,0.0028054454467609,
0.0144719648911));
#3014=CARTESIAN_POINT('Ctrl Pts',(0.00291930651255199,0.00480852213266844,
0.0123670751848274));
#3015=CARTESIAN_POINT('Ctrl Pts',(0.00292701373247631,0.00284219518775872,
0.0123652682697223));
#3016=CARTESIAN_POINT('Ctrl Pts',(0.0033790452665414,0.00280880032927608,
0.0142797638005317));
#3017=CARTESIAN_POINT('Ctrl Pts',(0.00332749576470059,0.00481061373622295,
0.0122635505086519));
#3018=CARTESIAN_POINT('Ctrl Pts',(0.00333621799932235,0.00284401181548481,
0.0122611934567808));
#3019=CARTESIAN_POINT('Ctrl Pts',(0.00385151705135811,0.0028108919342799,
0.0141599358301173));
#3020=CARTESIAN_POINT('Ctrl Pts',(0.00413159405315696,0.00481560465456023,
0.0120165231960619));
#3021=CARTESIAN_POINT('Ctrl Pts',(0.00414219971138469,0.00284834597575737,
0.0120128889121425));
#3022=CARTESIAN_POINT('Ctrl Pts',(0.00478224648906206,0.00281588285607514,
0.0138740061119684));
#3023=CARTESIAN_POINT('Ctrl Pts',(0.00452750178586918,0.00481850396124953,
0.0118730209602212));
#3024=CARTESIAN_POINT('Ctrl Pts',(0.00453899538243505,0.00285086373330818,
0.0118686462899662));
#3025=CARTESIAN_POINT('Ctrl Pts',(0.00524050263309284,0.00281878216477379,
0.0137079048278687));
#3026=CARTESIAN_POINT('Ctrl Pts',(0.00530313220102694,0.00482508169293075,
0.01154745374532));
#3027=CARTESIAN_POINT('Ctrl Pts',(0.00531622332830708,0.00285657489062238,
0.0115414534244588));
#3028=CARTESIAN_POINT('Ctrl Pts',(0.00613828101273608,0.00282535990101368,
0.0133310665710713));
#3029=CARTESIAN_POINT('Ctrl Pts',(0.0056828536260585,0.00482876010725641,
0.0113653892941839));
#3030=CARTESIAN_POINT('Ctrl Pts',(0.00569667087923356,0.00285976857625108,
0.0113584868037862));
#3031=CARTESIAN_POINT('Ctrl Pts',(0.00657780179294202,0.00282903831788927,
0.013120330209409));
#3032=CARTESIAN_POINT('Ctrl Pts',(0.00642236622249123,0.00483685977693905,
0.0109644932051824));
#3033=CARTESIAN_POINT('Ctrl Pts',(0.00643743246979376,0.00286679959028641,
0.0109556791922912));
#3034=CARTESIAN_POINT('Ctrl Pts',(0.00743377443861365,0.00283713799318649,
0.0126563001224138));
#3035=CARTESIAN_POINT('Ctrl Pts',(0.00678215619506971,0.00484128101916181,
0.0107456622173781));
#3036=CARTESIAN_POINT('Ctrl Pts',(0.0067977581952429,0.00287063725400847,
0.0107358189911652));
#3037=CARTESIAN_POINT('Ctrl Pts',(0.00785022491648488,0.00284155923847487,
0.0124030071494847));
#3038=CARTESIAN_POINT('Ctrl Pts',(0.00747825725275902,0.00485082274081774,
0.0102733912416677));
#3039=CARTESIAN_POINT('Ctrl Pts',(0.00749471038600193,0.00287891782189363,
0.0102614242926437));
#3040=CARTESIAN_POINT('Ctrl Pts',(0.00865594947695555,0.00285110096674776,
0.0118563619028451));
#3041=CARTESIAN_POINT('Ctrl Pts',(0.00781456720946748,0.00485594320477954,
0.0100199520195398));
#3042=CARTESIAN_POINT('Ctrl Pts',(0.00783134444730741,0.00288336109740505,
0.0100068685206763));
#3043=CARTESIAN_POINT('Ctrl Pts',(0.00904522225346359,0.00285622143426118,
0.0115630105154726));
#3044=CARTESIAN_POINT('Ctrl Pts',(0.00846039117083604,0.00486683286960453,
0.00948096410603363));
#3045=CARTESIAN_POINT('Ctrl Pts',(0.00847758760665258,0.00289280848284056,
0.0094656267066179));
#3046=CARTESIAN_POINT('Ctrl Pts',(0.00979275196803585,0.00286711110664017,
0.0109391416027145));
#3047=CARTESIAN_POINT('Ctrl Pts',(0.00876990412864418,0.00487260205281069,
0.00919541628859145));
#3048=CARTESIAN_POINT('Ctrl Pts',(0.00878719987237148,0.00289781298524276,
0.00917891817940826));
#3049=CARTESIAN_POINT('Ctrl Pts',(0.0101510076943946,0.0028728802938495,
0.0106086250888541));
#3050=CARTESIAN_POINT('Ctrl Pts',(0.00935908131267596,0.00488473225740345,
0.0085950274069908));
#3051=CARTESIAN_POINT('Ctrl Pts',(0.0093763468631702,0.00290833287456872,
0.00857623248949491));
#3052=CARTESIAN_POINT('Ctrl Pts',(0.0108329697708026,0.00288501050686078,
0.00991368565087124));
#3053=CARTESIAN_POINT('Ctrl Pts',(0.00963874458392577,0.00489109325912267,
0.00828018731629695));
#3054=CARTESIAN_POINT('Ctrl Pts',(0.00965588016399374,0.00291384865929467,
0.00826023253669572));
#3055=CARTESIAN_POINT('Ctrl Pts',(0.0111566750154856,0.00289137151299562,
0.00954926385347626));
#3056=CARTESIAN_POINT('Ctrl Pts',(0.0101654640095324,0.0049043443647945,
0.0076243190263752));
#3057=CARTESIAN_POINT('Ctrl Pts',(0.0101821199150511,0.00292533613465531,
0.0076021137263395));
#3058=CARTESIAN_POINT('Ctrl Pts',(0.011766343346825,0.002904622627868,0.00879010799088009));
#3059=CARTESIAN_POINT('Ctrl Pts',(0.0104125193102126,0.0049112344472629,
0.00728329189053004));
#3060=CARTESIAN_POINT('Ctrl Pts',(0.0104288203674758,0.00293130821231954,
0.00725997269581503));
#3061=CARTESIAN_POINT('Ctrl Pts',(0.0120523054453578,0.00291151271512171,
0.00839537515648622));
#3062=CARTESIAN_POINT('Ctrl Pts',(0.0108715860092132,0.00492547576001688,
0.00657841293856351));
#3063=CARTESIAN_POINT('Ctrl Pts',(0.0108869752809869,0.00294364883077245,
0.0065529772137739));
#3064=CARTESIAN_POINT('Ctrl Pts',(0.012583666948838,0.00292575403776861,
0.00757949032848196));
#3065=CARTESIAN_POINT('Ctrl Pts',(0.0110835966635725,0.00493282696721321,
0.00621456226524502));
#3066=CARTESIAN_POINT('Ctrl Pts',(0.0110984193711805,0.00295001773206349,
0.00618810210893383));
#3067=CARTESIAN_POINT('Ctrl Pts',(0.0128290654926497,0.00293310525007331,
0.00715833965760979));
#3068=CARTESIAN_POINT('Ctrl Pts',(0.0114704829180241,0.00494791802676333,
0.00546762478360682));
#3069=CARTESIAN_POINT('Ctrl Pts',(0.0114839959897702,0.0029630886983773,
0.00543926490764669));
#3070=CARTESIAN_POINT('Ctrl Pts',(0.0132768794158843,0.002948196320112,
0.0062937728341344));
#3071=CARTESIAN_POINT('Ctrl Pts',(0.0116453578912046,0.00495565785465061,
0.00508453918623122));
#3072=CARTESIAN_POINT('Ctrl Pts',(0.0116581141497453,0.00296979108258438,
0.00505528452490334));
#3073=CARTESIAN_POINT('Ctrl Pts',(0.013479294069647,0.0029559361533807,
0.00585035808314603));
#3074=CARTESIAN_POINT('Ctrl Pts',(0.011956247889732,0.00497144981976316,
0.00430291012541055));
#3075=CARTESIAN_POINT('Ctrl Pts',(0.0119673465907514,0.00298346250250577,
0.00427204726069427));
#3076=CARTESIAN_POINT('Ctrl Pts',(0.013839143679545,0.00297172812947527,
0.00494563637862255));
#3077=CARTESIAN_POINT('Ctrl Pts',(0.0120922624113941,0.00497950193138687,
0.00390436792910011));
#3078=CARTESIAN_POINT('Ctrl Pts',(0.0121024430426159,0.00299043180284607,
0.00387277521861519));
#3079=CARTESIAN_POINT('Ctrl Pts',(0.0139965780526451,0.00297978024670051,
0.00448433089174667));
#3080=CARTESIAN_POINT('Ctrl Pts',(0.0123240898840803,0.00499583904788341,
0.00309575639841677));
#3081=CARTESIAN_POINT('Ctrl Pts',(0.0123323287965757,0.00300456800285735,
0.00306291064266671));
#3082=CARTESIAN_POINT('Ctrl Pts',(0.0142649141971036,0.00299611737456519,
0.00354837746323078));
#3083=CARTESIAN_POINT('Ctrl Pts',(0.012419902459608,0.00500412402627254,
0.00268568837486503));
#3084=CARTESIAN_POINT('Ctrl Pts',(0.0124270974865337,0.00301173510143364,
0.00265230671347136));
#3085=CARTESIAN_POINT('Ctrl Pts',(0.0143758155337974,0.00300440235872128,
0.00307373103882157));
#3086=CARTESIAN_POINT('Ctrl Pts',(0.0125703809202571,0.00502084516321461,
0.00185806960850962));
#3087=CARTESIAN_POINT('Ctrl Pts',(0.0125754252699284,0.00302619600045804,
0.00182384008692453));
#3088=CARTESIAN_POINT('Ctrl Pts',(0.0145499916465619,0.00302112350730537,
0.00211577707802591));
#3089=CARTESIAN_POINT('Ctrl Pts',(0.0126250465617657,0.00502928129466197,
0.00144052020728098));
#3090=CARTESIAN_POINT('Ctrl Pts',(0.0126289617611254,0.00303348992545259,
0.00140597025423766));
#3091=CARTESIAN_POINT('Ctrl Pts',(0.014613266140617,0.00302955964462854,
0.00163247109447379));
#3092=CARTESIAN_POINT('Ctrl Pts',(0.0126926918592587,0.00504622153356303,
0.000602056905596546));
#3093=CARTESIAN_POINT('Ctrl Pts',(0.0126943312086638,0.00304813244358422,
0.000567098641567486));
#3094=CARTESIAN_POINT('Ctrl Pts',(0.0146915643440425,0.00304649989533163,
0.000661964781687354));
#3095=CARTESIAN_POINT('Ctrl Pts',(0.0127056714118141,0.00505472560722878,
0.00018114467749629));
#3096=CARTESIAN_POINT('Ctrl Pts',(0.0127061404541756,0.00305548107783723,
0.000146094506043163));
#3097=CARTESIAN_POINT('Ctrl Pts',(0.0147065879336568,0.00305500397492327,
0.00017476638818183));
#3098=CARTESIAN_POINT('Ctrl Pts',(0.0126977438840412,0.00506322174428853,
-0.00023937472646276));
#3099=CARTESIAN_POINT('Ctrl Pts',(0.0126970596143624,0.00306281870426913,
-0.000274278991701511));
#3100=CARTESIAN_POINT('Ctrl Pts',(0.0146974119509298,0.00306350011790311,
-0.000311977317138378));
#3101=CARTESIAN_POINT('Origin',(0.0147000566229345,0.0050584646529163,2.74129916250596E-11));
#3102=CARTESIAN_POINT('Origin',(-0.0147000566229347,0.00505846465291666,
2.74130051058449E-11));
#3103=CARTESIAN_POINT('Origin',(0.,0.00305866379921475,-3.4904812874567E-5));
#3104=CARTESIAN_POINT('Ctrl Pts',(-0.020496290677939,0.00286476442947518,
-0.00038995954332549));
#3105=CARTESIAN_POINT('Ctrl Pts',(-0.020496357726331,0.00306673114152673,
-0.000386435476906566));
#3106=CARTESIAN_POINT('Ctrl Pts',(-0.0202944061162406,0.00306472410547563,
-0.000382628206925117));
#3107=CARTESIAN_POINT('Ctrl Pts',(-0.0205092066341972,0.00285303043364635,
0.00028890368334168));
#3108=CARTESIAN_POINT('Ctrl Pts',(-0.0205091532301019,0.00305488327618385,
0.000292232082672085));
#3109=CARTESIAN_POINT('Ctrl Pts',(-0.0203071954409853,0.00305299119252596,
0.000289550229749474));
#3110=CARTESIAN_POINT('Ctrl Pts',(-0.0204883676576124,0.00284128537379283,
0.000968407012489946));
#3111=CARTESIAN_POINT('Ctrl Pts',(-0.0204882169005385,0.00304302095851104,
0.000971727595225913));
#3112=CARTESIAN_POINT('Ctrl Pts',(-0.0202865620921645,0.00304124724858807,
0.000962360631605634));
#3113=CARTESIAN_POINT('Ctrl Pts',(-0.0203793853386745,0.00281788886301115,
0.00232199798302174));
#3114=CARTESIAN_POINT('Ctrl Pts',(-0.0203790047793632,0.00301939131785517,
0.0023252773398356));
#3115=CARTESIAN_POINT('Ctrl Pts',(-0.0201786543150238,0.00301785295840005,
0.00230261922495838));
#3116=CARTESIAN_POINT('Ctrl Pts',(-0.0202912421635395,0.00280623745879269,
0.0029960829220721));
#3117=CARTESIAN_POINT('Ctrl Pts',(-0.0202907676899376,0.00300762392708897,
0.00299933545454175));
#3118=CARTESIAN_POINT('Ctrl Pts',(-0.0200913796873408,0.0030062026599413,
0.0029700646784875));
#3119=CARTESIAN_POINT('Ctrl Pts',(-0.0200485207465558,0.00278314321874655,
0.00433218620216842));
#3120=CARTESIAN_POINT('Ctrl Pts',(-0.0200478291064915,0.00298430035989738,
0.00433535311677197));
#3121=CARTESIAN_POINT('Ctrl Pts',(-0.0198510500557673,0.00298311060808221,
0.00429300804175444));
#3122=CARTESIAN_POINT('Ctrl Pts',(-0.0198939428985658,0.00277170042039314,
0.00499420237514859));
#3123=CARTESIAN_POINT('Ctrl Pts',(-0.0198931644519128,0.00297274397605954,
0.00499732454512892));
#3124=CARTESIAN_POINT('Ctrl Pts',(-0.0196979950963781,0.0029716688944754,
0.00494850367172082));
#3125=CARTESIAN_POINT('Ctrl Pts',(-0.0195198768382926,0.00274913627651921,
0.00629963726203553));
#3126=CARTESIAN_POINT('Ctrl Pts',(-0.0195189023243877,0.0029499565239211,
0.00630263288990096));
#3127=CARTESIAN_POINT('Ctrl Pts',(-0.0193276144400191,0.00294910688500846,
0.00624108091295778));
#3128=CARTESIAN_POINT('Ctrl Pts',(-0.0193003892329987,0.00273801496761287,
0.0069430538576397));
#3129=CARTESIAN_POINT('Ctrl Pts',(-0.0192993383924974,0.00293872512725732,
0.00694598861545133));
#3130=CARTESIAN_POINT('Ctrl Pts',(-0.0191102890315785,0.00293798662922301,
0.00687816022835057));
#3131=CARTESIAN_POINT('Ctrl Pts',(-0.0187986687034164,0.00271620351593229,
0.00820494219324729));
#3132=CARTESIAN_POINT('Ctrl Pts',(-0.0187974504920163,0.00291669852221666,
0.00820771453493621));
#3133=CARTESIAN_POINT('Ctrl Pts',(-0.0186135111407785,0.00291617723742414,
0.00812762001277252));
#3134=CARTESIAN_POINT('Ctrl Pts',(-0.0185164365932591,0.00270551340855092,
0.00882341188561158));
#3135=CARTESIAN_POINT('Ctrl Pts',(-0.0185151554817523,0.00290590287882368,
0.00882610964732074));
#3136=CARTESIAN_POINT('Ctrl Pts',(-0.0183340591972446,0.00290548814126811,
0.00873999819837232));
#3137=CARTESIAN_POINT('Ctrl Pts',(-0.0178920110838828,0.00268466981975134,
0.0100293051000331));
#3138=CARTESIAN_POINT('Ctrl Pts',(-0.0178905977396851,0.00288485432915317,
0.0100318109976703));
#3139=CARTESIAN_POINT('Ctrl Pts',(-0.0177157847792935,0.00288464651790084,
0.00993401454141646));
#3140=CARTESIAN_POINT('Ctrl Pts',(-0.0175498186979052,0.00267451637215571,
0.0106167266653141));
#3141=CARTESIAN_POINT('Ctrl Pts',(-0.0175483582896481,0.0028746008995717,
0.0106191472114101));
#3142=CARTESIAN_POINT('Ctrl Pts',(-0.0173769630964589,0.00287449402980426,
0.0105156504579809));
#3143=CARTESIAN_POINT('Ctrl Pts',(-0.0168088481869106,0.00265484626892567,
0.0117547285823505));
#3144=CARTESIAN_POINT('Ctrl Pts',(-0.0168072957292147,0.00285473795042314,
0.0117569353607169));
#3145=CARTESIAN_POINT('Ctrl Pts',(-0.0166432914308418,0.00285482577863444,
0.0116424443224613));
#3146=CARTESIAN_POINT('Ctrl Pts',(-0.0164100712642477,0.00264532964520984,
0.0123053070874988));
#3147=CARTESIAN_POINT('Ctrl Pts',(-0.0164084893617499,0.00284512784095045,
0.0123074210871305));
#3148=CARTESIAN_POINT('Ctrl Pts',(-0.0162484424907034,0.00284531005339124,
0.0121876001030938));
#3149=CARTESIAN_POINT('Ctrl Pts',(-0.01555986545008,0.00262702707376476,
0.0133641912808348));
#3150=CARTESIAN_POINT('Ctrl Pts',(-0.0155582351439221,0.00282664633084916,
0.0133660779736789));
#3151=CARTESIAN_POINT('Ctrl Pts',(-0.0154066112601561,0.00282700920288076,
0.0132360556008436));
#3152=CARTESIAN_POINT('Ctrl Pts',(-0.0151084379381818,0.00261824115573443,
0.0138724952507991));
#3153=CARTESIAN_POINT('Ctrl Pts',(-0.015106796898746,0.0028177742978548,
0.0138742853568728));
#3154=CARTESIAN_POINT('Ctrl Pts',(-0.0149596302574059,0.00281822411361194,
0.0137393532556104));
#3155=CARTESIAN_POINT('Ctrl Pts',(-0.0141573841291435,0.00260148667154282,
0.0148418157930629));
#3156=CARTESIAN_POINT('Ctrl Pts',(-0.0141557400882064,0.0028008564310393,
0.0148433739117228));
#3157=CARTESIAN_POINT('Ctrl Pts',(-0.0140179441483957,0.00280147120280133,
0.0146991273072461));
#3158=CARTESIAN_POINT('Ctrl Pts',(-0.0136577593752531,0.00259351813256833,
0.0153028307924717));
#3159=CARTESIAN_POINT('Ctrl Pts',(-0.0136561236761281,0.00279280994803582,
0.0153042922698305));
#3160=CARTESIAN_POINT('Ctrl Pts',(-0.0135232405643005,0.00279350341488662,
0.0151556017776205));
#3161=CARTESIAN_POINT('Ctrl Pts',(-0.0126152397484303,0.00257847701916744,
0.0161730253046535));
#3162=CARTESIAN_POINT('Ctrl Pts',(-0.0126136464424344,0.00277762250150108,
0.0161742591238134));
#3163=CARTESIAN_POINT('Ctrl Pts',(-0.0124909893412268,0.00277846371235018,
0.0160172261485773));
#3164=CARTESIAN_POINT('Ctrl Pts',(-0.0120723465671677,0.00257140446914778,
0.016582203405384));
#3165=CARTESIAN_POINT('Ctrl Pts',(-0.0120707803031004,0.00277048089810784,
0.0165833442722152));
#3166=CARTESIAN_POINT('Ctrl Pts',(-0.01195344344398,0.00277139182846411,
0.016422374288314));
#3167=CARTESIAN_POINT('Ctrl Pts',(-0.0109486456129452,0.00255822510761556,
0.0173446873900187));
#3168=CARTESIAN_POINT('Ctrl Pts',(-0.0109471653746044,0.00275717358085615,
0.0173456137436731));
#3169=CARTESIAN_POINT('Ctrl Pts',(-0.0108408103053183,0.00275821370190852,
0.0171773489945228));
#3170=CARTESIAN_POINT('Ctrl Pts',(-0.010367839663388,0.00255211831748904,
0.0176979920366582));
#3171=CARTESIAN_POINT('Ctrl Pts',(-0.0103664040716524,0.00275100726207878,
0.0176988327176328));
#3172=CARTESIAN_POINT('Ctrl Pts',(-0.0102657250059792,0.00275210748659533,
0.0175271739937505));
#3173=CARTESIAN_POINT('Ctrl Pts',(-0.00917404272861499,0.00254093072266053,
0.0183452435641744));
#3174=CARTESIAN_POINT('Ctrl Pts',(-0.00917273335413455,0.00273971124261697,
0.0183458911630801));
#3175=CARTESIAN_POINT('Ctrl Pts',(-0.00908368612643154,0.00274092093918654,
0.0181680511554515));
#3176=CARTESIAN_POINT('Ctrl Pts',(-0.00856105368054624,0.00253584993611236,
0.018639189394771));
#3177=CARTESIAN_POINT('Ctrl Pts',(-0.00855980478645831,0.00273458099607401,
0.0186397619023901));
#3178=CARTESIAN_POINT('Ctrl Pts',(-0.00847673466540772,0.00273584063062402,
0.0184591019697145));
#3179=CARTESIAN_POINT('Ctrl Pts',(-0.00730893761122288,0.00252676447397817,
0.0191648233075755));
#3180=CARTESIAN_POINT('Ctrl Pts',(-0.00730785014391056,0.00272540761251418,
0.0191652316069577));
#3181=CARTESIAN_POINT('Ctrl Pts',(-0.00723695091508373,0.00272675601848196,
0.01897955928617));
#3182=CARTESIAN_POINT('Ctrl Pts',(-0.00666981262175005,0.00252275981313488,
0.0193965105368486));
#3183=CARTESIAN_POINT('Ctrl Pts',(-0.00666879909231666,0.00272136401038599,
0.0193968572146941));
#3184=CARTESIAN_POINT('Ctrl Pts',(-0.0066041208952293,0.00272275173422366,
0.0192089646814481));
#3185=CARTESIAN_POINT('Ctrl Pts',(-0.00537172958405743,0.00251586611207725,
0.0197953414391139));
#3186=CARTESIAN_POINT('Ctrl Pts',(-0.00537090636304246,0.00271440367573445,
0.0197955591015579));
#3187=CARTESIAN_POINT('Ctrl Pts',(-0.00531882280409215,0.00271585867773823,
0.0196038678016357));
#3188=CARTESIAN_POINT('Ctrl Pts',(-0.00471277364220804,0.00251297708304958,
0.0199624844649318));
#3189=CARTESIAN_POINT('Ctrl Pts',(-0.00471203492714475,0.0027114865772757,
0.0199626563421902));
#3190=CARTESIAN_POINT('Ctrl Pts',(-0.00466635712254645,0.00271296992029678,
0.0197693646794732));
#3191=CARTESIAN_POINT('Ctrl Pts',(-0.00338152926798125,0.00250834314965659,
0.0202305778766975));
#3192=CARTESIAN_POINT('Ctrl Pts',(-0.00338100231375248,0.00270680789058235,
0.020230660889593));
#3193=CARTESIAN_POINT('Ctrl Pts',(-0.00334822422495787,0.00270833642000491,
0.0200348178534784));
#3194=CARTESIAN_POINT('Ctrl Pts',(-0.00270924299578173,0.00250659825281073,
0.0203315278276165));
#3195=CARTESIAN_POINT('Ctrl Pts',(-0.00270880782408632,0.00270504605005759,
0.0203315826480524));
#3196=CARTESIAN_POINT('Ctrl Pts',(-0.00268255948644741,0.0027065916871541,
0.0201347735767681));
#3197=CARTESIAN_POINT('Ctrl Pts',(-0.00135797005452658,0.00250426980098732,
0.0204662389985641));
#3198=CARTESIAN_POINT('Ctrl Pts',(-0.00135775985026928,0.00270269512208809,
0.0204662485176313));
#3199=CARTESIAN_POINT('Ctrl Pts',(-0.00134459523612853,0.00270426345290043,
0.0202681580881604));
#3200=CARTESIAN_POINT('Ctrl Pts',(-0.000678985578150688,0.00250368624978812,
0.0205));
#3201=CARTESIAN_POINT('Ctrl Pts',(-0.000678870865094707,0.00270210590595963,
0.0205));
#3202=CARTESIAN_POINT('Ctrl Pts',(-0.00067229825529281,0.00270367995654057,
0.0203015865873486));
#3203=CARTESIAN_POINT('Ctrl Pts',(0.000678985578150646,0.00250368624978812,
0.0205));
#3204=CARTESIAN_POINT('Ctrl Pts',(0.000678870865094666,0.00270210590595963,
0.0205));
#3205=CARTESIAN_POINT('Ctrl Pts',(0.000672298255292769,0.00270367995654057,
0.0203015865873486));
#3206=CARTESIAN_POINT('Ctrl Pts',(0.00135797005452663,0.00250426980098732,
0.0204662389985641));
#3207=CARTESIAN_POINT('Ctrl Pts',(0.00135775985026933,0.00270269512208793,
0.0204662485176313));
#3208=CARTESIAN_POINT('Ctrl Pts',(0.00134459523612858,0.00270426345290043,
0.0202681580881604));
#3209=CARTESIAN_POINT('Ctrl Pts',(0.00270924299578178,0.00250659825281073,
0.0203315278276165));
#3210=CARTESIAN_POINT('Ctrl Pts',(0.00270880782408637,0.00270504605005774,
0.0203315826480524));
#3211=CARTESIAN_POINT('Ctrl Pts',(0.00268255948644746,0.0027065916871541,
0.0201347735767681));
#3212=CARTESIAN_POINT('Ctrl Pts',(0.00338152926798042,0.00250834314965645,
0.0202305778766977));
#3213=CARTESIAN_POINT('Ctrl Pts',(0.00338100231375186,0.00270680789058235,
0.0202306608895943));
#3214=CARTESIAN_POINT('Ctrl Pts',(0.00334822422495753,0.00270833642000489,
0.0200348178534796));
#3215=CARTESIAN_POINT('Ctrl Pts',(0.00471277364220878,0.00251297708304973,
0.0199624844649317));
#3216=CARTESIAN_POINT('Ctrl Pts',(0.00471203492714529,0.00271148657727569,
0.019962656342189));
#3217=CARTESIAN_POINT('Ctrl Pts',(0.0046663571225467,0.0027129699202968,
0.019769364679472));
#3218=CARTESIAN_POINT('Ctrl Pts',(0.00537172958405747,0.0025158661120774,
0.0197953414391139));
#3219=CARTESIAN_POINT('Ctrl Pts',(0.0053709063630425,0.0027144036757346,
0.0197955591015579));
#3220=CARTESIAN_POINT('Ctrl Pts',(0.0053188228040922,0.00271585867773823,
0.0196038678016357));
#3221=CARTESIAN_POINT('Ctrl Pts',(0.00666981262175009,0.00252275981313474,
0.0193965105368486));
#3222=CARTESIAN_POINT('Ctrl Pts',(0.0066687990923167,0.00272136401038584,
0.0193968572146941));
#3223=CARTESIAN_POINT('Ctrl Pts',(0.00660412089522934,0.00272275173422367,
0.0192089646814481));
#3224=CARTESIAN_POINT('Ctrl Pts',(0.00730893761122292,0.00252676447397817,
0.0191648233075755));
#3225=CARTESIAN_POINT('Ctrl Pts',(0.00730785014391061,0.00272540761251418,
0.0191652316069576));
#3226=CARTESIAN_POINT('Ctrl Pts',(0.00723695091508377,0.00272675601848196,
0.01897955928617));
#3227=CARTESIAN_POINT('Ctrl Pts',(0.00856105368054629,0.00253584993611237,
0.0186391893947709));
#3228=CARTESIAN_POINT('Ctrl Pts',(0.00855980478645834,0.00273458099607401,
0.0186397619023901));
#3229=CARTESIAN_POINT('Ctrl Pts',(0.00847673466540777,0.00273584063062402,
0.0184591019697145));
#3230=CARTESIAN_POINT('Ctrl Pts',(0.00917404272861499,0.00254093072266053,
0.0183452435641744));
#3231=CARTESIAN_POINT('Ctrl Pts',(0.00917273335413517,0.00273971124261712,
0.0183458911630812));
#3232=CARTESIAN_POINT('Ctrl Pts',(0.00908368612643157,0.00274092093918652,
0.0181680511554526));
#3233=CARTESIAN_POINT('Ctrl Pts',(0.010367839663388,0.00255211831748904,
0.0176979920366581));
#3234=CARTESIAN_POINT('Ctrl Pts',(0.0103664040716519,0.00275100726207864,
0.0176988327176316));
#3235=CARTESIAN_POINT('Ctrl Pts',(0.0102657250059793,0.00275210748659535,
0.0175271739937493));
#3236=CARTESIAN_POINT('Ctrl Pts',(0.0109486456129451,0.00255822510761556,
0.0173446873900187));
#3237=CARTESIAN_POINT('Ctrl Pts',(0.0109471653746033,0.00275717358085643,
0.0173456137436734));
#3238=CARTESIAN_POINT('Ctrl Pts',(0.010840810305319,0.00275821370190852,
0.0171773489945228));
#3239=CARTESIAN_POINT('Ctrl Pts',(0.0120723465671677,0.00257140446914778,
0.0165822034053841));
#3240=CARTESIAN_POINT('Ctrl Pts',(0.0120707803031004,0.00277048089810755,
0.0165833442722156));
#3241=CARTESIAN_POINT('Ctrl Pts',(0.0119534434439794,0.00277139182846412,
0.016422374288314));
#3242=CARTESIAN_POINT('Ctrl Pts',(0.01261523974843,0.00257847701916744,
0.0161730253046537));
#3243=CARTESIAN_POINT('Ctrl Pts',(0.0126136464424339,0.00277762250150064,
0.0161742591238128));
#3244=CARTESIAN_POINT('Ctrl Pts',(0.0124909893412262,0.00277846371235018,
0.0160172261485773));
#3245=CARTESIAN_POINT('Ctrl Pts',(0.0136577593752535,0.00259351813256833,
0.0153028307924714));
#3246=CARTESIAN_POINT('Ctrl Pts',(0.01365612367613,0.00279280994803627,
0.0153042922698299));
#3247=CARTESIAN_POINT('Ctrl Pts',(0.0135232405643011,0.00279350341488662,
0.0151556017776205));
#3248=CARTESIAN_POINT('Ctrl Pts',(0.0141573841291432,0.00260148667154282,
0.0148418157930632));
#3249=CARTESIAN_POINT('Ctrl Pts',(0.0141557400882063,0.00280085643103973,
0.0148433739117235));
#3250=CARTESIAN_POINT('Ctrl Pts',(0.0140179441483957,0.00280147120280132,
0.0146991273072467));
#3251=CARTESIAN_POINT('Ctrl Pts',(0.0151084379381821,0.00261824115573443,
0.0138724952507988));
#3252=CARTESIAN_POINT('Ctrl Pts',(0.0151067968987447,0.00281777429785433,
0.0138742853568736));
#3253=CARTESIAN_POINT('Ctrl Pts',(0.0149596302574059,0.00281822411361195,
0.0137393532556098));
#3254=CARTESIAN_POINT('Ctrl Pts',(0.0155598654500788,0.00262702707376476,
0.0133641912808363));
#3255=CARTESIAN_POINT('Ctrl Pts',(0.0155582351439197,0.00282664633084916,
0.0133660779736795));
#3256=CARTESIAN_POINT('Ctrl Pts',(0.015406611260155,0.00282700920288074,
0.0132360556008447));
#3257=CARTESIAN_POINT('Ctrl Pts',(0.0164100712642489,0.00264532964520984,
0.0123053070874972));
#3258=CARTESIAN_POINT('Ctrl Pts',(0.0164084893617522,0.00284512784095045,
0.0123074210871299));
#3259=CARTESIAN_POINT('Ctrl Pts',(0.0162484424907046,0.00284531005339126,
0.0121876001030926));
#3260=CARTESIAN_POINT('Ctrl Pts',(0.0168088481869097,0.00265484626892567,
0.0117547285823518));
#3261=CARTESIAN_POINT('Ctrl Pts',(0.0168072957292136,0.00285473795042299,
0.0117569353607181));
#3262=CARTESIAN_POINT('Ctrl Pts',(0.0166432914308407,0.00285482577863443,
0.0116424443224619));
#3263=CARTESIAN_POINT('Ctrl Pts',(0.0175498186979061,0.00267451637215572,
0.0106167266653127));
#3264=CARTESIAN_POINT('Ctrl Pts',(0.0175483582896493,0.00287460089957186,
0.0106191472114089));
#3265=CARTESIAN_POINT('Ctrl Pts',(0.0173769630964601,0.00287449402980427,
0.0105156504579803));
#3266=CARTESIAN_POINT('Ctrl Pts',(0.0178920110838828,0.00268466981975134,
0.0100293051000332));
#3267=CARTESIAN_POINT('Ctrl Pts',(0.017890597739685,0.00288485432915317,
0.0100318109976703));
#3268=CARTESIAN_POINT('Ctrl Pts',(0.0177157847792935,0.00288464651790084,
0.0099340145414165));
#3269=CARTESIAN_POINT('Ctrl Pts',(0.0185164365932591,0.00270551340855092,
0.00882341188561163));
#3270=CARTESIAN_POINT('Ctrl Pts',(0.0185151554817522,0.00290590287882367,
0.00882610964732078));
#3271=CARTESIAN_POINT('Ctrl Pts',(0.0183340591972445,0.00290548814126811,
0.00873999819837236));
#3272=CARTESIAN_POINT('Ctrl Pts',(0.0187986687034164,0.00271620351593219,
0.00820494219324717));
#3273=CARTESIAN_POINT('Ctrl Pts',(0.0187974504920164,0.00291669852221656,
0.0082077145349361));
#3274=CARTESIAN_POINT('Ctrl Pts',(0.0186135111407786,0.00291617723742414,
0.00812762001277265));
#3275=CARTESIAN_POINT('Ctrl Pts',(0.0193003892329986,0.00273801496761297,
0.00694305385763988));
#3276=CARTESIAN_POINT('Ctrl Pts',(0.0192993383924973,0.00293872512725743,
0.00694598861545151));
#3277=CARTESIAN_POINT('Ctrl Pts',(0.0191102890315785,0.00293798662922301,
0.00687816022835051));
#3278=CARTESIAN_POINT('Ctrl Pts',(0.0195198768382926,0.00274913627651912,
0.00629963726203533));
#3279=CARTESIAN_POINT('Ctrl Pts',(0.0195189023243886,0.002949956523921,
0.00630263288990082));
#3280=CARTESIAN_POINT('Ctrl Pts',(0.0193276144400199,0.00294910688500846,
0.00624108091295783));
#3281=CARTESIAN_POINT('Ctrl Pts',(0.0198939428985657,0.00277170042039323,
0.00499420237514888));
#3282=CARTESIAN_POINT('Ctrl Pts',(0.0198931644519119,0.00297274397605963,
0.00499732454512943));
#3283=CARTESIAN_POINT('Ctrl Pts',(0.0196979950963773,0.0029716688944754,
0.00494850367172085));
#3284=CARTESIAN_POINT('Ctrl Pts',(0.0200485207465558,0.00278314321874641,
0.00433218620216838));
#3285=CARTESIAN_POINT('Ctrl Pts',(0.0200478291064915,0.00298430035989724,
0.00433535311677168));
#3286=CARTESIAN_POINT('Ctrl Pts',(0.0198510500557673,0.00298311060808221,
0.00429300804175441));
#3287=CARTESIAN_POINT('Ctrl Pts',(0.0202912421635395,0.00280623745879284,
0.00299608292207206));
#3288=CARTESIAN_POINT('Ctrl Pts',(0.0202907676899376,0.00300762392708912,
0.00299933545454145));
#3289=CARTESIAN_POINT('Ctrl Pts',(0.0200913796873408,0.0030062026599413,
0.00297006467848746));
#3290=CARTESIAN_POINT('Ctrl Pts',(0.0203793853386744,0.00281788886301115,
0.00232199798302187));
#3291=CARTESIAN_POINT('Ctrl Pts',(0.0203790047793631,0.00301939131785516,
0.00232527733983637));
#3292=CARTESIAN_POINT('Ctrl Pts',(0.0201786543150238,0.00301785295840005,
0.00230261922495842));
#3293=CARTESIAN_POINT('Ctrl Pts',(0.0204883676576124,0.00284128537379283,
0.000968407012489927));
#3294=CARTESIAN_POINT('Ctrl Pts',(0.0204882169005385,0.00304302095851103,
0.000971727595226251));
#3295=CARTESIAN_POINT('Ctrl Pts',(0.0202865620921645,0.00304124724858807,
0.000962360631605683));
#3296=CARTESIAN_POINT('Ctrl Pts',(0.0205092066341972,0.00285303043364635,
0.000288903683341686));
#3297=CARTESIAN_POINT('Ctrl Pts',(0.0205091532301018,0.00305488327618384,
0.000292232082672583));
#3298=CARTESIAN_POINT('Ctrl Pts',(0.0203071954409853,0.00305299119252596,
0.000289550229749421));
#3299=CARTESIAN_POINT('Ctrl Pts',(0.020496290677939,0.00286476442947518,
-0.000389959543325494));
#3300=CARTESIAN_POINT('Ctrl Pts',(0.020496357726331,0.00306673114152673,
-0.00038643547690657));
#3301=CARTESIAN_POINT('Ctrl Pts',(0.0202944061162406,0.00306472410547563,
-0.000382628206925121));
#3302=CARTESIAN_POINT('',(0.0204999986728927,0.00285802406783112,1.65670977003411E-17));
#3303=CARTESIAN_POINT('Ctrl Pts',(0.0202999996999148,0.00305805453343027,
-1.72085261674384E-17));
#3304=CARTESIAN_POINT('Ctrl Pts',(0.0203129653195957,0.00305805440738158,
-3.01121836507421E-17));
#3305=CARTESIAN_POINT('Ctrl Pts',(0.0203258982891538,0.00305679353648865,
2.24804670691337E-17));
#3306=CARTESIAN_POINT('Ctrl Pts',(0.0203521399612935,0.0030516280038833,
5.57391657851354E-18));
#3307=CARTESIAN_POINT('Ctrl Pts',(0.0203653488902808,0.00304757628990237,
-3.61545993892224E-17));
#3308=CARTESIAN_POINT('Ctrl Pts',(0.0204017172614334,0.00303216168081055,
-8.24979585687459E-17));
#3309=CARTESIAN_POINT('Ctrl Pts',(0.0204232412170273,0.00301764951547892,
-1.94715651502383E-15));
#3310=CARTESIAN_POINT('Ctrl Pts',(0.0204596119253384,0.00298126974939541,
-2.43883981202155E-15));
#3311=CARTESIAN_POINT('Ctrl Pts',(0.0204741192654329,0.0029597411057573,
-3.54579907379523E-16));
#3312=CARTESIAN_POINT('Ctrl Pts',(0.020489526314822,0.00292337005368766,
-4.50912817823201E-16));
#3313=CARTESIAN_POINT('Ctrl Pts',(0.0204935754754208,0.00291016201559707,
3.00041940705599E-16));
#3314=CARTESIAN_POINT('Ctrl Pts',(0.0204987378026526,0.00288392248098228,
8.24947209307952E-16));
#3315=CARTESIAN_POINT('Ctrl Pts',(0.0204999980106463,0.00287098857685731,
2.18731443505299E-12));
#3316=CARTESIAN_POINT('Ctrl Pts',(0.020499998009339,0.00285802406783114,
-1.54733170720876E-14));
#3317=CARTESIAN_POINT('Origin',(0.,0.00305799360686222,3.4904812874567E-6));
#3318=CARTESIAN_POINT('',(-0.0204999986728927,0.00285802406783112,1.45231243441117E-17));
#3319=CARTESIAN_POINT('Ctrl Pts',(-0.0202999996999148,0.00305805453343027,
-6.93892184170897E-19));
#3320=CARTESIAN_POINT('Ctrl Pts',(-0.0203129653195957,0.00305805440738158,
-5.28701634531905E-18));
#3321=CARTESIAN_POINT('Ctrl Pts',(-0.0203258982891538,0.00305679353648865,
2.38641466465326E-17));
#3322=CARTESIAN_POINT('Ctrl Pts',(-0.0203521399612935,0.0030516280038833,
2.85046871079511E-17));
#3323=CARTESIAN_POINT('Ctrl Pts',(-0.0203653488902808,0.00304757628990238,
5.71034016103543E-18));
#3324=CARTESIAN_POINT('Ctrl Pts',(-0.0204017172614334,0.00303216168081055,
1.58352606326389E-17));
#3325=CARTESIAN_POINT('Ctrl Pts',(-0.0204232412170273,0.00301764951547892,
-1.68776705664202E-15));
#3326=CARTESIAN_POINT('Ctrl Pts',(-0.0204596119253385,0.0029812697493954,
-2.07388744716981E-15));
#3327=CARTESIAN_POINT('Ctrl Pts',(-0.020474119265433,0.00295974110575726,
2.76058923190426E-16));
#3328=CARTESIAN_POINT('Ctrl Pts',(-0.020489526314822,0.0029233700536877,
3.91217155332252E-16));
#3329=CARTESIAN_POINT('Ctrl Pts',(-0.0204935754754207,0.00291016201559718,
2.5875960658216E-16));
#3330=CARTESIAN_POINT('Ctrl Pts',(-0.0204987378026675,0.00288392248090625,
4.59611197738573E-16));
#3331=CARTESIAN_POINT('Ctrl Pts',(-0.0204999980106463,0.00287098857646943,
2.18074973373661E-12));
#3332=CARTESIAN_POINT('Ctrl Pts',(-0.020499998009339,0.00285802406783114,
-1.54731089052704E-14));
#3333=CARTESIAN_POINT('Origin',(0.,0.00285802406783094,0.));
#3334=CARTESIAN_POINT('Origin',(0.,0.0002,0.));
#3335=CARTESIAN_POINT('',(-2.51052593825207E-18,0.0002,0.0205));
#3336=CARTESIAN_POINT('Origin',(-2.48603300226913E-18,0.0002,0.0203));
#3337=CARTESIAN_POINT('',(-0.0205,0.0002,2.51052593825207E-18));
#3338=CARTESIAN_POINT('Origin',(0.,0.0002,0.));
#3339=CARTESIAN_POINT('Origin',(0.,0.0002,0.));
#3340=CARTESIAN_POINT('Ctrl Pts',(-0.009,-0.000605192828491387,0.0168972691594377));
#3341=CARTESIAN_POINT('Ctrl Pts',(-0.00882867688750547,-0.000605192828490996,
0.0168972691594161));
#3342=CARTESIAN_POINT('Ctrl Pts',(-0.00865742123954072,-0.000604624942601486,
0.0168632042821689));
#3343=CARTESIAN_POINT('Ctrl Pts',(-0.00834085750667985,-0.000602438995125334,
0.0167320792906626));
#3344=CARTESIAN_POINT('Ctrl Pts',(-0.00819567393220643,-0.00060082179293448,
0.016635070727623));
#3345=CARTESIAN_POINT('Ctrl Pts',(-0.00795338654049686,-0.000596782688669734,
0.0163927833359135));
#3346=CARTESIAN_POINT('Ctrl Pts',(-0.00785637797745899,-0.000594362374551545,
0.0162475997614438));
#3347=CARTESIAN_POINT('Ctrl Pts',(-0.00772525298594934,-0.0005890850305079,
0.0159310360285754));
#3348=CARTESIAN_POINT('Ctrl Pts',(-0.00769118810868227,-0.000586230075346675,
0.0157597803257967));
#3349=CARTESIAN_POINT('Ctrl Pts',(-0.00769118810868227,-0.000580517919315554,
0.0154171342104431));
#3350=CARTESIAN_POINT('Ctrl Pts',(-0.00772525298594949,-0.000577662964154365,
0.0152458785076644));
#3351=CARTESIAN_POINT('Ctrl Pts',(-0.00785637797745885,-0.000572385620110649,
0.014929314774796));
#3352=CARTESIAN_POINT('Ctrl Pts',(-0.0079533865404967,-0.000569965305992495,
0.0147841312003265));
#3353=CARTESIAN_POINT('Ctrl Pts',(-0.0081956739322066,-0.000565926201727749,
0.0145418438086166));
#3354=CARTESIAN_POINT('Ctrl Pts',(-0.00834085750667983,-0.000564308999536896,
0.0144448352455772));
#3355=CARTESIAN_POINT('Ctrl Pts',(-0.00865742123954074,-0.000562123052060744,
0.0143137102540709));
#3356=CARTESIAN_POINT('Ctrl Pts',(-0.00882867694232882,-0.000561555166170843,
0.0142796453768022));
#3357=CARTESIAN_POINT('Ctrl Pts',(-0.00917132305767118,-0.000561555166170843,
0.0142796453768022));
#3358=CARTESIAN_POINT('Ctrl Pts',(-0.00934257876045926,-0.000562123052060744,
0.0143137102540709));
#3359=CARTESIAN_POINT('Ctrl Pts',(-0.00965914249332017,-0.000564308999536896,
0.0144448352455772));
#3360=CARTESIAN_POINT('Ctrl Pts',(-0.00980432606779341,-0.000565926201727749,
0.0145418438086166));
#3361=CARTESIAN_POINT('Ctrl Pts',(-0.0100466134595033,-0.000569965305992495,
0.0147841312003265));
#3362=CARTESIAN_POINT('Ctrl Pts',(-0.0101436220225413,-0.000572385620110649,
0.0149293147747962));
#3363=CARTESIAN_POINT('Ctrl Pts',(-0.0102747470140504,-0.000577662964154365,
0.0152458785076642));
#3364=CARTESIAN_POINT('Ctrl Pts',(-0.0103088118913177,-0.000580517919315555,
0.0154171342104431));
#3365=CARTESIAN_POINT('Ctrl Pts',(-0.0103088118913177,-0.000586230075346674,
0.0157597803257967));
#3366=CARTESIAN_POINT('Ctrl Pts',(-0.0102747470140504,-0.0005890850305079,
0.0159310360285757));
#3367=CARTESIAN_POINT('Ctrl Pts',(-0.0101436220225413,-0.000594362374551545,
0.0162475997614435));
#3368=CARTESIAN_POINT('Ctrl Pts',(-0.0100466134595032,-0.000596782688669735,
0.0163927833359138));
#3369=CARTESIAN_POINT('Ctrl Pts',(-0.00980432606779348,-0.000600821792934479,
0.0166350707276227));
#3370=CARTESIAN_POINT('Ctrl Pts',(-0.00965914249332017,-0.000602438995125334,
0.0167320792906623));
#3371=CARTESIAN_POINT('Ctrl Pts',(-0.00934257876045926,-0.000604624942601486,
0.0168632042821692));
#3372=CARTESIAN_POINT('Ctrl Pts',(-0.00917132311249453,-0.000605192828491777,
0.0168972691594592));
#3373=CARTESIAN_POINT('Ctrl Pts',(-0.009,-0.000605192828491387,0.0168972691594377));
#3374=CARTESIAN_POINT('Ctrl Pts',(-0.009,0.00281650336331832,0.016837543230245));
#3375=CARTESIAN_POINT('Ctrl Pts',(-0.00883649499502279,0.00281650336331871,
0.0168375432302242));
#3376=CARTESIAN_POINT('Ctrl Pts',(-0.00867305437591875,0.00281707124920822,
0.0168050328593656));
#3377=CARTESIAN_POINT('Ctrl Pts',(-0.00837093661747112,0.00281925719668437,
0.0166798915863832));
#3378=CARTESIAN_POINT('Ctrl Pts',(-0.00823237830667884,0.00282087439887523,
0.0165873098830058));
#3379=CARTESIAN_POINT('Ctrl Pts',(-0.00800114738511406,0.00282491350313997,
0.0163560789614411));
#3380=CARTESIAN_POINT('Ctrl Pts',(-0.00790856568173842,0.00282733381725816,
0.0162175206506523));
#3381=CARTESIAN_POINT('Ctrl Pts',(-0.00778342440875256,0.00283261116130181,
0.0159154028921976));
#3382=CARTESIAN_POINT('Ctrl Pts',(-0.00775091403787495,0.00283546611646303,
0.0157519622207813));
#3383=CARTESIAN_POINT('Ctrl Pts',(-0.00775091403787495,0.00284117827249415,
0.0154249523154585));
#3384=CARTESIAN_POINT('Ctrl Pts',(-0.00778342440875271,0.00284403322765534,
0.0152615116440422));
#3385=CARTESIAN_POINT('Ctrl Pts',(-0.00790856568173828,0.00284931057169906,
0.0149593938855875));
#3386=CARTESIAN_POINT('Ctrl Pts',(-0.0080011473851139,0.00285173088581721,
0.0148208355747989));
#3387=CARTESIAN_POINT('Ctrl Pts',(-0.008232378306679,0.00285576999008196,
0.0145896046532338));
#3388=CARTESIAN_POINT('Ctrl Pts',(-0.0083709366174711,0.00285738719227281,
0.0144970229498567));
#3389=CARTESIAN_POINT('Ctrl Pts',(-0.00867305437591877,0.00285957313974896,
0.0143718816768741));
#3390=CARTESIAN_POINT('Ctrl Pts',(-0.00883649504734421,0.00286014102563887,
0.0143393713059948));
#3391=CARTESIAN_POINT('Ctrl Pts',(-0.0091635049526558,0.00286014102563887,
0.0143393713059948));
#3392=CARTESIAN_POINT('Ctrl Pts',(-0.00932694562408123,0.00285957313974896,
0.0143718816768741));
#3393=CARTESIAN_POINT('Ctrl Pts',(-0.0096290633825289,0.00285738719227281,
0.0144970229498567));
#3394=CARTESIAN_POINT('Ctrl Pts',(-0.009767621693321,0.00285576999008196,
0.0145896046532338));
#3395=CARTESIAN_POINT('Ctrl Pts',(-0.0099988526148861,0.00285173088581721,
0.0148208355747989));
#3396=CARTESIAN_POINT('Ctrl Pts',(-0.0100914343182617,0.00284931057169906,
0.0149593938855876));
#3397=CARTESIAN_POINT('Ctrl Pts',(-0.0102165755912473,0.00284403322765534,
0.015261511644042));
#3398=CARTESIAN_POINT('Ctrl Pts',(-0.0102490859621251,0.00284117827249415,
0.0154249523154585));
#3399=CARTESIAN_POINT('Ctrl Pts',(-0.0102490859621251,0.00283546611646303,
0.0157519622207813));
#3400=CARTESIAN_POINT('Ctrl Pts',(-0.0102165755912473,0.00283261116130181,
0.0159154028921979));
#3401=CARTESIAN_POINT('Ctrl Pts',(-0.0100914343182617,0.00282733381725816,
0.016217520650652));
#3402=CARTESIAN_POINT('Ctrl Pts',(-0.00999885261488604,0.00282491350313997,
0.0163560789614414));
#3403=CARTESIAN_POINT('Ctrl Pts',(-0.00976762169332107,0.00282087439887523,
0.0165873098830055));
#3404=CARTESIAN_POINT('Ctrl Pts',(-0.0096290633825289,0.00281925719668437,
0.0166798915863829));
#3405=CARTESIAN_POINT('Ctrl Pts',(-0.00932694562408123,0.00281707124920822,
0.0168050328593659));
#3406=CARTESIAN_POINT('Ctrl Pts',(-0.00916350500497721,0.00281650336331793,
0.0168375432302657));
#3407=CARTESIAN_POINT('Ctrl Pts',(-0.009,0.00281650336331832,0.016837543230245));
#3408=CARTESIAN_POINT('Ctrl Pts',(-0.009,0.00276413816853367,0.0168384572681199));
#3409=CARTESIAN_POINT('Ctrl Pts',(-0.00916362465228078,0.00276413816853328,
0.0168384572681406));
#3410=CARTESIAN_POINT('Ctrl Pts',(-0.00932718487157302,0.00276470605442357,
0.0168059231072766));
#3411=CARTESIAN_POINT('Ctrl Pts',(-0.00962952370933971,0.00276689200189973,
0.0166806902602414));
#3412=CARTESIAN_POINT('Ctrl Pts',(-0.00976818341230807,0.00276850920409058,
0.0165880408087778));
#3413=CARTESIAN_POINT('Ctrl Pts',(-0.0099995835406583,0.00277254830835532,
0.0163566406804284));
#3414=CARTESIAN_POINT('Ctrl Pts',(-0.0100922329921202,0.00277496862247352,
0.0162179809774628));
#3415=CARTESIAN_POINT('Ctrl Pts',(-0.0102174640190552,0.00278024588981756,
0.0159156465338066));
#3416=CARTESIAN_POINT('Ctrl Pts',(-0.0102499981086012,0.00278310075570576,
0.0157520913766121));
#3417=CARTESIAN_POINT('Ctrl Pts',(-0.0102499999999175,0.00278595675063682,
0.0155884715365932));
#3418=CARTESIAN_POINT('Origin',(0.0197,0.00305794547486599,6.2479615045475E-6));
#3419=CARTESIAN_POINT('Ctrl Pts',(-0.0156402567600294,0.00303416997980564,
0.0013683451612642));
#3420=CARTESIAN_POINT('Ctrl Pts',(-0.0156312070254317,0.00303236444639246,
0.00147178410122824));
#3421=CARTESIAN_POINT('Ctrl Pts',(-0.015633032320336,0.00303054280810544,
0.0015761456888083));
#3422=CARTESIAN_POINT('Ctrl Pts',(-0.0156579352350798,0.00302694776023734,
0.00178210584323262));
#3423=CARTESIAN_POINT('Ctrl Pts',(-0.0156809880541887,0.00302517171473972,
0.00188385542164277));
#3424=CARTESIAN_POINT('Ctrl Pts',(-0.0157765967819394,0.00302027208159281,
0.00216455521663434));
#3425=CARTESIAN_POINT('Ctrl Pts',(-0.0158741172462787,0.00301729723399996,
0.00233498412107807));
#3426=CARTESIAN_POINT('Ctrl Pts',(-0.0161265626898213,0.00301221055600698,
0.00262639970812372));
#3427=CARTESIAN_POINT('Ctrl Pts',(-0.0162808343572994,0.00301009798968419,
0.00274742855169845));
#3428=CARTESIAN_POINT('Ctrl Pts',(-0.0166237528249738,0.00300704294039478,
0.00292245220826867));
#3429=CARTESIAN_POINT('Ctrl Pts',(-0.0168119282260398,0.0030060989250707,
0.0029765350780967));
#3430=CARTESIAN_POINT('Ctrl Pts',(-0.0171949766142383,0.00300551229661817,
0.00301014299963359));
#3431=CARTESIAN_POINT('Ctrl Pts',(-0.0173896940324412,0.00300587001235662,
0.00298964921057055));
#3432=CARTESIAN_POINT('Ctrl Pts',(-0.0177578668325678,0.00300783615725557,
0.0028770088447492));
#3433=CARTESIAN_POINT('Ctrl Pts',(-0.0179308608702356,0.00300944774978796,
0.00278468077040058));
#3434=CARTESIAN_POINT('Ctrl Pts',(-0.0182302027594637,0.0030136896846645,
0.00254166048408368));
#3435=CARTESIAN_POINT('Ctrl Pts',(-0.0183559046491977,0.00301632285175861,
0.00239080644230541));
#3436=CARTESIAN_POINT('Ctrl Pts',(-0.0184989793250355,0.00302085886123256,
0.00213093863358585));
#3437=CARTESIAN_POINT('Ctrl Pts',(-0.0185394273122958,0.00302253965883843,
0.0020346458032306));
#3438=CARTESIAN_POINT('Ctrl Pts',(-0.0185998275824084,0.00302600815402647,
0.00183593584699118));
#3439=CARTESIAN_POINT('Ctrl Pts',(-0.0186197811905947,0.00302779853797175,
0.00173336481946041));
#3440=CARTESIAN_POINT('Ctrl Pts',(-0.0186288408543151,0.00302960605236216,
0.00162981238938678));
#3441=CARTESIAN_POINT('',(-0.00162981238938122,0.00273288690679021,0.0186288408543156));
#3442=CARTESIAN_POINT('',(-0.00136834516113824,0.00278505283619922,0.0156402567600404));
#3443=CARTESIAN_POINT('Ctrl Pts',(-0.00162981238938122,0.00273288690679021,
0.0186288408543156));
#3444=CARTESIAN_POINT('Ctrl Pts',(-0.00173320687161951,0.00273304480260332,
0.018619795009241));
#3445=CARTESIAN_POINT('Ctrl Pts',(-0.00183562173779825,0.00273339227136653,
0.0185998885371367));
#3446=CARTESIAN_POINT('Ctrl Pts',(-0.00203404938529641,0.00273444386296092,
0.0185396428950428));
#3447=CARTESIAN_POINT('Ctrl Pts',(-0.00213021347603514,0.0027351480211887,
0.0184993016971922));
#3448=CARTESIAN_POINT('Ctrl Pts',(-0.00239003739796991,0.00273764116985738,
0.0183564693056238));
#3449=CARTESIAN_POINT('Ctrl Pts',(-0.00254095941367903,0.00273983365819016,
0.0182308617331695));
#3450=CARTESIAN_POINT('Ctrl Pts',(-0.0027841878302963,0.00274505605645887,
0.0179316707367347));
#3451=CARTESIAN_POINT('Ctrl Pts',(-0.0028766296865824,0.00274807522579523,
0.0177587026412821));
#3452=CARTESIAN_POINT('Ctrl Pts',(-0.00298951550443317,0.00275450167348876,
0.017390531699498));
#3453=CARTESIAN_POINT('Ctrl Pts',(-0.00301011634789315,0.00275790135762437,
0.0171957640485082));
#3454=CARTESIAN_POINT('Ctrl Pts',(-0.00297668868441459,0.00276458965256156,
0.0168125918881813));
#3455=CARTESIAN_POINT('Ctrl Pts',(-0.00292266789063191,0.00276787568014336,
0.0166243353714064));
#3456=CARTESIAN_POINT('Ctrl Pts',(-0.00274772686537485,0.00277386410174351,
0.0162812589277051));
#3457=CARTESIAN_POINT('Ctrl Pts',(-0.00262671710435795,0.00277655828427652,
0.0161269093137689));
#3458=CARTESIAN_POINT('Ctrl Pts',(-0.00233533693218313,0.00278096670506465,
0.0158743510559647));
#3459=CARTESIAN_POINT('Ctrl Pts',(-0.00216493489722466,0.00278266976404691,
0.0157767828722275));
#3460=CARTESIAN_POINT('Ctrl Pts',(-0.00188419096380119,0.002784340408381,
0.0156810717224288));
#3461=CARTESIAN_POINT('Ctrl Pts',(-0.00178237861110862,0.0027847434308339,
0.015657982581566));
#3462=CARTESIAN_POINT('Ctrl Pts',(-0.0015762847574708,0.00278517889653674,
0.0156330347681591));
#3463=CARTESIAN_POINT('Ctrl Pts',(-0.00147185307768061,0.0027852109052399,
0.0156312009907647));
#3464=CARTESIAN_POINT('Ctrl Pts',(-0.00136834516113824,0.00278505283619922,
0.0156402567600404));
#3465=CARTESIAN_POINT('',(0.00900515005071143,0.00283357040516912,0.0128606870953372));
#3466=CARTESIAN_POINT('Ctrl Pts',(-0.00136834516113825,0.00278505283619922,
0.0156402567600404));
#3467=CARTESIAN_POINT('Ctrl Pts',(-0.000456299095881529,0.00278366003213636,
0.015720050451361));
#3468=CARTESIAN_POINT('Ctrl Pts',(0.000455932414802059,0.00278365975105847,
0.0157200664321518));
#3469=CARTESIAN_POINT('Ctrl Pts',(0.00136807192941356,0.00278505241898295,
0.0156402806623079));
#3470=CARTESIAN_POINT('Ctrl Pts',(0.00228021144402506,0.00278644508690743,
0.0155604948924639));
#3471=CARTESIAN_POINT('Ctrl Pts',(0.00317858688996136,0.00278920961366997,
0.0154021140442475));
#3472=CARTESIAN_POINT('Ctrl Pts',(0.00406310488814551,0.0027933461984502,
0.0151651303544541));
#3473=CARTESIAN_POINT('Ctrl Pts',(0.00494762288632965,0.00279748278323043,
0.0149281466646606));
#3474=CARTESIAN_POINT('Ctrl Pts',(0.00580484833193541,0.00280292827764822,
0.0146161703973201));
#3475=CARTESIAN_POINT('Ctrl Pts',(0.00663485816433145,0.00280968382855305,
0.0142291481522614));
#3476=CARTESIAN_POINT('Ctrl Pts',(0.00746486799672749,0.00281643937945788,
0.0138421259072028));
#3477=CARTESIAN_POINT('Ctrl Pts',(0.0082548892257778,0.00282440059129101,
0.0133860253805759));
#3478=CARTESIAN_POINT('Ctrl Pts',(0.00900515005071141,0.00283357040516912,
0.0128606870953372));
#3479=CARTESIAN_POINT('',(0.0107258793597646,0.00279067534881168,0.0153181432282041));
#3480=CARTESIAN_POINT('Ctrl Pts',(0.00900515005071144,0.00283357040516912,
0.0128606870953372));
#3481=CARTESIAN_POINT('Ctrl Pts',(0.00909020194600601,0.00283460992372558,
0.012801133117123));
#3482=CARTESIAN_POINT('Ctrl Pts',(0.00918149090071868,0.00283549312997922,
0.0127505342647427));
#3483=CARTESIAN_POINT('Ctrl Pts',(0.00937230304193539,0.00283691419111605,
0.0126691217267388));
#3484=CARTESIAN_POINT('Ctrl Pts',(0.00947194342156278,0.00283745373566963,
0.0126382112399687));
#3485=CARTESIAN_POINT('Ctrl Pts',(0.00976280902683473,0.00283845824572113,
0.0125806628976603));
#3486=CARTESIAN_POINT('Ctrl Pts',(0.00995912927469149,0.00283847161757326,
0.0125798968247565));
#3487=CARTESIAN_POINT('Ctrl Pts',(0.0103377039414091,0.00283719950191842,
0.0126527762818125));
#3488=CARTESIAN_POINT('Ctrl Pts',(0.0105196609699443,0.00283592389688588,
0.0127258556451856));
#3489=CARTESIAN_POINT('Ctrl Pts',(0.0108427438622794,0.00283226776210516,
0.0129353154664903));
#3490=CARTESIAN_POINT('Ctrl Pts',(0.0109837014572845,0.00282989476914237,
0.0130712641996108));
#3491=CARTESIAN_POINT('Ctrl Pts',(0.0112043725347916,0.0028243966853315,
0.0133862492101784));
#3492=CARTESIAN_POINT('Ctrl Pts',(0.011283991966715,0.00282127366009326,
0.0135651671489163));
#3493=CARTESIAN_POINT('Ctrl Pts',(0.0113705170552783,0.00281472364341661,
0.0139404173530026));
#3494=CARTESIAN_POINT('Ctrl Pts',(0.0113770353924922,0.00281130187624139,
0.0141364502631766));
#3495=CARTESIAN_POINT('Ctrl Pts',(0.0113161669148641,0.00280465489149832,
0.0145172557640673));
#3496=CARTESIAN_POINT('Ctrl Pts',(0.0112483317196063,0.00280143783807566,
0.0147015606312251));
#3497=CARTESIAN_POINT('Ctrl Pts',(0.0110947697235368,0.00279700799757913,
0.0149553460233017));
#3498=CARTESIAN_POINT('Ctrl Pts',(0.0110316228658393,0.00279555714651489,
0.0150384652250998));
#3499=CARTESIAN_POINT('Ctrl Pts',(0.0108897951815104,0.00279291158263874,
0.0151900294780563));
#3500=CARTESIAN_POINT('Ctrl Pts',(0.0108109832796979,0.00279171550322236,
0.015258552821926));
#3501=CARTESIAN_POINT('Ctrl Pts',(0.0107258793597647,0.00279067534881168,
0.0153181432282042));
#3502=CARTESIAN_POINT('Ctrl Pts',(0.0107258793597646,0.00279067534881168,
0.0153181432282041));
#3503=CARTESIAN_POINT('Ctrl Pts',(0.00983258810350106,0.0027797573929666,
0.0159436324996602));
#3504=CARTESIAN_POINT('Ctrl Pts',(0.00889162224578461,0.00277027537925303,
0.0164869178213879));
#3505=CARTESIAN_POINT('Ctrl Pts',(0.00790321006872845,0.00276222889129361,
0.0169478397033128));
#3506=CARTESIAN_POINT('Ctrl Pts',(0.0069147978916723,0.00275418240333419,
0.0174087615852377));
#3507=CARTESIAN_POINT('Ctrl Pts',(0.00589379227727317,0.00274769750177201,
0.0177804054758248));
#3508=CARTESIAN_POINT('Ctrl Pts',(0.00484027026133037,0.00274276861725261,
0.0180627180622602));
#3509=CARTESIAN_POINT('Ctrl Pts',(0.00378674824538756,0.00273783973273322,
0.0183450306486955));
#3510=CARTESIAN_POINT('Ctrl Pts',(0.00271671779373654,0.0027345481407604,
0.0185337328331012));
#3511=CARTESIAN_POINT('Ctrl Pts',(0.00163008558659829,0.00273288732431147,
0.0186288169506276));
#3512=CARTESIAN_POINT('Ctrl Pts',(0.000543453379460032,0.00273122650786253,
0.0187239010681541));
#3513=CARTESIAN_POINT('Ctrl Pts',(-0.000543086821505009,0.00273122734611251,
0.0187239170218722));
#3514=CARTESIAN_POINT('Ctrl Pts',(-0.00162981238938123,0.00273288690679021,
0.0186288408543157));
#3515=CARTESIAN_POINT('Origin',(0.,0.0017,0.));
#3516=CARTESIAN_POINT('',(-1.53080849893419E-18,0.0015,0.0125));
#3517=CARTESIAN_POINT('',(0.0125,0.0015,1.53080849893419E-18));
#3518=CARTESIAN_POINT('Origin',(0.,0.0015,0.));
#3519=CARTESIAN_POINT('Origin',(0.,0.0015,0.));
#3520=CARTESIAN_POINT('',(0.0125,0.0017,1.53080849893419E-18));
#3521=CARTESIAN_POINT('Origin',(0.,0.,0.));
#3522=CARTESIAN_POINT('Origin',(0.,0.00285802406783094,0.));
#3523=CARTESIAN_POINT('',(-0.0205,0.,2.51052593825207E-18));
#3524=CARTESIAN_POINT('Origin',(0.,0.0125,0.));
#3525=CARTESIAN_POINT('',(-0.00856608704316968,0.0125,0.00155));
#3526=CARTESIAN_POINT('',(0.00856608704316968,0.0125,0.00155));
#3527=CARTESIAN_POINT('',(0.00891277173498794,0.0125,0.00155));
#3528=CARTESIAN_POINT('Origin',(0.,0.0125,0.));
#3529=CARTESIAN_POINT('Origin',(0.,0.0125,0.));
#3530=CARTESIAN_POINT('',(0.00856608704316968,0.0125,-0.00155));
#3531=CARTESIAN_POINT('',(-0.00856608704316968,0.0125,-0.00155));
#3532=CARTESIAN_POINT('',(-0.00891277173498794,0.0125,-0.00155));
#3533=CARTESIAN_POINT('Origin',(0.,0.0125,0.));
#3534=CARTESIAN_POINT('Origin',(0.00900000000000001,0.0125,0.00125));
#3535=CARTESIAN_POINT('',(-0.00870973144876412,0.0041,0.00125));
#3536=CARTESIAN_POINT('',(0.00870973144876412,0.0041,0.00125));
#3537=CARTESIAN_POINT('',(0.00900000000000001,0.0041,0.00125));
#3538=CARTESIAN_POINT('',(0.00856608704316968,0.0122,0.00125));
#3539=CARTESIAN_POINT('',(0.00870973144876412,0.0041,0.00125));
#3540=CARTESIAN_POINT('',(-0.00856608704316968,0.0122,0.00125));
#3541=CARTESIAN_POINT('',(-0.00891277173498795,0.0122,0.00125));
#3542=CARTESIAN_POINT('',(-0.00856608704316968,0.0122,0.00125));
#3543=CARTESIAN_POINT('Ctrl Pts',(-0.00856608704316968,0.0122,0.00125));
#3544=CARTESIAN_POINT('Ctrl Pts',(-0.00892517599120918,0.012206369705005,
0.00125));
#3545=CARTESIAN_POINT('Ctrl Pts',(-0.00886124826005754,0.0122052357219312,
0.00160340826959504));
#3546=CARTESIAN_POINT('Ctrl Pts',(-0.0086139810320872,0.00950000022203501,
0.00125));
#3547=CARTESIAN_POINT('Ctrl Pts',(-0.00897268472282668,0.00950794449587814,
0.00125));
#3548=CARTESIAN_POINT('Ctrl Pts',(-0.00890919456860432,0.00950523594396844,
0.00160311912477922));
#3549=CARTESIAN_POINT('Ctrl Pts',(-0.00866186229413765,0.00680000021837326,
0.00125));
#3550=CARTESIAN_POINT('Ctrl Pts',(-0.00902021605918982,0.00680788348564106,
0.00125));
#3551=CARTESIAN_POINT('Ctrl Pts',(-0.00895712686229675,0.00680523594030651,
0.00160283467490669));
#3552=CARTESIAN_POINT('Ctrl Pts',(-0.00870973144876412,0.0041,0.00125));
#3553=CARTESIAN_POINT('Ctrl Pts',(-0.00906776741640758,0.00410634773248605,
0.00125));
#3554=CARTESIAN_POINT('Ctrl Pts',(-0.00900504584206351,0.00410523572193119,
0.00160255469842058));
#3555=CARTESIAN_POINT('',(-0.00900504584206351,0.00410523572193118,0.00160255469842058));
#3556=CARTESIAN_POINT('Origin',(-0.00870973144876412,0.0041,0.00155));
#3557=CARTESIAN_POINT('',(-0.00886124826005754,0.0122052357219312,0.00160340826959504));
#3558=CARTESIAN_POINT('Origin',(-0.00856608704316968,0.0122,0.00155));
#3559=CARTESIAN_POINT('Ctrl Pts',(-0.00900504584206351,0.00410523572193118,
0.00160255469842058));
#3560=CARTESIAN_POINT('Ctrl Pts',(-0.00900149684720589,0.00430520422996566,
0.00160257543415247));
#3561=CARTESIAN_POINT('Ctrl Pts',(-0.00898375150766956,0.00530504676364492,
0.00160267923553192));
#3562=CARTESIAN_POINT('Ctrl Pts',(-0.00896600433502505,0.00630488926472423,
0.00160278365268719));
#3563=CARTESIAN_POINT('Ctrl Pts',(-0.00892162513022179,0.00880492083367494,
0.00160304598943008));
#3564=CARTESIAN_POINT('Ctrl Pts',(-0.00889143947403035,0.0105050783272547,
0.00160322619858179));
#3565=CARTESIAN_POINT('Ctrl Pts',(-0.00886124826005754,0.0122052357219312,
0.00160340826959504));
#3566=CARTESIAN_POINT('Origin',(0.00856608704316968,0.0122,-0.00155));
#3567=CARTESIAN_POINT('',(0.00856608704316968,0.0122,-0.00125));
#3568=CARTESIAN_POINT('Origin',(0.00856608704316968,0.0122,-0.00155));
#3569=CARTESIAN_POINT('',(0.00886124826005754,0.0122052357219312,-0.00160340826959504));
#3570=CARTESIAN_POINT('Origin',(0.00856608704316968,0.0122,-0.00155));
#3571=CARTESIAN_POINT('Origin',(0.00856608704316968,0.0122,-0.00155));
#3572=CARTESIAN_POINT('Ctrl Pts',(-0.0091041782879201,0.00350523572193118,
0.000982172856288401));
#3573=CARTESIAN_POINT('Ctrl Pts',(-0.00909906284008267,0.0038,0.00098162099385175));
#3574=CARTESIAN_POINT('Ctrl Pts',(-0.00880595438791524,0.0038,0.00095));
#3575=CARTESIAN_POINT('Ctrl Pts',(-0.00909975996979237,0.0035052357413423,
0.00102312812460748));
#3576=CARTESIAN_POINT('Ctrl Pts',(-0.00909667839448616,0.00380209506680279,
0.00100338248259176));
#3577=CARTESIAN_POINT('Ctrl Pts',(-0.00880168078802326,0.0038,0.00096980690077975));
#3578=CARTESIAN_POINT('Ctrl Pts',(-0.00909507140170946,0.00350912050220396,
0.00106336664009807));
#3579=CARTESIAN_POINT('Ctrl Pts',(-0.00909432128728613,0.00380648503066826,
0.00102435661318015));
#3580=CARTESIAN_POINT('Ctrl Pts',(-0.00879714360523479,0.00380194239061591,
0.000989266947229919));
#3581=CARTESIAN_POINT('Ctrl Pts',(-0.00908767337384329,0.00352050696612823,
0.00112269045545351));
#3582=CARTESIAN_POINT('Ctrl Pts',(-0.00909088276193435,0.00381609739745813,
0.0010544588807256));
#3583=CARTESIAN_POINT('Ctrl Pts',(-0.00878998145619561,0.00380763562185876,
0.00101795681208101));
#3584=CARTESIAN_POINT('Ctrl Pts',(-0.00908514640299487,0.00352523597101998,
0.00114229211844373));
#3585=CARTESIAN_POINT('Ctrl Pts',(-0.00908974850873082,0.00381982776958749,
0.00106430316606796));
#3586=CARTESIAN_POINT('Ctrl Pts',(-0.0087875345794991,0.00381000012604834,
0.0010274364220918));
#3587=CARTESIAN_POINT('Ctrl Pts',(-0.00908126941358306,0.00353375808327197,
0.00117143079412331));
#3588=CARTESIAN_POINT('Ctrl Pts',(-0.00908807934643166,0.0038261643379578,
0.00107870241393757));
#3589=CARTESIAN_POINT('Ctrl Pts',(-0.00878377976100649,0.00381426117991842,
0.00104152818302564));
#3590=CARTESIAN_POINT('Ctrl Pts',(-0.00907996136534585,0.00353684059355157,
0.001181109090261));
#3591=CARTESIAN_POINT('Ctrl Pts',(-0.00908752673481227,0.00382840754671282,
0.00108345459805744));
#3592=CARTESIAN_POINT('Ctrl Pts',(-0.00878251281412092,0.0038158024347298,
0.00104620869396406));
#3593=CARTESIAN_POINT('Ctrl Pts',(-0.00907732276005933,0.00354347903443649,
0.00120033603845548));
#3594=CARTESIAN_POINT('Ctrl Pts',(-0.00908643524058857,0.00383313293934593,
0.00109281797212047));
#3595=CARTESIAN_POINT('Ctrl Pts',(-0.00877995688404569,0.00381912165733305,
0.00105550699275614));
#3596=CARTESIAN_POINT('Ctrl Pts',(-0.00907600048357706,0.00354701373145729,
0.00120982469209306));
#3597=CARTESIAN_POINT('Ctrl Pts',(-0.00908589975946416,0.003835600837647,
0.0010973999722193));
#3598=CARTESIAN_POINT('Ctrl Pts',(-0.00877867591995804,0.00382088900402411,
0.00106009576640305));
#3599=CARTESIAN_POINT('Ctrl Pts',(-0.00906937860636804,0.00356574206692486,
0.001256657529894));
#3600=CARTESIAN_POINT('Ctrl Pts',(-0.0090832649679737,0.00384848362164505,
0.00111990618729628));
#3601=CARTESIAN_POINT('Ctrl Pts',(-0.00877226036131896,0.0038302531754526,
0.00108274435701395));
#3602=CARTESIAN_POINT('Ctrl Pts',(-0.00906404633917916,0.00358406998889816,
0.0012921877163277));
#3603=CARTESIAN_POINT('Ctrl Pts',(-0.00908133631428853,0.00386034075620137,
0.00113625914925396));
#3604=CARTESIAN_POINT('Ctrl Pts',(-0.00876709240157002,0.00383941713522494,
0.00109992672065473));
#3605=CARTESIAN_POINT('Ctrl Pts',(-0.00905741780866913,0.00361111799017313,
0.00133421762232797));
#3606=CARTESIAN_POINT('Ctrl Pts',(-0.00907917129154395,0.00387668455701804,
0.00115470606716793));
#3607=CARTESIAN_POINT('Ctrl Pts',(-0.00876066573882424,0.00385294113368561,
0.00112025204040404));
#3608=CARTESIAN_POINT('Ctrl Pts',(-0.0090560940243965,0.00361673637631094,
0.00134250338873492));
#3609=CARTESIAN_POINT('Ctrl Pts',(-0.00907874838288172,0.00388004886391992,
0.00115831399942339));
#3610=CARTESIAN_POINT('Ctrl Pts',(-0.00875938214716276,0.00385575032788292,
0.00112425895216918));
#3611=CARTESIAN_POINT('Ctrl Pts',(-0.00905345269446086,0.00362839733581942,
0.00135883103648322));
#3612=CARTESIAN_POINT('Ctrl Pts',(-0.00907792683451291,0.00388693397272541,
0.00116533667255852));
#3613=CARTESIAN_POINT('Ctrl Pts',(-0.00875682076292661,0.00386158080625107,
0.00113215480447277));
#3614=CARTESIAN_POINT('Ctrl Pts',(-0.00905213282043637,0.00363445105401218,
0.00136688692555709));
#3615=CARTESIAN_POINT('Ctrl Pts',(-0.00907752757677227,0.00389046167877216,
0.00116875676802386));
#3616=CARTESIAN_POINT('Ctrl Pts',(-0.00875554070965663,0.00386460766521072,
0.00113605051706702));
#3617=CARTESIAN_POINT('Ctrl Pts',(-0.00904820216850831,0.00365318819286169,
0.00139058626398399));
#3618=CARTESIAN_POINT('Ctrl Pts',(-0.00907636981418686,0.00390124480467207,
0.00117870161561341));
#3619=CARTESIAN_POINT('Ctrl Pts',(-0.00875172825361431,0.0038739762371248,
0.00114751112204011));
#3620=CARTESIAN_POINT('Ctrl Pts',(-0.00904564299804667,0.00366633450465105,
0.00140562744559393));
#3621=CARTESIAN_POINT('Ctrl Pts',(-0.00907566172244252,0.00390860610852054,
0.00118482248722985));
#3622=CARTESIAN_POINT('Ctrl Pts',(-0.00874924550532412,0.00388054939080646,
0.00115478471720783));
#3623=CARTESIAN_POINT('Ctrl Pts',(-0.00903817297308921,0.00370767909498904,
0.00144854943352884));
#3624=CARTESIAN_POINT('Ctrl Pts',(-0.00907370524777118,0.00393119366923955,
0.00120186707739128));
#3625=CARTESIAN_POINT('Ctrl Pts',(-0.00874199689773809,0.00390122168763583,
0.00117554064742927));
#3626=CARTESIAN_POINT('Ctrl Pts',(-0.00903346731047964,0.00373776474666339,
0.00147424975118668));
#3627=CARTESIAN_POINT('Ctrl Pts',(-0.00907264111210624,0.00394678284441581,
0.00121134428971132));
#3628=CARTESIAN_POINT('Ctrl Pts',(-0.00873742844957346,0.00391626451448248,
0.00118796832379343));
#3629=CARTESIAN_POINT('Ctrl Pts',(-0.00902803605335923,0.0037786117004676,
0.00150264976864023));
#3630=CARTESIAN_POINT('Ctrl Pts',(-0.00907155313942962,0.003966730160432,
0.00122118289007231));
#3631=CARTESIAN_POINT('Ctrl Pts',(-0.00873215214277581,0.00393668798873911,
0.00120170104332995));
#3632=CARTESIAN_POINT('Ctrl Pts',(-0.00902697024880892,0.00378696337295366,
0.00150815337303178));
#3633=CARTESIAN_POINT('Ctrl Pts',(-0.00907134633720034,0.00397077145584809,
0.00122306134906614));
#3634=CARTESIAN_POINT('Ctrl Pts',(-0.00873111655553562,0.00394086382497289,
0.00120436226456431));
#3635=CARTESIAN_POINT('Ctrl Pts',(-0.00902489835447917,0.00380391344155317,
0.0015187207420663));
#3636=CARTESIAN_POINT('Ctrl Pts',(-0.00907095713475464,0.00397886676321131,
0.00122660568422743));
#3637=CARTESIAN_POINT('Ctrl Pts',(-0.00872910300489851,0.00394933886034934,
0.00120947197312177));
#3638=CARTESIAN_POINT('Ctrl Pts',(-0.00902389558733094,0.00381248293914124,
0.00152376793349919));
#3639=CARTESIAN_POINT('Ctrl Pts',(-0.00907077540228505,0.00398290674227186,
0.00122826545008024));
#3640=CARTESIAN_POINT('Ctrl Pts',(-0.00872812826893005,0.00395362360827563,
0.00121191244996193));
#3641=CARTESIAN_POINT('Ctrl Pts',(-0.00902098830530297,0.00383846977008471,
0.00153821337633188));
#3642=CARTESIAN_POINT('Ctrl Pts',(-0.00907026381783549,0.00399501942638416,
0.00123293777717844));
#3643=CARTESIAN_POINT('Ctrl Pts',(-0.00872530162017719,0.00396661702473554,
0.00121889719207685));
#3644=CARTESIAN_POINT('Ctrl Pts',(-0.00901918465325925,0.00385616479157494,
0.00154691713928882));
#3645=CARTESIAN_POINT('Ctrl Pts',(-0.00906996917555212,0.00400305179481589,
0.00123562906933378));
#3646=CARTESIAN_POINT('Ctrl Pts',(-0.00872354710809667,0.00397546453480218,
0.00122310557376018));
#3647=CARTESIAN_POINT('Ctrl Pts',(-0.00901585817310973,0.00389228562757695,
0.00156250028548199));
#3648=CARTESIAN_POINT('Ctrl Pts',(-0.00906945013554407,0.00401907675739606,
0.00124028081536326));
#3649=CARTESIAN_POINT('Ctrl Pts',(-0.00872030930392498,0.00399352495284255,
0.00123063998439946));
#3650=CARTESIAN_POINT('Ctrl Pts',(-0.00901433532323824,0.00391071144447389,
0.00156937965790207));
#3651=CARTESIAN_POINT('Ctrl Pts',(-0.00906922620000858,0.00402706364733317,
0.00124223665178587));
#3652=CARTESIAN_POINT('Ctrl Pts',(-0.00871882598680265,0.00400273786164952,
0.00123396600785946));
#3653=CARTESIAN_POINT('Ctrl Pts',(-0.00901227451663448,0.00393890658236323,
0.00157831173887269));
#3654=CARTESIAN_POINT('Ctrl Pts',(-0.00906892928596772,0.00403903491408568,
0.00124467347115228));
#3655=CARTESIAN_POINT('Ctrl Pts',(-0.0087168168477641,0.00401683543002693,
0.00123828424964822));
#3656=CARTESIAN_POINT('Ctrl Pts',(-0.00901162486884994,0.00394839785911126,
0.00158105752758961));
#3657=CARTESIAN_POINT('Ctrl Pts',(-0.00906883677373789,0.00404302794002071,
0.00124540303213811));
#3658=CARTESIAN_POINT('Ctrl Pts',(-0.00871618314791777,0.00402158106883393,
0.00123961166410354));
#3659=CARTESIAN_POINT('Ctrl Pts',(-0.00901040288499824,0.00396756968101294,
0.00158607759049866));
#3660=CARTESIAN_POINT('Ctrl Pts',(-0.00906866264656266,0.00405102170753018,
0.00124670256108632));
#3661=CARTESIAN_POINT('Ctrl Pts',(-0.00871499042158284,0.00403116697929698,
0.00124203845639051));
#3662=CARTESIAN_POINT('Ctrl Pts',(-0.00900982939637764,0.00397727211576285,
0.0015883561921077));
#3663=CARTESIAN_POINT('Ctrl Pts',(-0.00906858089921997,0.00405503057764841,
0.00124727318288121));
#3664=CARTESIAN_POINT('Ctrl Pts',(-0.00871443026667818,0.00403601819679644,
0.00124313992185649));
#3665=CARTESIAN_POINT('Ctrl Pts',(-0.00900717843795759,0.0040259820513345,
0.00159848258106001));
#3666=CARTESIAN_POINT('Ctrl Pts',(-0.00906819610943479,0.00407503907529399,
0.00124972923341752));
#3667=CARTESIAN_POINT('Ctrl Pts',(-0.00871183877383247,0.00406037316517924,
0.00124803468388333));
#3668=CARTESIAN_POINT('Ctrl Pts',(-0.00900575302570657,0.00406538950881144,
0.00160255055385113));
#3669=CARTESIAN_POINT('Ctrl Pts',(-0.00906796549563435,0.00409066075190289,
0.00125042118642421));
#3670=CARTESIAN_POINT('Ctrl Pts',(-0.00871043789849196,0.00408007685285357,
0.00125));
#3671=CARTESIAN_POINT('Ctrl Pts',(-0.00900504584206351,0.00410523572193118,
0.00160255469842058));
#3672=CARTESIAN_POINT('Ctrl Pts',(-0.00906776741640758,0.00410634773248605,
0.00125));
#3673=CARTESIAN_POINT('Ctrl Pts',(-0.00870973144876413,0.0041,0.00125));
#3674=CARTESIAN_POINT('',(-0.0091041782879201,0.00350523572193118,0.000982172856288401));
#3675=CARTESIAN_POINT('',(-0.00880595438791524,0.0038,0.00095));
#3676=CARTESIAN_POINT('Origin',(-0.00880595438791524,0.0035,0.00095));
#3677=CARTESIAN_POINT('Ctrl Pts',(-0.00870973144876413,0.0041,0.00125));
#3678=CARTESIAN_POINT('Ctrl Pts',(-0.00871044093588986,0.00407999119279471,
0.00125));
#3679=CARTESIAN_POINT('Ctrl Pts',(-0.00871188547759453,0.00406033107349153,
0.00124802594260226));
#3680=CARTESIAN_POINT('Ctrl Pts',(-0.00871399226912654,0.00404089329470731,
0.00124411971010591));
#3681=CARTESIAN_POINT('Ctrl Pts',(-0.00871452009595392,0.00403602343409164,
0.00124314105878979));
#3682=CARTESIAN_POINT('Ctrl Pts',(-0.0087150895008479,0.00403117358190651,
0.00124204003444096));
#3683=CARTESIAN_POINT('Ctrl Pts',(-0.0087156943771884,0.00402638030974914,
0.00124082667152053));
#3684=CARTESIAN_POINT('Ctrl Pts',(-0.00871629882959979,0.00402159039696868,
0.00123961415898858));
#3685=CARTESIAN_POINT('Ctrl Pts',(-0.00871693983087726,0.00401684605651605,
0.0012382873803846));
#3686=CARTESIAN_POINT('Ctrl Pts',(-0.0087176157202925,0.00401214464661078,
0.00123684743979672));
#3687=CARTESIAN_POINT('Ctrl Pts',(-0.00871815310914025,0.00400840663090162,
0.00123570256610006));
#3688=CARTESIAN_POINT('Ctrl Pts',(-0.00871871252955156,0.00400469570456215,
0.00123448627627384));
#3689=CARTESIAN_POINT('Ctrl Pts',(-0.00871929334084514,0.00400101086025739,
0.00123319832513879));
#3690=CARTESIAN_POINT('Ctrl Pts',(-0.00872017121898004,0.0039954413331469,
0.00123125162721336));
#3691=CARTESIAN_POINT('Ctrl Pts',(-0.00872109808493087,0.00398993661080402,
0.00122914279396214));
#3692=CARTESIAN_POINT('Ctrl Pts',(-0.00872207051346531,0.00398450559596069,
0.00122687734317611));
#3693=CARTESIAN_POINT('Ctrl Pts',(-0.00872299709345621,0.00397933064530266,
0.00122471870498894));
#3694=CARTESIAN_POINT('Ctrl Pts',(-0.0087239650419143,0.00397422260990212,
0.00122241788440121));
#3695=CARTESIAN_POINT('Ctrl Pts',(-0.00872497132153648,0.00396918941203929,
0.00121997913904541));
#3696=CARTESIAN_POINT('Ctrl Pts',(-0.00872572732699117,0.00396540803263441,
0.00121814693977301));
#3697=CARTESIAN_POINT('Ctrl Pts',(-0.00872650526178814,0.00396166679499007,
0.001216235994476));
#3698=CARTESIAN_POINT('Ctrl Pts',(-0.00872730495656124,0.00395796476977702,
0.00121424611212503));
#3699=CARTESIAN_POINT('Ctrl Pts',(-0.00872824217361188,0.00395362611299413,
0.00121191403277323));
#3700=CARTESIAN_POINT('Ctrl Pts',(-0.0087292093166003,0.00394934139624039,
0.00120947333441992));
#3701=CARTESIAN_POINT('Ctrl Pts',(-0.00873020642507619,0.00394510975456664,
0.00120692220885544));
#3702=CARTESIAN_POINT('Ctrl Pts',(-0.00873120640557192,0.00394086592429038,
0.00120436373516041));
#3703=CARTESIAN_POINT('Ctrl Pts',(-0.00873223327900165,0.00393668999738743,
0.0012017022561018));
#3704=CARTESIAN_POINT('Ctrl Pts',(-0.00873327856513274,0.00393260961921841,
0.00119895876285452));
#3705=CARTESIAN_POINT('Ctrl Pts',(-0.00873747709550254,0.00391622023916895,
0.00118793915838891));
#3706=CARTESIAN_POINT('Ctrl Pts',(-0.00874200465512998,0.00390120455408326,
0.00117552344361498));
#3707=CARTESIAN_POINT('Ctrl Pts',(-0.00874682938575108,0.00388744016365885,
0.00116170336788689));
#3708=CARTESIAN_POINT('Ctrl Pts',(-0.00874924649915026,0.00388054442270681,
0.00115477972948229));
#3709=CARTESIAN_POINT('Ctrl Pts',(-0.00875173010740568,0.00387397177038,
0.00114750565760095));
#3710=CARTESIAN_POINT('Ctrl Pts',(-0.00875426992917544,0.0038677305256288,
0.00113987072253334));
#3711=CARTESIAN_POINT('Ctrl Pts',(-0.00875554110823046,0.00386460678690847,
0.00113604944276485));
#3712=CARTESIAN_POINT('Ctrl Pts',(-0.00875682113235544,0.00386158006210404,
0.00113215379657022));
#3713=CARTESIAN_POINT('Ctrl Pts',(-0.00875810149701253,0.00385866557031984,
0.00112820688272611));
#3714=CARTESIAN_POINT('Ctrl Pts',(-0.00875938245222825,0.00385574973424806,
0.00112425814839745));
#3715=CARTESIAN_POINT('Ctrl Pts',(-0.00876066601201541,0.00385294065326238,
0.00112025131820393));
#3716=CARTESIAN_POINT('Ctrl Pts',(-0.00876195111492994,0.00385023633716929,
0.00111618698122714));
#3717=CARTESIAN_POINT('Ctrl Pts',(-0.00876709345629719,0.0038394150119988,
0.00109992353031596));
#3718=CARTESIAN_POINT('Ctrl Pts',(-0.00877225927785072,0.00383025481783533,
0.00108274832858646));
#3719=CARTESIAN_POINT('Ctrl Pts',(-0.00877739284241509,0.00382276184001938,
0.00106462548866009));
#3720=CARTESIAN_POINT('Ctrl Pts',(-0.00877867571603705,0.00382088935093904,
0.00106009660565783));
#3721=CARTESIAN_POINT('Ctrl Pts',(-0.00877995664631778,0.00381912200782496,
0.00105550797441982));
#3722=CARTESIAN_POINT('Ctrl Pts',(-0.0087812348784766,0.00381746204731053,
0.00105085784694333));
#3723=CARTESIAN_POINT('Ctrl Pts',(-0.00878251250707946,0.00381580287059666,
0.00104620991516515));
#3724=CARTESIAN_POINT('Ctrl Pts',(-0.00878377942670982,0.00381426158976632,
0.00104152953826203));
#3725=CARTESIAN_POINT('Ctrl Pts',(-0.00878503139137155,0.00381284082952165,
0.00103683093233514));
#3726=CARTESIAN_POINT('Ctrl Pts',(-0.00878753277413552,0.00381000219893056,
0.00102744327768362));
#3727=CARTESIAN_POINT('Ctrl Pts',(-0.00878997948516098,0.00380763720267153,
0.00101796477798008));
#3728=CARTESIAN_POINT('Ctrl Pts',(-0.00879236885294014,0.00380573787843838,
0.00100839352544634));
#3729=CARTESIAN_POINT('Ctrl Pts',(-0.00879713277490914,0.00380195100539207,
0.000989310360178077));
#3730=CARTESIAN_POINT('Ctrl Pts',(-0.00880166934065555,0.0038,0.000969859963536295));
#3731=CARTESIAN_POINT('Ctrl Pts',(-0.00880595438791524,0.0038,0.000950000000000001));
#3732=CARTESIAN_POINT('Ctrl Pts',(-0.00910417828792008,0.00350523572193118,
0.0009821728562884));
#3733=CARTESIAN_POINT('Ctrl Pts',(-0.00908679827244191,0.00350523572193119,
0.00114327561793267));
#3734=CARTESIAN_POINT('Ctrl Pts',(-0.00906378317954594,0.00356732379748754,
0.00130093156701183));
#3735=CARTESIAN_POINT('Ctrl Pts',(-0.00904378204112022,0.00367665598852308,
0.00141631312528557));
#3736=CARTESIAN_POINT('Ctrl Pts',(-0.0090237809026945,0.00378598817955863,
0.00153169468355932));
#3737=CARTESIAN_POINT('Ctrl Pts',(-0.00900792453612773,0.00394303538628389,
0.00160253787905885));
#3738=CARTESIAN_POINT('Ctrl Pts',(-0.00900504584206349,0.00410523572193118,
0.00160255469842058));
#3739=CARTESIAN_POINT('Origin',(0.,0.0122,0.));
#3740=CARTESIAN_POINT('',(-0.00886124826005754,0.0122052357219312,-0.00160340826959504));
#3741=CARTESIAN_POINT('Origin',(-0.00856608704316968,0.0122,-0.00155));
#3742=CARTESIAN_POINT('Origin',(0.,0.0122052357219312,0.));
#3743=CARTESIAN_POINT('Origin',(0.,0.0035,0.));
#3744=CARTESIAN_POINT('',(-0.0091041782879201,0.00350523572193119,-0.000982172856288401));
#3745=CARTESIAN_POINT('',(-0.00880595438791524,0.0038,-0.00095));
#3746=CARTESIAN_POINT('Origin',(-0.00880595438791524,0.0035,-0.00095));
#3747=CARTESIAN_POINT('Origin',(0.,0.0038,0.));
#3748=CARTESIAN_POINT('Origin',(0.,0.00350523572193118,0.));
#3749=CARTESIAN_POINT('Origin',(-0.00856608704316968,0.0122,-0.00155));
#3750=CARTESIAN_POINT('',(-0.00856608704316968,0.0122,-0.00125));
#3751=CARTESIAN_POINT('Origin',(-0.00856608704316968,0.0122,-0.00155));
#3752=CARTESIAN_POINT('Origin',(-0.00856608704316968,0.0122,-0.00155));
#3753=CARTESIAN_POINT('Ctrl Pts',(-0.00900504584206351,0.00410523572193118,
-0.00160255469842058));
#3754=CARTESIAN_POINT('Ctrl Pts',(-0.00906776741640758,0.00410634773248605,
-0.00125));
#3755=CARTESIAN_POINT('Ctrl Pts',(-0.00870973144876412,0.0041,-0.00125));
#3756=CARTESIAN_POINT('Ctrl Pts',(-0.00900575290939361,0.00406539613644213,
-0.00160255054716211));
#3757=CARTESIAN_POINT('Ctrl Pts',(-0.00906796545281576,0.00409066414843176,
-0.00125042109316869));
#3758=CARTESIAN_POINT('Ctrl Pts',(-0.00871043778230255,0.0040800801654211,
-0.00125));
#3759=CARTESIAN_POINT('Ctrl Pts',(-0.00900717327251705,0.0040262471800373,
-0.00159848438808109));
#3760=CARTESIAN_POINT('Ctrl Pts',(-0.00906819511711944,0.00407514014949653,
-0.00124972556749534));
#3761=CARTESIAN_POINT('Ctrl Pts',(-0.00871183362844004,0.0040605057291771,
-0.00124803554595114));
#3762=CARTESIAN_POINT('Ctrl Pts',(-0.00901030103680229,0.00396852333448826,
-0.00158656327659611));
#3763=CARTESIAN_POINT('Ctrl Pts',(-0.00906864921595768,0.00405145428153121,
-0.00124684196499776));
#3764=CARTESIAN_POINT('Ctrl Pts',(-0.00871489137389492,0.00403164380621651,
-0.00124227329127206));
#3765=CARTESIAN_POINT('Ctrl Pts',(-0.00901151064594059,0.00394944926300757,
-0.00158161192404365));
#3766=CARTESIAN_POINT('Ctrl Pts',(-0.00906881905826557,0.00404351908416761,
-0.00124557359684966));
#3767=CARTESIAN_POINT('Ctrl Pts',(-0.0087160720769275,0.00402210677102537,
-0.00123987972476157));
#3768=CARTESIAN_POINT('Ctrl Pts',(-0.00901357337120221,0.00392109399210822,
-0.00157268704960052));
#3769=CARTESIAN_POINT('Ctrl Pts',(-0.00906911649903039,0.00403146837549663,
-0.00124313906334994));
#3770=CARTESIAN_POINT('Ctrl Pts',(-0.00871808316173148,0.00400792913484493,
-0.00123556498083025));
#3771=CARTESIAN_POINT('Ctrl Pts',(-0.00901430431182783,0.00391166185826742,
-0.00156945320671794));
#3772=CARTESIAN_POINT('Ctrl Pts',(-0.00906922290298598,0.00402742330479926,
-0.00124223772147254));
#3773=CARTESIAN_POINT('Ctrl Pts',(-0.00871879545790748,0.00400321306777614,
-0.00123400152998596));
#3774=CARTESIAN_POINT('Ctrl Pts',(-0.00901583970166086,0.00389299923751163,
-0.00156251767143792));
#3775=CARTESIAN_POINT('Ctrl Pts',(-0.00906945131852876,0.00401933094012163,
-0.00124025624851826));
#3776=CARTESIAN_POINT('Ctrl Pts',(-0.00872029103589036,0.0039938817581822,
-0.00123064835299209));
#3777=CARTESIAN_POINT('Ctrl Pts',(-0.00901664210863168,0.00388379038575432,
-0.00155882556252114));
#3778=CARTESIAN_POINT('Ctrl Pts',(-0.00906957297186661,0.00401529402019625,
-0.00123917946364109));
#3779=CARTESIAN_POINT('Ctrl Pts',(-0.00872107233192639,0.00398927733160235,
-0.00122886326495646));
#3780=CARTESIAN_POINT('Ctrl Pts',(-0.00902081960670482,0.00383834499333305,
-0.00153926705358493));
#3781=CARTESIAN_POINT('Ctrl Pts',(-0.00907022221685854,0.0039952018162603,
-0.00123336305844403));
#3782=CARTESIAN_POINT('Ctrl Pts',(-0.0087251385150122,0.00396655463693779,
-0.0012194067788782));
#3783=CARTESIAN_POINT('Ctrl Pts',(-0.00902468776638696,0.00380388795313727,
-0.00152013839292308));
#3784=CARTESIAN_POINT('Ctrl Pts',(-0.00907087774813484,0.00397918345577237,
-0.00122729280917664));
#3785=CARTESIAN_POINT('Ctrl Pts',(-0.00872889932747079,0.00394932611679761,
-0.00121015758858556));
#3786=CARTESIAN_POINT('Ctrl Pts',(-0.00903008825996856,0.0037631554926776,
-0.00149192335964637));
#3787=CARTESIAN_POINT('Ctrl Pts',(-0.00907196533125933,0.00395915652579062,
-0.00121745487773364));
#3788=CARTESIAN_POINT('Ctrl Pts',(-0.0087341458135263,0.00392895988507456,
-0.00119651433215926));
#3789=CARTESIAN_POINT('Ctrl Pts',(-0.00903119682142848,0.00375512700402812,
-0.00148606317730412));
#3790=CARTESIAN_POINT('Ctrl Pts',(-0.00907219501923463,0.00395517248036105,
-0.0012153852575615));
#3791=CARTESIAN_POINT('Ctrl Pts',(-0.00873522257688404,0.00392494564157222,
-0.00119368064051189));
#3792=CARTESIAN_POINT('Ctrl Pts',(-0.0090334693160953,0.00373930948898045,
-0.00147390162393801));
#3793=CARTESIAN_POINT('Ctrl Pts',(-0.00907268289051605,0.00394721893657341,
-0.00121101182074492));
#3794=CARTESIAN_POINT('Ctrl Pts',(-0.00873742952565679,0.00391703688300088,
-0.00118779987548948));
#3795=CARTESIAN_POINT('Ctrl Pts',(-0.00903463629891996,0.00373150173827818,
-0.00146758331003979));
#3796=CARTESIAN_POINT('Ctrl Pts',(-0.00907294170235387,0.00394323992558495,
-0.00120870241115471));
#3797=CARTESIAN_POINT('Ctrl Pts',(-0.00873856267411474,0.00391313300750859,
-0.00118474460693811));
#3798=CARTESIAN_POINT('Ctrl Pts',(-0.0090381833736689,0.00370866557802128,
-0.00144814444138399));
#3799=CARTESIAN_POINT('Ctrl Pts',(-0.00907375500443299,0.00393146333382505,
-0.00120148334822895));
#3800=CARTESIAN_POINT('Ctrl Pts',(-0.00874200640338886,0.00390171492937486,
-0.00117534472313419));
#3801=CARTESIAN_POINT('Ctrl Pts',(-0.00904061547068468,0.00369417430712825,
-0.00143451054074277));
#3802=CARTESIAN_POINT('Ctrl Pts',(-0.00907434922479321,0.00392377002418756,
-0.00119625746129023));
#3803=CARTESIAN_POINT('Ctrl Pts',(-0.00874436698996551,0.00389446929208413,
-0.00116875181278415));
#3804=CARTESIAN_POINT('Ctrl Pts',(-0.00904807818211772,0.00365282925679188,
-0.00139164410520632));
#3805=CARTESIAN_POINT('Ctrl Pts',(-0.00907629121442245,0.00390131693922411,
-0.00117933717220255));
#3806=CARTESIAN_POINT('Ctrl Pts',(-0.00875160852401556,0.00387379676845912,
-0.00114802274619703));
#3807=CARTESIAN_POINT('Ctrl Pts',(-0.00905327382009932,0.00362808381881104,
-0.00136046572021308));
#3808=CARTESIAN_POINT('Ctrl Pts',(-0.0090778056132735,0.00388703864523782,
-0.0011663434146685));
#3809=CARTESIAN_POINT('Ctrl Pts',(-0.0087566479219553,0.00386142405166833,
-0.00113294539898449));
#3810=CARTESIAN_POINT('Ctrl Pts',(-0.00905995327189205,0.00360075871571613,
-0.00131814743938796));
#3811=CARTESIAN_POINT('Ctrl Pts',(-0.00908000222508042,0.00387040140817776,
-0.00114762588144153));
#3812=CARTESIAN_POINT('Ctrl Pts',(-0.00876312399331584,0.00384776149608537,
-0.00111248063277252));
#3813=CARTESIAN_POINT('Ctrl Pts',(-0.0090613000996717,0.0035954709784721,
-0.00130950407537372));
#3814=CARTESIAN_POINT('Ctrl Pts',(-0.00908045475581098,0.00386714903086303,
-0.00114377456462024));
#3815=CARTESIAN_POINT('Ctrl Pts',(-0.0087644296889538,0.00384511762746669,
-0.00110830075728536));
#3816=CARTESIAN_POINT('Ctrl Pts',(-0.00906398130100762,0.00358537410458519,
-0.0012920644568045));
#3817=CARTESIAN_POINT('Ctrl Pts',(-0.0090813787984376,0.00386085252438964,
-0.0011359141528372));
#3818=CARTESIAN_POINT('Ctrl Pts',(-0.00876702876327711,0.00384006919213077,
-0.00109986703675519));
#3819=CARTESIAN_POINT('Ctrl Pts',(-0.00906531914944829,0.00358055015131767,
-0.00128324649932838));
#3820=CARTESIAN_POINT('Ctrl Pts',(-0.00908185137195609,0.00385779889894407,
-0.00113189599058365));
#3821=CARTESIAN_POINT('Ctrl Pts',(-0.0087683255134063,0.003837657214167,
-0.00109560269822808));
#3822=CARTESIAN_POINT('Ctrl Pts',(-0.00906932144412124,0.00356674023570618,
-0.00125650276651698));
#3823=CARTESIAN_POINT('Ctrl Pts',(-0.0090832973920497,0.00384894382561861,
-0.00111959689771463));
#3824=CARTESIAN_POINT('Ctrl Pts',(-0.00877220450737605,0.00383075225793998,
-0.00108266945931617));
#3825=CARTESIAN_POINT('Ctrl Pts',(-0.0090719745883739,0.00355841466515799,
-0.00123828779963087));
#3826=CARTESIAN_POINT('Ctrl Pts',(-0.00908430294792125,0.00384341924954761,
-0.00111103925856729));
#3827=CARTESIAN_POINT('Ctrl Pts',(-0.00877477545156965,0.00382658947172722,
-0.00107386066476321));
#3828=CARTESIAN_POINT('Ctrl Pts',(-0.00907723636045592,0.00354350406106885,
-0.00120109356566741));
#3829=CARTESIAN_POINT('Ctrl Pts',(-0.00908638678343241,0.00383320906095323,
-0.00109324039990234));
#3830=CARTESIAN_POINT('Ctrl Pts',(-0.0087798732986732,0.00381913416945501,
-0.00105587335112414));
#3831=CARTESIAN_POINT('Ctrl Pts',(-0.00907984501027121,0.00353691901084203,
-0.0011821143090055));
#3832=CARTESIAN_POINT('Ctrl Pts',(-0.0090874649572645,0.00382851767677637,
-0.00108400037146271));
#3833=CARTESIAN_POINT('Ctrl Pts',(-0.00878240022670444,0.00381584164583845,
-0.00104669483728597));
#3834=CARTESIAN_POINT('Ctrl Pts',(-0.00908371489026329,0.00352836882124064,
-0.00115306123547386));
#3835=CARTESIAN_POINT('Ctrl Pts',(-0.00908913272846981,0.00382215579705184,
-0.0010696162637399));
#3836=CARTESIAN_POINT('Ctrl Pts',(-0.00878614818388709,0.00381156654896321,
-0.00103264447817247));
#3837=CARTESIAN_POINT('Ctrl Pts',(-0.00908499767661953,0.00352574037895453,
-0.0011432793442852));
#3838=CARTESIAN_POINT('Ctrl Pts',(-0.00908969606256663,0.00382015062652363,
-0.00106474297572869));
#3839=CARTESIAN_POINT('Ctrl Pts',(-0.00878739044028591,0.00381025232954643,
-0.00102791384473165));
#3840=CARTESIAN_POINT('Ctrl Pts',(-0.00908754736545272,0.00352093546128659,
-0.00112351647497103));
#3841=CARTESIAN_POINT('Ctrl Pts',(-0.00909083793231759,0.00381637843221681,
-0.00105482769330505));
#3842=CARTESIAN_POINT('Ctrl Pts',(-0.00878985933214309,0.00380784986864295,
-0.00101835627609951));
#3843=CARTESIAN_POINT('Ctrl Pts',(-0.0090888144611371,0.00351875995342168,
-0.00111353294751907));
#3844=CARTESIAN_POINT('Ctrl Pts',(-0.00909141664668684,0.00381461106674361,
-0.00104978410032137));
#3845=CARTESIAN_POINT('Ctrl Pts',(-0.00879108615575067,0.00380676211525393,
-0.00101352810691892));
#3846=CARTESIAN_POINT('Ctrl Pts',(-0.00909504878922138,0.0035091196736225,
-0.00106357597601765));
#3847=CARTESIAN_POINT('Ctrl Pts',(-0.00909430870812705,0.0038064967010652,
-0.00102447030761189));
#3848=CARTESIAN_POINT('Ctrl Pts',(-0.00879712173406199,0.00380194197781096,
-0.000989368186567584));
#3849=CARTESIAN_POINT('Ctrl Pts',(-0.00909976073488895,0.00350523573524853,
-0.00102312103359325));
#3850=CARTESIAN_POINT('Ctrl Pts',(-0.00909667884506019,0.00380209466730911,
-0.00100337837128081));
#3851=CARTESIAN_POINT('Ctrl Pts',(-0.00880168153010363,0.0038,-0.000969803463889481));
#3852=CARTESIAN_POINT('Ctrl Pts',(-0.0091041782879201,0.00350523572193119,
-0.000982172856288401));
#3853=CARTESIAN_POINT('Ctrl Pts',(-0.00909906284008267,0.0038,-0.00098162099385175));
#3854=CARTESIAN_POINT('Ctrl Pts',(-0.00880595438791524,0.0038,-0.00095));
#3855=CARTESIAN_POINT('',(-0.00900504584206351,0.00410523572193118,-0.00160255469842058));
#3856=CARTESIAN_POINT('',(-0.00870973144876412,0.0041,-0.00125));
#3857=CARTESIAN_POINT('Origin',(-0.00870973144876412,0.0041,-0.00155));
#3858=CARTESIAN_POINT('Ctrl Pts',(-0.00880595438791524,0.0038,-0.00095));
#3859=CARTESIAN_POINT('Ctrl Pts',(-0.00880167008277916,0.0038,-0.000969856524006414));
#3860=CARTESIAN_POINT('Ctrl Pts',(-0.00879711082845735,0.00380195070821972,
-0.000989411948333778));
#3861=CARTESIAN_POINT('Ctrl Pts',(-0.00879229333080109,0.00380579808918866,
-0.0010086961299828));
#3862=CARTESIAN_POINT('Ctrl Pts',(-0.00879108569414216,0.00380676253974588,
-0.00101353023398421));
#3863=CARTESIAN_POINT('Ctrl Pts',(-0.00878985889970975,0.00380785036611536,
-0.00101835825588769));
#3864=CARTESIAN_POINT('Ctrl Pts',(-0.00878862497191715,0.00380905110171177,
-0.001023135070827));
#3865=CARTESIAN_POINT('Ctrl Pts',(-0.00878739009003893,0.00381025276572925,
-0.00102791557924859));
#3866=CARTESIAN_POINT('Ctrl Pts',(-0.00878614787043212,0.00381156702899586,
-0.00103264605664059));
#3867=CARTESIAN_POINT('Ctrl Pts',(-0.00878489897842835,0.00381299158547451,
-0.00103732794507821));
#3868=CARTESIAN_POINT('Ctrl Pts',(-0.00878239907971473,0.00381584311058454,
-0.00104669964963485));
#3869=CARTESIAN_POINT('Ctrl Pts',(-0.00877987241285565,0.00381913569291856,
-0.00105587702862801));
#3870=CARTESIAN_POINT('Ctrl Pts',(-0.00877732454305798,0.00382286182900861,
-0.00106486702825258));
#3871=CARTESIAN_POINT('Ctrl Pts',(-0.00877477513498133,0.00382659021475711,
-0.00107386245559854));
#3872=CARTESIAN_POINT('Ctrl Pts',(-0.00877220447063987,0.0038307526897435,
-0.00108267027001908));
#3873=CARTESIAN_POINT('Ctrl Pts',(-0.00876961872108797,0.00383535557515598,
-0.00109129164306151));
#3874=CARTESIAN_POINT('Ctrl Pts',(-0.00876832577146669,0.00383765715109419,
-0.0010956025791311));
#3875=CARTESIAN_POINT('Ctrl Pts',(-0.00876702905991585,0.00384006905579607,
-0.00109986680993514));
#3876=CARTESIAN_POINT('Ctrl Pts',(-0.00876572944788639,0.00384259342485809,
-0.00110408392217803));
#3877=CARTESIAN_POINT('Ctrl Pts',(-0.00876443005956022,0.00384511735939839,
-0.00110830030852591));
#3878=CARTESIAN_POINT('Ctrl Pts',(-0.00876312439897001,0.00384776113314174,
-0.00111248009000721));
#3879=CARTESIAN_POINT('Ctrl Pts',(-0.00876182900480103,0.00385049402369723,
-0.00111657361072288));
#3880=CARTESIAN_POINT('Ctrl Pts',(-0.00875677925868456,0.00386114746324468,
-0.00113253110137062));
#3881=CARTESIAN_POINT('Ctrl Pts',(-0.00875186042695371,0.00387317727736854,
-0.00114727001624743));
#3882=CARTESIAN_POINT('Ctrl Pts',(-0.00874713313175037,0.0038865766909169,
-0.00116083289579857));
#3883=CARTESIAN_POINT('Ctrl Pts',(-0.00874459646913324,0.00389376680492026,
-0.00116811072552109));
#3884=CARTESIAN_POINT('Ctrl Pts',(-0.00874212780718698,0.00390134333031339,
-0.00117503892298862));
#3885=CARTESIAN_POINT('Ctrl Pts',(-0.00873973316736257,0.00390932901081492,
-0.00118161298410716));
#3886=CARTESIAN_POINT('Ctrl Pts',(-0.00873859218045997,0.00391313399090742,
-0.00118474536232817));
#3887=CARTESIAN_POINT('Ctrl Pts',(-0.0087374665637297,0.00391703812910264,
-0.00118780090663646));
#3888=CARTESIAN_POINT('Ctrl Pts',(-0.00873637049533074,0.00392099525351272,
-0.00119074322993559));
#3889=CARTESIAN_POINT('Ctrl Pts',(-0.00873527574524605,0.00392494761842642,
-0.00119368201430706));
#3890=CARTESIAN_POINT('Ctrl Pts',(-0.00873420751978519,0.00392896216825815,
-0.00119651601520609));
#3891=CARTESIAN_POINT('Ctrl Pts',(-0.00873316590356354,0.00393303929584877,
-0.00119924712274005));
#3892=CARTESIAN_POINT('Ctrl Pts',(-0.00872960122066486,0.00394699229187159,
-0.00120859368639604));
#3893=CARTESIAN_POINT('Ctrl Pts',(-0.00872634516452803,0.00396167050252013,
-0.00121674856545235));
#3894=CARTESIAN_POINT('Ctrl Pts',(-0.00872342146997854,0.00397714459003529,
-0.00122369153932602));
#3895=CARTESIAN_POINT('Ctrl Pts',(-0.00872209722157009,0.00398415337136219,
-0.00122683626663814));
#3896=CARTESIAN_POINT('Ctrl Pts',(-0.00872084974169569,0.00399127955972212,
-0.00122971357793132));
#3897=CARTESIAN_POINT('Ctrl Pts',(-0.00871967972030482,0.00399855708834168,
-0.00123232845147299));
#3898=CARTESIAN_POINT('Ctrl Pts',(-0.00871893030036353,0.00400321847753802,
-0.00123400332544658));
#3899=CARTESIAN_POINT('Ctrl Pts',(-0.00871821467116965,0.00400793129015034,
-0.00123556581353588));
#3900=CARTESIAN_POINT('Ctrl Pts',(-0.008717538465728,0.00401266316312826,
-0.0012370057366369));
#3901=CARTESIAN_POINT('Ctrl Pts',(-0.00871640228657727,0.00402061378743594,
-0.00123942513539541));
#3902=CARTESIAN_POINT('Ctrl Pts',(-0.00871537172124919,0.00402865054769323,
-0.00124151180843568));
#3903=CARTESIAN_POINT('Ctrl Pts',(-0.00871444736555746,0.00403681313910153,
-0.0012432702948031));
#3904=CARTESIAN_POINT('Ctrl Pts',(-0.00871211397881768,0.00405741828355493,
-0.00124770930979325));
#3905=CARTESIAN_POINT('Ctrl Pts',(-0.00871049026689072,0.00407860000872838,
-0.00125));
#3906=CARTESIAN_POINT('Ctrl Pts',(-0.00870973144876412,0.0041,-0.00125));
#3907=CARTESIAN_POINT('Ctrl Pts',(-0.00900504584206349,0.00410523572193118,
-0.00160255469842058));
#3908=CARTESIAN_POINT('Ctrl Pts',(-0.00900792437509851,0.00394304445949336,
-0.00160253787999969));
#3909=CARTESIAN_POINT('Ctrl Pts',(-0.00902376387932734,0.00378619155486725,
-0.00153175572464382));
#3910=CARTESIAN_POINT('Ctrl Pts',(-0.00904373092310625,0.00367693555584556,
-0.00141660796479493));
#3911=CARTESIAN_POINT('Ctrl Pts',(-0.00906369796688515,0.00356767955682388,
-0.00130146020494604));
#3912=CARTESIAN_POINT('Ctrl Pts',(-0.00908679979167284,0.00350523572193119,
-0.00114326153553439));
#3913=CARTESIAN_POINT('Ctrl Pts',(-0.00910417828792008,0.00350523572193119,
-0.000982172856288402));
#3914=CARTESIAN_POINT('Ctrl Pts',(-0.00886124826005754,0.0122052357219312,
-0.00160340826959504));
#3915=CARTESIAN_POINT('Ctrl Pts',(-0.00892517599120918,0.012206369705005,
-0.00125));
#3916=CARTESIAN_POINT('Ctrl Pts',(-0.00856608704316968,0.0122,-0.00125));
#3917=CARTESIAN_POINT('Ctrl Pts',(-0.00890919456860432,0.00950523594396844,
-0.00160311912477922));
#3918=CARTESIAN_POINT('Ctrl Pts',(-0.00897268472282668,0.00950794449587814,
-0.00125000000000029));
#3919=CARTESIAN_POINT('Ctrl Pts',(-0.0086139810320872,0.00950000022203501,
-0.00125));
#3920=CARTESIAN_POINT('Ctrl Pts',(-0.00895712686229675,0.0068052359403065,
-0.00160283467490671));
#3921=CARTESIAN_POINT('Ctrl Pts',(-0.00902021605918969,0.00680788348564106,
-0.00125));
#3922=CARTESIAN_POINT('Ctrl Pts',(-0.00866186229413752,0.00680000021837325,
-0.00125));
#3923=CARTESIAN_POINT('Ctrl Pts',(-0.00900504584206351,0.00410523572193119,
-0.00160255469842058));
#3924=CARTESIAN_POINT('Ctrl Pts',(-0.00906776741640758,0.00410634773248605,
-0.00125));
#3925=CARTESIAN_POINT('Ctrl Pts',(-0.00870973144876412,0.0041,-0.00125));
#3926=CARTESIAN_POINT('',(-0.00870973144876412,0.0041,-0.00125));
#3927=CARTESIAN_POINT('Ctrl Pts',(-0.00886124826005754,0.0122052357219312,
-0.00160340826959504));
#3928=CARTESIAN_POINT('Ctrl Pts',(-0.00886479927889016,0.0120052672498996,
-0.00160338685483519));
#3929=CARTESIAN_POINT('Ctrl Pts',(-0.00888255398858025,0.0110054248828982,
-0.00160327990983299));
#3930=CARTESIAN_POINT('Ctrl Pts',(-0.00890030678328321,0.0100055824818246,
-0.00160317360648917));
#3931=CARTESIAN_POINT('Ctrl Pts',(-0.00894469255043443,0.00750555102960566,
-0.001602909068094));
#3932=CARTESIAN_POINT('Ctrl Pts',(-0.0089748718361838,0.00580539342270849,
-0.00160273099625166));
#3933=CARTESIAN_POINT('Ctrl Pts',(-0.00900504584206351,0.00410523572193118,
-0.00160255469842058));
#3934=CARTESIAN_POINT('Ctrl Pts',(0.00900504584206351,0.00410523572193118,
0.00160255469842058));
#3935=CARTESIAN_POINT('Ctrl Pts',(0.00906776741640758,0.00410634773248605,
0.00125));
#3936=CARTESIAN_POINT('Ctrl Pts',(0.00870973144876412,0.0041,0.00125));
#3937=CARTESIAN_POINT('Ctrl Pts',(0.00900575290939361,0.00406539613644213,
0.0016025505471621));
#3938=CARTESIAN_POINT('Ctrl Pts',(0.00906796545281576,0.00409066414843175,
0.00125042109316868));
#3939=CARTESIAN_POINT('Ctrl Pts',(0.00871043778230255,0.0040800801654211,
0.00125));
#3940=CARTESIAN_POINT('Ctrl Pts',(0.00900717327251705,0.0040262471800373,
0.00159848438808109));
#3941=CARTESIAN_POINT('Ctrl Pts',(0.00906819511711944,0.00407514014949655,
0.00124972556749534));
#3942=CARTESIAN_POINT('Ctrl Pts',(0.00871183362844004,0.0040605057291771,
0.00124803554595114));
#3943=CARTESIAN_POINT('Ctrl Pts',(0.00901030103680229,0.00396852333448826,
0.00158656327659611));
#3944=CARTESIAN_POINT('Ctrl Pts',(0.00906864921595768,0.0040514542815312,
0.00124684196499776));
#3945=CARTESIAN_POINT('Ctrl Pts',(0.00871489137389492,0.00403164380621651,
0.00124227329127206));
#3946=CARTESIAN_POINT('Ctrl Pts',(0.00901151064594059,0.00394944926300758,
0.00158161192404365));
#3947=CARTESIAN_POINT('Ctrl Pts',(0.00906881905826555,0.0040435190841676,
0.00124557359684965));
#3948=CARTESIAN_POINT('Ctrl Pts',(0.0087160720769275,0.00402210677102536,
0.00123987972476157));
#3949=CARTESIAN_POINT('Ctrl Pts',(0.00901357337120221,0.00392109399210822,
0.00157268704960052));
#3950=CARTESIAN_POINT('Ctrl Pts',(0.00906911649903039,0.00403146837549664,
0.00124313906334995));
#3951=CARTESIAN_POINT('Ctrl Pts',(0.00871808316173148,0.00400792913484493,
0.00123556498083025));
#3952=CARTESIAN_POINT('Ctrl Pts',(0.00901430431182783,0.00391166185826742,
0.00156945320671794));
#3953=CARTESIAN_POINT('Ctrl Pts',(0.00906922290298599,0.00402742330479926,
0.00124223772147254));
#3954=CARTESIAN_POINT('Ctrl Pts',(0.00871879545790748,0.00400321306777615,
0.00123400152998596));
#3955=CARTESIAN_POINT('Ctrl Pts',(0.00901583970166086,0.00389299923751163,
0.00156251767143792));
#3956=CARTESIAN_POINT('Ctrl Pts',(0.00906945131852875,0.00401933094012163,
0.00124025624851826));
#3957=CARTESIAN_POINT('Ctrl Pts',(0.00872029103589036,0.0039938817581822,
0.00123064835299209));
#3958=CARTESIAN_POINT('Ctrl Pts',(0.00901664210863168,0.00388379038575432,
0.00155882556252114));
#3959=CARTESIAN_POINT('Ctrl Pts',(0.00906957297186661,0.00401529402019624,
0.00123917946364109));
#3960=CARTESIAN_POINT('Ctrl Pts',(0.00872107233192639,0.00398927733160235,
0.00122886326495646));
#3961=CARTESIAN_POINT('Ctrl Pts',(0.00902081960670482,0.00383834499333305,
0.00153926705358494));
#3962=CARTESIAN_POINT('Ctrl Pts',(0.00907022221685854,0.00399520181626032,
0.00123336305844403));
#3963=CARTESIAN_POINT('Ctrl Pts',(0.0087251385150122,0.0039665546369378,
0.00121940677887821));
#3964=CARTESIAN_POINT('Ctrl Pts',(0.00902468776638696,0.00380388795313727,
0.00152013839292308));
#3965=CARTESIAN_POINT('Ctrl Pts',(0.00907087774813488,0.00397918345577239,
0.00122729280917665));
#3966=CARTESIAN_POINT('Ctrl Pts',(0.00872889932747079,0.00394932611679762,
0.00121015758858557));
#3967=CARTESIAN_POINT('Ctrl Pts',(0.00903008825996856,0.00376315549267761,
0.00149192335964637));
#3968=CARTESIAN_POINT('Ctrl Pts',(0.00907196533125932,0.00395915652579062,
0.00121745487773363));
#3969=CARTESIAN_POINT('Ctrl Pts',(0.0087341458135263,0.00392895988507456,
0.00119651433215926));
#3970=CARTESIAN_POINT('Ctrl Pts',(0.00903119682142848,0.00375512700402811,
0.00148606317730412));
#3971=CARTESIAN_POINT('Ctrl Pts',(0.00907219501923463,0.00395517248036105,
0.0012153852575615));
#3972=CARTESIAN_POINT('Ctrl Pts',(0.00873522257688404,0.00392494564157222,
0.00119368064051189));
#3973=CARTESIAN_POINT('Ctrl Pts',(0.0090334693160953,0.00373930948898045,
0.00147390162393801));
#3974=CARTESIAN_POINT('Ctrl Pts',(0.00907268289051605,0.00394721893657341,
0.00121101182074492));
#3975=CARTESIAN_POINT('Ctrl Pts',(0.00873742952565679,0.00391703688300088,
0.00118779987548948));
#3976=CARTESIAN_POINT('Ctrl Pts',(0.00903463629891996,0.00373150173827818,
0.00146758331003979));
#3977=CARTESIAN_POINT('Ctrl Pts',(0.00907294170235386,0.00394323992558494,
0.0012087024111547));
#3978=CARTESIAN_POINT('Ctrl Pts',(0.00873856267411473,0.00391313300750859,
0.0011847446069381));
#3979=CARTESIAN_POINT('Ctrl Pts',(0.0090381833736689,0.00370866557802128,
0.00144814444138399));
#3980=CARTESIAN_POINT('Ctrl Pts',(0.00907375500443301,0.00393146333382507,
0.00120148334822896));
#3981=CARTESIAN_POINT('Ctrl Pts',(0.00874200640338887,0.00390171492937486,
0.0011753447231342));
#3982=CARTESIAN_POINT('Ctrl Pts',(0.00904061547068468,0.00369417430712824,
0.00143451054074277));
#3983=CARTESIAN_POINT('Ctrl Pts',(0.00907434922479323,0.00392377002418755,
0.00119625746129024));
#3984=CARTESIAN_POINT('Ctrl Pts',(0.00874436698996553,0.00389446929208413,
0.00116875181278415));
#3985=CARTESIAN_POINT('Ctrl Pts',(0.00904807818211772,0.00365282925679189,
0.00139164410520632));
#3986=CARTESIAN_POINT('Ctrl Pts',(0.00907629121442242,0.00390131693922413,
0.00117933717220254));
#3987=CARTESIAN_POINT('Ctrl Pts',(0.00875160852401552,0.00387379676845913,
0.00114802274619703));
#3988=CARTESIAN_POINT('Ctrl Pts',(0.00905327382009932,0.00362808381881103,
0.00136046572021307));
#3989=CARTESIAN_POINT('Ctrl Pts',(0.0090778056132735,0.0038870386452378,
0.00116634341466849));
#3990=CARTESIAN_POINT('Ctrl Pts',(0.0087566479219553,0.00386142405166833,
0.00113294539898448));
#3991=CARTESIAN_POINT('Ctrl Pts',(0.00905995327189204,0.00360075871571613,
0.00131814743938796));
#3992=CARTESIAN_POINT('Ctrl Pts',(0.00908000222508042,0.00387040140817776,
0.00114762588144153));
#3993=CARTESIAN_POINT('Ctrl Pts',(0.00876312399331584,0.00384776149608537,
0.00111248063277252));
#3994=CARTESIAN_POINT('Ctrl Pts',(0.0090613000996717,0.0035954709784721,
0.00130950407537372));
#3995=CARTESIAN_POINT('Ctrl Pts',(0.00908045475581098,0.00386714903086303,
0.00114377456462024));
#3996=CARTESIAN_POINT('Ctrl Pts',(0.0087644296889538,0.00384511762746668,
0.00110830075728536));
#3997=CARTESIAN_POINT('Ctrl Pts',(0.00906398130100762,0.00358537410458519,
0.0012920644568045));
#3998=CARTESIAN_POINT('Ctrl Pts',(0.0090813787984376,0.00386085252438963,
0.0011359141528372));
#3999=CARTESIAN_POINT('Ctrl Pts',(0.00876702876327711,0.00384006919213077,
0.00109986703675519));
#4000=CARTESIAN_POINT('Ctrl Pts',(0.00906531914944829,0.00358055015131767,
0.00128324649932839));
#4001=CARTESIAN_POINT('Ctrl Pts',(0.00908185137195609,0.00385779889894407,
0.00113189599058365));
#4002=CARTESIAN_POINT('Ctrl Pts',(0.00876832551340629,0.003837657214167,
0.00109560269822808));
#4003=CARTESIAN_POINT('Ctrl Pts',(0.00906932144412124,0.00356674023570618,
0.00125650276651698));
#4004=CARTESIAN_POINT('Ctrl Pts',(0.0090832973920497,0.0038489438256186,
0.00111959689771464));
#4005=CARTESIAN_POINT('Ctrl Pts',(0.00877220450737604,0.00383075225793998,
0.00108266945931617));
#4006=CARTESIAN_POINT('Ctrl Pts',(0.0090719745883739,0.00355841466515799,
0.00123828779963087));
#4007=CARTESIAN_POINT('Ctrl Pts',(0.00908430294792126,0.00384341924954761,
0.00111103925856729));
#4008=CARTESIAN_POINT('Ctrl Pts',(0.00877477545156965,0.00382658947172722,
0.00107386066476321));
#4009=CARTESIAN_POINT('Ctrl Pts',(0.00907723636045592,0.00354350406106885,
0.00120109356566741));
#4010=CARTESIAN_POINT('Ctrl Pts',(0.00908638678343239,0.00383320906095323,
0.00109324039990234));
#4011=CARTESIAN_POINT('Ctrl Pts',(0.0087798732986732,0.00381913416945501,
0.00105587335112414));
#4012=CARTESIAN_POINT('Ctrl Pts',(0.00907984501027121,0.00353691901084203,
0.0011821143090055));
#4013=CARTESIAN_POINT('Ctrl Pts',(0.00908746495726448,0.00382851767677637,
0.00108400037146271));
#4014=CARTESIAN_POINT('Ctrl Pts',(0.00878240022670444,0.00381584164583845,
0.00104669483728597));
#4015=CARTESIAN_POINT('Ctrl Pts',(0.00908371489026329,0.00352836882124064,
0.00115306123547386));
#4016=CARTESIAN_POINT('Ctrl Pts',(0.00908913272846982,0.00382215579705184,
0.0010696162637399));
#4017=CARTESIAN_POINT('Ctrl Pts',(0.00878614818388709,0.00381156654896321,
0.00103264447817247));
#4018=CARTESIAN_POINT('Ctrl Pts',(0.00908499767661953,0.00352574037895453,
0.00114327934428521));
#4019=CARTESIAN_POINT('Ctrl Pts',(0.00908969606256663,0.00382015062652362,
0.00106474297572869));
#4020=CARTESIAN_POINT('Ctrl Pts',(0.00878739044028591,0.00381025232954643,
0.00102791384473165));
#4021=CARTESIAN_POINT('Ctrl Pts',(0.00908754736545272,0.00352093546128659,
0.00112351647497102));
#4022=CARTESIAN_POINT('Ctrl Pts',(0.00909083793231759,0.00381637843221681,
0.00105482769330505));
#4023=CARTESIAN_POINT('Ctrl Pts',(0.00878985933214309,0.00380784986864294,
0.00101835627609951));
#4024=CARTESIAN_POINT('Ctrl Pts',(0.0090888144611371,0.00351875995342168,
0.00111353294751907));
#4025=CARTESIAN_POINT('Ctrl Pts',(0.00909141664668684,0.00381461106674361,
0.00104978410032137));
#4026=CARTESIAN_POINT('Ctrl Pts',(0.00879108615575067,0.00380676211525392,
0.00101352810691892));
#4027=CARTESIAN_POINT('Ctrl Pts',(0.00909504878922138,0.0035091196736225,
0.00106357597601764));
#4028=CARTESIAN_POINT('Ctrl Pts',(0.00909430870812705,0.00380649670106521,
0.00102447030761188));
#4029=CARTESIAN_POINT('Ctrl Pts',(0.00879712173406199,0.00380194197781095,
0.000989368186567581));
#4030=CARTESIAN_POINT('Ctrl Pts',(0.00909976073488895,0.00350523573524853,
0.00102312103359325));
#4031=CARTESIAN_POINT('Ctrl Pts',(0.00909667884506022,0.00380209466730911,
0.00100337837128082));
#4032=CARTESIAN_POINT('Ctrl Pts',(0.00880168153010366,0.0038,0.00096980346388949));
#4033=CARTESIAN_POINT('Ctrl Pts',(0.0091041782879201,0.00350523572193118,
0.000982172856288401));
#4034=CARTESIAN_POINT('Ctrl Pts',(0.00909906284008267,0.0038,0.00098162099385175));
#4035=CARTESIAN_POINT('Ctrl Pts',(0.00880595438791524,0.0038,0.00095));
#4036=CARTESIAN_POINT('',(0.00880595438791524,0.0038,0.00095));
#4037=CARTESIAN_POINT('',(0.0091041782879201,0.00350523572193118,0.000982172856288401));
#4038=CARTESIAN_POINT('Origin',(0.00880595438791524,0.0035,0.00095));
#4039=CARTESIAN_POINT('',(0.00900504584206351,0.00410523572193118,0.00160255469842058));
#4040=CARTESIAN_POINT('Ctrl Pts',(0.00900504584206349,0.00410523572193118,
0.00160255469842058));
#4041=CARTESIAN_POINT('Ctrl Pts',(0.00900792437509851,0.00394304445949336,
0.00160253787999969));
#4042=CARTESIAN_POINT('Ctrl Pts',(0.00902376387932734,0.00378619155486725,
0.00153175572464382));
#4043=CARTESIAN_POINT('Ctrl Pts',(0.00904373092310625,0.00367693555584556,
0.00141660796479493));
#4044=CARTESIAN_POINT('Ctrl Pts',(0.00906369796688515,0.00356767955682388,
0.00130146020494604));
#4045=CARTESIAN_POINT('Ctrl Pts',(0.00908679979167284,0.00350523572193119,
0.00114326153553439));
#4046=CARTESIAN_POINT('Ctrl Pts',(0.00910417828792008,0.00350523572193118,
0.0009821728562884));
#4047=CARTESIAN_POINT('Origin',(0.00870973144876412,0.0041,0.00155));
#4048=CARTESIAN_POINT('Ctrl Pts',(0.00880595438791524,0.0038,0.00095));
#4049=CARTESIAN_POINT('Ctrl Pts',(0.00880167008277916,0.0038,0.000969856524006419));
#4050=CARTESIAN_POINT('Ctrl Pts',(0.00879711082845731,0.00380195070821971,
0.000989411948333769));
#4051=CARTESIAN_POINT('Ctrl Pts',(0.00879229333080106,0.00380579808918865,
0.00100869612998279));
#4052=CARTESIAN_POINT('Ctrl Pts',(0.00879108569414212,0.00380676253974587,
0.0010135302339842));
#4053=CARTESIAN_POINT('Ctrl Pts',(0.00878985889970971,0.00380785036611534,
0.00101835825588768));
#4054=CARTESIAN_POINT('Ctrl Pts',(0.00878862497191712,0.00380905110171176,
0.001023135070827));
#4055=CARTESIAN_POINT('Ctrl Pts',(0.00878739009003891,0.00381025276572925,
0.00102791557924859));
#4056=CARTESIAN_POINT('Ctrl Pts',(0.0087861478704321,0.00381156702899586,
0.00103264605664059));
#4057=CARTESIAN_POINT('Ctrl Pts',(0.00878489897842833,0.00381299158547451,
0.0010373279450782));
#4058=CARTESIAN_POINT('Ctrl Pts',(0.00878239907971472,0.00381584311058454,
0.00104669964963485));
#4059=CARTESIAN_POINT('Ctrl Pts',(0.00877987241285565,0.00381913569291856,
0.00105587702862801));
#4060=CARTESIAN_POINT('Ctrl Pts',(0.00877732454305799,0.00382286182900861,
0.00106486702825258));
#4061=CARTESIAN_POINT('Ctrl Pts',(0.00877477513498135,0.00382659021475711,
0.00107386245559854));
#4062=CARTESIAN_POINT('Ctrl Pts',(0.00877220447063988,0.0038307526897435,
0.00108267027001908));
#4063=CARTESIAN_POINT('Ctrl Pts',(0.008769618721088,0.00383535557515598,
0.00109129164306151));
#4064=CARTESIAN_POINT('Ctrl Pts',(0.00876832577146671,0.0038376571510942,
0.00109560257913111));
#4065=CARTESIAN_POINT('Ctrl Pts',(0.00876702905991589,0.00384006905579608,
0.00109986680993515));
#4066=CARTESIAN_POINT('Ctrl Pts',(0.00876572944788644,0.00384259342485809,
0.00110408392217803));
#4067=CARTESIAN_POINT('Ctrl Pts',(0.00876443005956028,0.00384511735939838,
0.00110830030852591));
#4068=CARTESIAN_POINT('Ctrl Pts',(0.00876312439897007,0.00384776113314174,
0.00111248009000722));
#4069=CARTESIAN_POINT('Ctrl Pts',(0.00876182900480109,0.00385049402369724,
0.00111657361072289));
#4070=CARTESIAN_POINT('Ctrl Pts',(0.00875677925868462,0.00386114746324468,
0.00113253110137061));
#4071=CARTESIAN_POINT('Ctrl Pts',(0.00875186042695373,0.00387317727736855,
0.00114727001624743));
#4072=CARTESIAN_POINT('Ctrl Pts',(0.0087471331317504,0.00388657669091691,
0.00116083289579857));
#4073=CARTESIAN_POINT('Ctrl Pts',(0.00874459646913328,0.00389376680492027,
0.0011681107255211));
#4074=CARTESIAN_POINT('Ctrl Pts',(0.00874212780718701,0.00390134333031339,
0.00117503892298863));
#4075=CARTESIAN_POINT('Ctrl Pts',(0.00873973316736258,0.00390932901081492,
0.00118161298410716));
#4076=CARTESIAN_POINT('Ctrl Pts',(0.00873859218045997,0.00391313399090742,
0.00118474536232816));
#4077=CARTESIAN_POINT('Ctrl Pts',(0.00873746656372971,0.00391703812910264,
0.00118780090663646));
#4078=CARTESIAN_POINT('Ctrl Pts',(0.00873637049533075,0.00392099525351272,
0.00119074322993559));
#4079=CARTESIAN_POINT('Ctrl Pts',(0.00873527574524605,0.00392494761842642,
0.00119368201430706));
#4080=CARTESIAN_POINT('Ctrl Pts',(0.00873420751978519,0.00392896216825815,
0.00119651601520609));
#4081=CARTESIAN_POINT('Ctrl Pts',(0.00873316590356354,0.00393303929584877,
0.00119924712274006));
#4082=CARTESIAN_POINT('Ctrl Pts',(0.00872960122066485,0.0039469922918716,
0.00120859368639604));
#4083=CARTESIAN_POINT('Ctrl Pts',(0.00872634516452802,0.00396167050252013,
0.00121674856545235));
#4084=CARTESIAN_POINT('Ctrl Pts',(0.00872342146997852,0.00397714459003528,
0.00122369153932602));
#4085=CARTESIAN_POINT('Ctrl Pts',(0.00872209722157008,0.00398415337136218,
0.00122683626663814));
#4086=CARTESIAN_POINT('Ctrl Pts',(0.00872084974169568,0.00399127955972211,
0.00122971357793131));
#4087=CARTESIAN_POINT('Ctrl Pts',(0.00871967972030482,0.00399855708834168,
0.00123232845147299));
#4088=CARTESIAN_POINT('Ctrl Pts',(0.00871893030036352,0.00400321847753803,
0.00123400332544658));
#4089=CARTESIAN_POINT('Ctrl Pts',(0.00871821467116964,0.00400793129015033,
0.00123556581353587));
#4090=CARTESIAN_POINT('Ctrl Pts',(0.00871753846572799,0.00401266316312826,
0.0012370057366369));
#4091=CARTESIAN_POINT('Ctrl Pts',(0.00871640228657727,0.00402061378743594,
0.00123942513539541));
#4092=CARTESIAN_POINT('Ctrl Pts',(0.00871537172124918,0.00402865054769323,
0.00124151180843568));
#4093=CARTESIAN_POINT('Ctrl Pts',(0.00871444736555746,0.00403681313910153,
0.0012432702948031));
#4094=CARTESIAN_POINT('Ctrl Pts',(0.00871211397881767,0.00405741828355493,
0.00124770930979325));
#4095=CARTESIAN_POINT('Ctrl Pts',(0.00871049026689072,0.00407860000872839,
0.00125));
#4096=CARTESIAN_POINT('Ctrl Pts',(0.00870973144876412,0.0041,0.00125));
#4097=CARTESIAN_POINT('Origin',(0.00856608704316968,0.0122,0.00155));
#4098=CARTESIAN_POINT('',(0.00886124826005754,0.0122052357219312,0.00160340826959504));
#4099=CARTESIAN_POINT('Origin',(0.00856608704316968,0.0122,0.00155));
#4100=CARTESIAN_POINT('Origin',(0.00856608704316968,0.0122,0.00155));
#4101=CARTESIAN_POINT('Origin',(0.00856608704316968,0.0122,0.00155));
#4102=CARTESIAN_POINT('Origin',(0.,0.0035,0.));
#4103=CARTESIAN_POINT('',(0.00880595438791524,0.0038,-0.000950000000000002));
#4104=CARTESIAN_POINT('',(0.0091041782879201,0.00350523572193119,-0.000982172856288403));
#4105=CARTESIAN_POINT('Origin',(0.00880595438791524,0.0035,-0.000950000000000002));
#4106=CARTESIAN_POINT('Origin',(0.,0.00350523572193118,0.));
#4107=CARTESIAN_POINT('Origin',(0.,0.0038,0.));
#4108=CARTESIAN_POINT('Origin',(0.,0.0122,0.));
#4109=CARTESIAN_POINT('Origin',(-0.00856608704316968,0.0122,0.00155));
#4110=CARTESIAN_POINT('',(-1.1028122158837E-18,0.0122052357219312,0.00900514512961221));
#4111=CARTESIAN_POINT('Origin',(0.,0.0122052357219312,0.));
#4112=CARTESIAN_POINT('Origin',(0.,0.0122052357219312,0.));
#4113=CARTESIAN_POINT('Ctrl Pts',(0.0091041782879201,0.00350523572193119,
-0.000982172856288403));
#4114=CARTESIAN_POINT('Ctrl Pts',(0.00909906284008267,0.0038,-0.000981620993851751));
#4115=CARTESIAN_POINT('Ctrl Pts',(0.00880595438791524,0.0038,-0.000950000000000002));
#4116=CARTESIAN_POINT('Ctrl Pts',(0.00909975996979237,0.0035052357413423,
-0.00102312812460748));
#4117=CARTESIAN_POINT('Ctrl Pts',(0.0090966783944863,0.00380209506680279,
-0.00100338248259178));
#4118=CARTESIAN_POINT('Ctrl Pts',(0.00880168078802326,0.0038,-0.000969806900779747));
#4119=CARTESIAN_POINT('Ctrl Pts',(0.00909507140170946,0.00350912050220397,
-0.00106336664009807));
#4120=CARTESIAN_POINT('Ctrl Pts',(0.00909432128728613,0.00380648503066827,
-0.00102435661318015));
#4121=CARTESIAN_POINT('Ctrl Pts',(0.00879714360523479,0.00380194239061591,
-0.000989266947229926));
#4122=CARTESIAN_POINT('Ctrl Pts',(0.00908767337384329,0.00352050696612822,
-0.00112269045545351));
#4123=CARTESIAN_POINT('Ctrl Pts',(0.00909088276193435,0.00381609739745813,
-0.00105445888072561));
#4124=CARTESIAN_POINT('Ctrl Pts',(0.00878998145619561,0.00380763562185876,
-0.00101795681208101));
#4125=CARTESIAN_POINT('Ctrl Pts',(0.00908514640299487,0.00352523597101998,
-0.00114229211844373));
#4126=CARTESIAN_POINT('Ctrl Pts',(0.00908974850873082,0.00381982776958749,
-0.00106430316606796));
#4127=CARTESIAN_POINT('Ctrl Pts',(0.0087875345794991,0.00381000012604834,
-0.0010274364220918));
#4128=CARTESIAN_POINT('Ctrl Pts',(0.00908126941358306,0.00353375808327197,
-0.00117143079412331));
#4129=CARTESIAN_POINT('Ctrl Pts',(0.00908807934643166,0.0038261643379578,
-0.00107870241393758));
#4130=CARTESIAN_POINT('Ctrl Pts',(0.00878377976100649,0.00381426117991842,
-0.00104152818302564));
#4131=CARTESIAN_POINT('Ctrl Pts',(0.00907996136534585,0.00353684059355158,
-0.001181109090261));
#4132=CARTESIAN_POINT('Ctrl Pts',(0.00908752673481229,0.00382840754671282,
-0.00108345459805744));
#4133=CARTESIAN_POINT('Ctrl Pts',(0.00878251281412093,0.0038158024347298,
-0.00104620869396406));
#4134=CARTESIAN_POINT('Ctrl Pts',(0.00907732276005933,0.00354347903443649,
-0.00120033603845548));
#4135=CARTESIAN_POINT('Ctrl Pts',(0.00908643524058856,0.00383313293934593,
-0.00109281797212047));
#4136=CARTESIAN_POINT('Ctrl Pts',(0.00877995688404568,0.00381912165733305,
-0.00105550699275614));
#4137=CARTESIAN_POINT('Ctrl Pts',(0.00907600048357706,0.00354701373145728,
-0.00120982469209307));
#4138=CARTESIAN_POINT('Ctrl Pts',(0.00908589975946415,0.00383560083764699,
-0.0010973999722193));
#4139=CARTESIAN_POINT('Ctrl Pts',(0.00877867591995804,0.00382088900402411,
-0.00106009576640305));
#4140=CARTESIAN_POINT('Ctrl Pts',(0.00906937860636804,0.00356574206692487,
-0.00125665752989399));
#4141=CARTESIAN_POINT('Ctrl Pts',(0.00908326496797373,0.00384848362164506,
-0.00111990618729627));
#4142=CARTESIAN_POINT('Ctrl Pts',(0.00877226036131896,0.0038302531754526,
-0.00108274435701395));
#4143=CARTESIAN_POINT('Ctrl Pts',(0.00906404633917915,0.00358406998889817,
-0.00129218771632771));
#4144=CARTESIAN_POINT('Ctrl Pts',(0.00908133631428846,0.00386034075620137,
-0.00113625914925396));
#4145=CARTESIAN_POINT('Ctrl Pts',(0.00876709240156998,0.00383941713522494,
-0.00109992672065474));
#4146=CARTESIAN_POINT('Ctrl Pts',(0.00905741780866913,0.00361111799017313,
-0.00133421762232797));
#4147=CARTESIAN_POINT('Ctrl Pts',(0.00907917129154397,0.00387668455701804,
-0.00115470606716793));
#4148=CARTESIAN_POINT('Ctrl Pts',(0.00876066573882425,0.00385294113368561,
-0.00112025204040404));
#4149=CARTESIAN_POINT('Ctrl Pts',(0.0090560940243965,0.00361673637631094,
-0.00134250338873492));
#4150=CARTESIAN_POINT('Ctrl Pts',(0.00907874838288172,0.00388004886391992,
-0.0011583139994234));
#4151=CARTESIAN_POINT('Ctrl Pts',(0.00875938214716277,0.00385575032788292,
-0.00112425895216918));
#4152=CARTESIAN_POINT('Ctrl Pts',(0.00905345269446086,0.00362839733581942,
-0.00135883103648322));
#4153=CARTESIAN_POINT('Ctrl Pts',(0.0090779268345129,0.00388693397272541,
-0.00116533667255852));
#4154=CARTESIAN_POINT('Ctrl Pts',(0.0087568207629266,0.00386158080625107,
-0.00113215480447277));
#4155=CARTESIAN_POINT('Ctrl Pts',(0.00905213282043637,0.00363445105401218,
-0.00136688692555709));
#4156=CARTESIAN_POINT('Ctrl Pts',(0.00907752757677226,0.00389046167877216,
-0.00116875676802387));
#4157=CARTESIAN_POINT('Ctrl Pts',(0.00875554070965663,0.00386460766521072,
-0.00113605051706702));
#4158=CARTESIAN_POINT('Ctrl Pts',(0.00904820216850831,0.0036531881928617,
-0.001390586263984));
#4159=CARTESIAN_POINT('Ctrl Pts',(0.00907636981418687,0.00390124480467208,
-0.0011787016156134));
#4160=CARTESIAN_POINT('Ctrl Pts',(0.00875172825361431,0.0038739762371248,
-0.00114751112204011));
#4161=CARTESIAN_POINT('Ctrl Pts',(0.00904564299804667,0.00366633450465106,
-0.00140562744559393));
#4162=CARTESIAN_POINT('Ctrl Pts',(0.00907566172244252,0.00390860610852054,
-0.00118482248722985));
#4163=CARTESIAN_POINT('Ctrl Pts',(0.00874924550532412,0.00388054939080646,
-0.00115478471720783));
#4164=CARTESIAN_POINT('Ctrl Pts',(0.00903817297308921,0.00370767909498903,
-0.00144854943352884));
#4165=CARTESIAN_POINT('Ctrl Pts',(0.00907370524777118,0.00393119366923955,
-0.00120186707739129));
#4166=CARTESIAN_POINT('Ctrl Pts',(0.00874199689773809,0.00390122168763584,
-0.00117554064742927));
#4167=CARTESIAN_POINT('Ctrl Pts',(0.00903346731047964,0.00373776474666339,
-0.00147424975118668));
#4168=CARTESIAN_POINT('Ctrl Pts',(0.00907264111210624,0.00394678284441583,
-0.00121134428971134));
#4169=CARTESIAN_POINT('Ctrl Pts',(0.00873742844957346,0.0039162645144825,
-0.00118796832379344));
#4170=CARTESIAN_POINT('Ctrl Pts',(0.00902803605335923,0.0037786117004676,
-0.00150264976864023));
#4171=CARTESIAN_POINT('Ctrl Pts',(0.00907155313942962,0.003966730160432,
-0.00122118289007231));
#4172=CARTESIAN_POINT('Ctrl Pts',(0.00873215214277581,0.00393668798873911,
-0.00120170104332995));
#4173=CARTESIAN_POINT('Ctrl Pts',(0.00902697024880892,0.00378696337295365,
-0.00150815337303178));
#4174=CARTESIAN_POINT('Ctrl Pts',(0.00907134633720034,0.0039707714558481,
-0.00122306134906614));
#4175=CARTESIAN_POINT('Ctrl Pts',(0.00873111655553562,0.00394086382497289,
-0.00120436226456431));
#4176=CARTESIAN_POINT('Ctrl Pts',(0.00902489835447917,0.00380391344155317,
-0.0015187207420663));
#4177=CARTESIAN_POINT('Ctrl Pts',(0.00907095713475464,0.00397886676321131,
-0.00122660568422743));
#4178=CARTESIAN_POINT('Ctrl Pts',(0.00872910300489851,0.00394933886034934,
-0.00120947197312178));
#4179=CARTESIAN_POINT('Ctrl Pts',(0.00902389558733094,0.00381248293914124,
-0.00152376793349919));
#4180=CARTESIAN_POINT('Ctrl Pts',(0.00907077540228506,0.00398290674227186,
-0.00122826545008024));
#4181=CARTESIAN_POINT('Ctrl Pts',(0.00872812826893006,0.00395362360827563,
-0.00121191244996194));
#4182=CARTESIAN_POINT('Ctrl Pts',(0.00902098830530297,0.0038384697700847,
-0.00153821337633188));
#4183=CARTESIAN_POINT('Ctrl Pts',(0.00907026381783547,0.00399501942638415,
-0.00123293777717844));
#4184=CARTESIAN_POINT('Ctrl Pts',(0.00872530162017717,0.00396661702473554,
-0.00121889719207685));
#4185=CARTESIAN_POINT('Ctrl Pts',(0.00901918465325925,0.00385616479157493,
-0.00154691713928881));
#4186=CARTESIAN_POINT('Ctrl Pts',(0.00906996917555212,0.00400305179481588,
-0.00123562906933377));
#4187=CARTESIAN_POINT('Ctrl Pts',(0.00872354710809667,0.00397546453480217,
-0.00122310557376017));
#4188=CARTESIAN_POINT('Ctrl Pts',(0.00901585817310973,0.00389228562757695,
-0.00156250028548199));
#4189=CARTESIAN_POINT('Ctrl Pts',(0.00906945013554407,0.00401907675739608,
-0.00124028081536327));
#4190=CARTESIAN_POINT('Ctrl Pts',(0.00872030930392498,0.00399352495284256,
-0.00123063998439947));
#4191=CARTESIAN_POINT('Ctrl Pts',(0.00901433532323824,0.00391071144447389,
-0.00156937965790207));
#4192=CARTESIAN_POINT('Ctrl Pts',(0.0090692262000086,0.00402706364733318,
-0.00124223665178588));
#4193=CARTESIAN_POINT('Ctrl Pts',(0.00871882598680266,0.00400273786164953,
-0.00123396600785946));
#4194=CARTESIAN_POINT('Ctrl Pts',(0.00901227451663448,0.00393890658236323,
-0.00157831173887269));
#4195=CARTESIAN_POINT('Ctrl Pts',(0.00906892928596771,0.00403903491408568,
-0.00124467347115228));
#4196=CARTESIAN_POINT('Ctrl Pts',(0.00871681684776409,0.00401683543002693,
-0.00123828424964822));
#4197=CARTESIAN_POINT('Ctrl Pts',(0.00901162486884994,0.00394839785911126,
-0.00158105752758962));
#4198=CARTESIAN_POINT('Ctrl Pts',(0.00906883677373787,0.00404302794002071,
-0.00124540303213811));
#4199=CARTESIAN_POINT('Ctrl Pts',(0.00871618314791775,0.00402158106883393,
-0.00123961166410355));
#4200=CARTESIAN_POINT('Ctrl Pts',(0.00901040288499824,0.00396756968101294,
-0.00158607759049866));
#4201=CARTESIAN_POINT('Ctrl Pts',(0.00906866264656268,0.00405102170753018,
-0.00124670256108632));
#4202=CARTESIAN_POINT('Ctrl Pts',(0.00871499042158286,0.00403116697929698,
-0.00124203845639051));
#4203=CARTESIAN_POINT('Ctrl Pts',(0.00900982939637764,0.00397727211576285,
-0.0015883561921077));
#4204=CARTESIAN_POINT('Ctrl Pts',(0.00906858089921997,0.00405503057764841,
-0.00124727318288121));
#4205=CARTESIAN_POINT('Ctrl Pts',(0.00871443026667818,0.00403601819679644,
-0.00124313992185649));
#4206=CARTESIAN_POINT('Ctrl Pts',(0.00900717843795759,0.0040259820513345,
-0.00159848258106001));
#4207=CARTESIAN_POINT('Ctrl Pts',(0.00906819610943479,0.00407503907529399,
-0.00124972923341752));
#4208=CARTESIAN_POINT('Ctrl Pts',(0.00871183877383247,0.00406037316517924,
-0.00124803468388333));
#4209=CARTESIAN_POINT('Ctrl Pts',(0.00900575302570657,0.00406538950881144,
-0.00160255055385115));
#4210=CARTESIAN_POINT('Ctrl Pts',(0.00906796549563435,0.00409066075190289,
-0.00125042118642423));
#4211=CARTESIAN_POINT('Ctrl Pts',(0.00871043789849183,0.00408007685285357,
-0.00125));
#4212=CARTESIAN_POINT('Ctrl Pts',(0.00900504584206351,0.00410523572193118,
-0.00160255469842058));
#4213=CARTESIAN_POINT('Ctrl Pts',(0.00906776741640758,0.00410634773248605,
-0.00125));
#4214=CARTESIAN_POINT('Ctrl Pts',(0.00870973144876413,0.0041,-0.00125));
#4215=CARTESIAN_POINT('',(0.00870973144876413,0.0041,-0.00125));
#4216=CARTESIAN_POINT('',(0.00900504584206351,0.00410523572193118,-0.00160255469842058));
#4217=CARTESIAN_POINT('Origin',(0.00870973144876412,0.0041,-0.00155));
#4218=CARTESIAN_POINT('Ctrl Pts',(0.00910417828792008,0.00350523572193119,
-0.000982172856288402));
#4219=CARTESIAN_POINT('Ctrl Pts',(0.00908679827244191,0.00350523572193119,
-0.00114327561793267));
#4220=CARTESIAN_POINT('Ctrl Pts',(0.00906378317954594,0.00356732379748755,
-0.00130093156701182));
#4221=CARTESIAN_POINT('Ctrl Pts',(0.00904378204112022,0.00367665598852309,
-0.00141631312528557));
#4222=CARTESIAN_POINT('Ctrl Pts',(0.0090237809026945,0.00378598817955863,
-0.00153169468355932));
#4223=CARTESIAN_POINT('Ctrl Pts',(0.00900792453612774,0.00394303538628389,
-0.00160253787905885));
#4224=CARTESIAN_POINT('Ctrl Pts',(0.00900504584206349,0.00410523572193118,
-0.00160255469842058));
#4225=CARTESIAN_POINT('Ctrl Pts',(0.00870973144876413,0.0041,-0.00125));
#4226=CARTESIAN_POINT('Ctrl Pts',(0.00871044093588973,0.00407999119279471,
-0.00125));
#4227=CARTESIAN_POINT('Ctrl Pts',(0.00871188547759453,0.00406033107349153,
-0.00124802594260226));
#4228=CARTESIAN_POINT('Ctrl Pts',(0.00871399226912654,0.00404089329470731,
-0.00124411971010591));
#4229=CARTESIAN_POINT('Ctrl Pts',(0.00871452009595393,0.00403602343409165,
-0.00124314105878979));
#4230=CARTESIAN_POINT('Ctrl Pts',(0.00871508950084792,0.00403117358190651,
-0.00124204003444096));
#4231=CARTESIAN_POINT('Ctrl Pts',(0.0087156943771884,0.00402638030974914,
-0.00124082667152054));
#4232=CARTESIAN_POINT('Ctrl Pts',(0.00871629882959978,0.00402159039696868,
-0.00123961415898859));
#4233=CARTESIAN_POINT('Ctrl Pts',(0.00871693983087726,0.00401684605651605,
-0.0012382873803846));
#4234=CARTESIAN_POINT('Ctrl Pts',(0.00871761572029249,0.00401214464661078,
-0.00123684743979672));
#4235=CARTESIAN_POINT('Ctrl Pts',(0.00871815310914025,0.00400840663090162,
-0.00123570256610006));
#4236=CARTESIAN_POINT('Ctrl Pts',(0.00871871252955156,0.00400469570456215,
-0.00123448627627384));
#4237=CARTESIAN_POINT('Ctrl Pts',(0.00871929334084514,0.00400101086025738,
-0.00123319832513879));
#4238=CARTESIAN_POINT('Ctrl Pts',(0.00872017121898005,0.0039954413331469,
-0.00123125162721336));
#4239=CARTESIAN_POINT('Ctrl Pts',(0.00872109808493088,0.00398993661080402,
-0.00122914279396214));
#4240=CARTESIAN_POINT('Ctrl Pts',(0.00872207051346531,0.0039845055959607,
-0.00122687734317611));
#4241=CARTESIAN_POINT('Ctrl Pts',(0.00872299709345622,0.00397933064530266,
-0.00122471870498893));
#4242=CARTESIAN_POINT('Ctrl Pts',(0.00872396504191431,0.00397422260990212,
-0.00122241788440121));
#4243=CARTESIAN_POINT('Ctrl Pts',(0.00872497132153649,0.00396918941203928,
-0.00121997913904541));
#4244=CARTESIAN_POINT('Ctrl Pts',(0.00872572732699118,0.0039654080326344,
-0.00121814693977301));
#4245=CARTESIAN_POINT('Ctrl Pts',(0.00872650526178815,0.00396166679499008,
-0.00121623599447601));
#4246=CARTESIAN_POINT('Ctrl Pts',(0.00872730495656126,0.00395796476977702,
-0.00121424611212504));
#4247=CARTESIAN_POINT('Ctrl Pts',(0.0087282421736119,0.00395362611299413,
-0.00121191403277324));
#4248=CARTESIAN_POINT('Ctrl Pts',(0.00872920931660031,0.00394934139624039,
-0.00120947333441993));
#4249=CARTESIAN_POINT('Ctrl Pts',(0.0087302064250762,0.00394510975456664,
-0.00120692220885544));
#4250=CARTESIAN_POINT('Ctrl Pts',(0.00873120640557194,0.00394086592429038,
-0.00120436373516041));
#4251=CARTESIAN_POINT('Ctrl Pts',(0.00873223327900167,0.00393668999738743,
-0.0012017022561018));
#4252=CARTESIAN_POINT('Ctrl Pts',(0.00873327856513276,0.00393260961921841,
-0.00119895876285453));
#4253=CARTESIAN_POINT('Ctrl Pts',(0.00873747709550255,0.00391622023916897,
-0.00118793915838892));
#4254=CARTESIAN_POINT('Ctrl Pts',(0.00874200465512998,0.00390120455408327,
-0.00117552344361498));
#4255=CARTESIAN_POINT('Ctrl Pts',(0.00874682938575108,0.00388744016365885,
-0.00116170336788689));
#4256=CARTESIAN_POINT('Ctrl Pts',(0.00874924649915027,0.00388054442270681,
-0.00115477972948229));
#4257=CARTESIAN_POINT('Ctrl Pts',(0.00875173010740569,0.00387397177038,
-0.00114750565760095));
#4258=CARTESIAN_POINT('Ctrl Pts',(0.00875426992917545,0.0038677305256288,
-0.00113987072253334));
#4259=CARTESIAN_POINT('Ctrl Pts',(0.00875554110823046,0.00386460678690847,
-0.00113604944276485));
#4260=CARTESIAN_POINT('Ctrl Pts',(0.00875682113235544,0.00386158006210404,
-0.00113215379657022));
#4261=CARTESIAN_POINT('Ctrl Pts',(0.00875810149701253,0.00385866557031984,
-0.00112820688272611));
#4262=CARTESIAN_POINT('Ctrl Pts',(0.00875938245222827,0.00385574973424806,
-0.00112425814839745));
#4263=CARTESIAN_POINT('Ctrl Pts',(0.00876066601201543,0.00385294065326238,
-0.00112025131820393));
#4264=CARTESIAN_POINT('Ctrl Pts',(0.00876195111492994,0.00385023633716929,
-0.00111618698122714));
#4265=CARTESIAN_POINT('Ctrl Pts',(0.00876709345629716,0.0038394150119988,
-0.00109992353031598));
#4266=CARTESIAN_POINT('Ctrl Pts',(0.00877225927785072,0.00383025481783533,
-0.00108274832858646));
#4267=CARTESIAN_POINT('Ctrl Pts',(0.00877739284241509,0.00382276184001938,
-0.00106462548866009));
#4268=CARTESIAN_POINT('Ctrl Pts',(0.00877867571603705,0.00382088935093904,
-0.00106009660565783));
#4269=CARTESIAN_POINT('Ctrl Pts',(0.00877995664631778,0.00381912200782496,
-0.00105550797441982));
#4270=CARTESIAN_POINT('Ctrl Pts',(0.00878123487847661,0.00381746204731053,
-0.00105085784694333));
#4271=CARTESIAN_POINT('Ctrl Pts',(0.00878251250707947,0.00381580287059666,
-0.00104620991516515));
#4272=CARTESIAN_POINT('Ctrl Pts',(0.00878377942670982,0.00381426158976632,
-0.00104152953826203));
#4273=CARTESIAN_POINT('Ctrl Pts',(0.00878503139137155,0.00381284082952165,
-0.00103683093233514));
#4274=CARTESIAN_POINT('Ctrl Pts',(0.00878753277413552,0.00381000219893056,
-0.00102744327768362));
#4275=CARTESIAN_POINT('Ctrl Pts',(0.00878997948516098,0.00380763720267153,
-0.00101796477798008));
#4276=CARTESIAN_POINT('Ctrl Pts',(0.00879236885294014,0.00380573787843838,
-0.00100839352544634));
#4277=CARTESIAN_POINT('Ctrl Pts',(0.00879713277490914,0.00380195100539207,
-0.000989310360178085));
#4278=CARTESIAN_POINT('Ctrl Pts',(0.00880166934065554,0.0038,-0.000969859963536293));
#4279=CARTESIAN_POINT('Ctrl Pts',(0.00880595438791524,0.0038,-0.000950000000000003));
#4280=CARTESIAN_POINT('Origin',(-0.00856608704316968,0.0122,0.00155));
#4281=CARTESIAN_POINT('Origin',(-0.00856608704316968,0.0122,0.00155));
#4282=CARTESIAN_POINT('Ctrl Pts',(0.00856608704316968,0.0122,-0.00125));
#4283=CARTESIAN_POINT('Ctrl Pts',(0.00892517599120918,0.012206369705005,
-0.00125));
#4284=CARTESIAN_POINT('Ctrl Pts',(0.00886124826005754,0.0122052357219312,
-0.00160340826959504));
#4285=CARTESIAN_POINT('Ctrl Pts',(0.0086139810320872,0.00950000022203501,
-0.00125));
#4286=CARTESIAN_POINT('Ctrl Pts',(0.00897268472282668,0.00950794449587814,
-0.00125000000000029));
#4287=CARTESIAN_POINT('Ctrl Pts',(0.00890919456860412,0.00950523594396846,
-0.00160311912478035));
#4288=CARTESIAN_POINT('Ctrl Pts',(0.00866186229413702,0.00680000021837323,
-0.00125));
#4289=CARTESIAN_POINT('Ctrl Pts',(0.0090202160591892,0.00680788348564105,
-0.00125));
#4290=CARTESIAN_POINT('Ctrl Pts',(0.00895712686229673,0.00680523594030649,
-0.0016028346749068));
#4291=CARTESIAN_POINT('Ctrl Pts',(0.00870973144876412,0.00410000000000001,
-0.00125));
#4292=CARTESIAN_POINT('Ctrl Pts',(0.00906776741640758,0.00410634773248606,
-0.00125));
#4293=CARTESIAN_POINT('Ctrl Pts',(0.00900504584206351,0.00410523572193119,
-0.00160255469842058));
#4294=CARTESIAN_POINT('Ctrl Pts',(0.00900504584206351,0.00410523572193118,
-0.00160255469842058));
#4295=CARTESIAN_POINT('Ctrl Pts',(0.00900149684720589,0.00430520422996566,
-0.00160257543415247));
#4296=CARTESIAN_POINT('Ctrl Pts',(0.00898375150766956,0.00530504676364492,
-0.00160267923553192));
#4297=CARTESIAN_POINT('Ctrl Pts',(0.00896600433502505,0.00630488926472422,
-0.00160278365268719));
#4298=CARTESIAN_POINT('Ctrl Pts',(0.00892162513022179,0.00880492083367493,
-0.00160304598943008));
#4299=CARTESIAN_POINT('Ctrl Pts',(0.00889143947403035,0.0105050783272547,
-0.0016032261985818));
#4300=CARTESIAN_POINT('Ctrl Pts',(0.00886124826005754,0.0122052357219312,
-0.00160340826959504));
#4301=CARTESIAN_POINT('',(0.00856608704316968,0.0122,-0.00125));
#4302=CARTESIAN_POINT('Origin',(7.77650717458569E-19,0.0102,-0.014675));
#4303=CARTESIAN_POINT('',(-0.0011,0.0102,-0.0247));
#4304=CARTESIAN_POINT('Origin',(7.77650717458569E-19,0.0102,-0.0247));
#4305=CARTESIAN_POINT('',(-0.0011,0.0101999999997281,-0.00897297338910868));
#4306=CARTESIAN_POINT('',(-0.0011,0.0102,-0.014675));
#4307=CARTESIAN_POINT('',(0.00109999977221621,0.010200707908828,-0.00897296096792493));
#4308=CARTESIAN_POINT('Ctrl Pts',(0.00109999977221138,0.010200707908828,
-0.00897296096792551));
#4309=CARTESIAN_POINT('Ctrl Pts',(0.00110008862198975,0.010062646717752,
-0.00897537798357287));
#4310=CARTESIAN_POINT('Ctrl Pts',(0.00107262388851805,0.00991561906660949,
-0.00898146343449907));
#4311=CARTESIAN_POINT('Ctrl Pts',(0.000960817292990176,0.00964466830852932,
-0.00899886893031173));
#4312=CARTESIAN_POINT('Ctrl Pts',(0.00087624905520425,0.00952082254204108,
-0.00901002496371337));
#4313=CARTESIAN_POINT('Ctrl Pts',(0.000681064639977744,0.009325223129052,
-0.00903030066576064));
#4314=CARTESIAN_POINT('Ctrl Pts',(0.000557395902193119,0.0092403766295603,
-0.00904074891571562));
#4315=CARTESIAN_POINT('Ctrl Pts',(0.000286127807336916,0.00912776024722971,
-0.00905536154171593));
#4316=CARTESIAN_POINT('Ctrl Pts',(0.000138514853725822,0.0091,-0.00905934722075593));
#4317=CARTESIAN_POINT('Ctrl Pts',(-0.00013851485372582,0.0091,-0.00905934722075593));
#4318=CARTESIAN_POINT('Ctrl Pts',(-0.000286127807336914,0.00912776024722971,
-0.00905536154171593));
#4319=CARTESIAN_POINT('Ctrl Pts',(-0.000557395902193117,0.0092403766295603,
-0.00904074891571562));
#4320=CARTESIAN_POINT('Ctrl Pts',(-0.000681064639977741,0.009325223129052,
-0.00903030066576065));
#4321=CARTESIAN_POINT('Ctrl Pts',(-0.000876249055204248,0.00952082254204108,
-0.00901002496371337));
#4322=CARTESIAN_POINT('Ctrl Pts',(-0.000960817292990176,0.00964466830852933,
-0.00899886893031173));
#4323=CARTESIAN_POINT('Ctrl Pts',(-0.0010725285384793,0.00991538799647306,
-0.00898147827811981));
#4324=CARTESIAN_POINT('Ctrl Pts',(-0.00109999999993185,0.0100621441899466,
-0.0089753976850747));
#4325=CARTESIAN_POINT('Ctrl Pts',(-0.0011,0.0101999999994562,-0.00897297338910868));
#4326=CARTESIAN_POINT('Ctrl Pts',(-0.0011,0.0101999999994562,-0.00897297338910868));
#4327=CARTESIAN_POINT('Ctrl Pts',(-0.00110000000000038,0.0102007790569186,
-0.00897295968880929));
#4328=CARTESIAN_POINT('Ctrl Pts',(-0.00109999917236661,0.0102015578299581,
-0.0089729460949713));
#4329=CARTESIAN_POINT('Ctrl Pts',(-0.00109970450705264,0.0103402938906731,
-0.00897054244227345));
#4330=CARTESIAN_POINT('Ctrl Pts',(-0.00107184924924282,0.0104873781150148,
-0.00897150472488873));
#4331=CARTESIAN_POINT('Ctrl Pts',(-0.000959327187065213,0.0107577977747188,
-0.00897948641818633));
#4332=CARTESIAN_POINT('Ctrl Pts',(-0.000874665662697633,0.010881140863106,
-0.00898631989382912));
#4333=CARTESIAN_POINT('Ctrl Pts',(-0.000679538474516225,0.0110759235241433,
-0.00899976911019736));
#4334=CARTESIAN_POINT('Ctrl Pts',(-0.000555994762520372,0.011160381491607,
-0.00900725623777664));
#4335=CARTESIAN_POINT('Ctrl Pts',(-0.000285258833812046,0.0112724225783067,
-0.00901793394022538));
#4336=CARTESIAN_POINT('Ctrl Pts',(-0.000138057251264726,0.0113,-0.00902094607791386));
#4337=CARTESIAN_POINT('Ctrl Pts',(0.000138057251264727,0.0113,-0.00902094607791386));
#4338=CARTESIAN_POINT('Ctrl Pts',(0.000285258833812048,0.0112724225783067,
-0.00901793394022538));
#4339=CARTESIAN_POINT('Ctrl Pts',(0.000555994762520373,0.011160381491607,
-0.00900725623777664));
#4340=CARTESIAN_POINT('Ctrl Pts',(0.000679538474516226,0.0110759235241433,
-0.00899976911019736));
#4341=CARTESIAN_POINT('Ctrl Pts',(0.000874665662697635,0.010881140863106,
-0.00898631989382912));
#4342=CARTESIAN_POINT('Ctrl Pts',(0.000959327187065214,0.0107577977747188,
-0.00897948641818633));
#4343=CARTESIAN_POINT('Ctrl Pts',(0.00107184924924283,0.0104873781150148,
-0.00897150472488873));
#4344=CARTESIAN_POINT('Ctrl Pts',(0.00109970450705264,0.0103402938906731,
-0.00897054244227345));
#4345=CARTESIAN_POINT('Ctrl Pts',(0.00109999751892133,0.0102023363148168,
-0.00897293260743806));
#4346=CARTESIAN_POINT('Ctrl Pts',(0.00109999867149686,0.0102017936524093,
-0.00897294200926159));
#4347=CARTESIAN_POINT('Ctrl Pts',(0.00109999942279964,0.0102012508499889,
-0.00897295146273965));
#4348=CARTESIAN_POINT('Ctrl Pts',(0.00109999977221138,0.010200707908828,
-0.00897296096792551));
#4349=CARTESIAN_POINT('Origin',(7.77650717458569E-19,0.0102,-0.0230757359312881));
#4350=CARTESIAN_POINT('',(-0.003,0.0102,-0.0230757359312881));
#4351=CARTESIAN_POINT('Origin',(7.77650717458569E-19,0.0102,-0.0230757359312881));
#4352=CARTESIAN_POINT('',(-0.00291213203435597,0.0102,-0.023287867965644));
#4353=CARTESIAN_POINT('Origin',(-0.0027,0.0102,-0.0230757359312881));
#4354=CARTESIAN_POINT('',(0.00291213203435599,0.0102,-0.023287867965644));
#4355=CARTESIAN_POINT('Origin',(5.55111512312578E-19,0.0102,-0.023287867965644));
#4356=CARTESIAN_POINT('Origin',(5.55111512312578E-19,0.0102,-0.023287867965644));
#4357=CARTESIAN_POINT('Origin',(5.55111512312578E-19,0.0102,-0.0247));
#4358=CARTESIAN_POINT('',(0.00137573593128806,0.0102,-0.0247));
#4359=CARTESIAN_POINT('Origin',(7.77650717458569E-19,0.0102,-0.0247));
#4360=CARTESIAN_POINT('Origin',(7.77650717458569E-19,0.0102,-0.0244));
#4361=CARTESIAN_POINT('',(0.00158786796564403,0.0102,-0.024612132034356));
#4362=CARTESIAN_POINT('Origin',(0.00137573593128806,0.0102,-0.0244));
#4363=CARTESIAN_POINT('Origin',(8.32667268468867E-19,0.0102,-0.024612132034356));
#4364=CARTESIAN_POINT('Origin',(7.77650717458569E-19,0.0102,-0.0127));
#4365=CARTESIAN_POINT('',(-0.003,0.0102,-0.0125741798937346));
#4366=CARTESIAN_POINT('Ctrl Pts',(-0.003,0.0102,-0.0125741798937346));
#4367=CARTESIAN_POINT('Ctrl Pts',(-0.003,0.00974935311810856,-0.0125741798937346));
#4368=CARTESIAN_POINT('Ctrl Pts',(-0.00279295720690047,0.00884980587601104,
-0.0126371522550952));
#4369=CARTESIAN_POINT('Ctrl Pts',(-0.0019343528150144,0.00777588927110109,
-0.0128437812577091));
#4370=CARTESIAN_POINT('Ctrl Pts',(-0.000697040358865386,0.00717698623412488,
-0.0130056472007989));
#4371=CARTESIAN_POINT('Ctrl Pts',(0.00116535710497869,0.00716937783661458,
-0.0130097628843039));
#4372=CARTESIAN_POINT('Ctrl Pts',(0.00269358012053351,0.00839463520317353,
-0.0126708430521606));
#4373=CARTESIAN_POINT('Ctrl Pts',(0.0031023461942331,0.010201539727725,
-0.0125415481591388));
#4374=CARTESIAN_POINT('Ctrl Pts',(0.0028274080088614,0.0113998680126112,
-0.0126266851003376));
#4375=CARTESIAN_POINT('Ctrl Pts',(0.00206190244070217,0.0125207846663924,
-0.0128144591011362));
#4376=CARTESIAN_POINT('Ctrl Pts',(0.000901404230425131,0.0131955452135647,
-0.0129985435263861));
#4377=CARTESIAN_POINT('Ctrl Pts',(-0.000634584107533903,0.0132381202055285,
-0.0130107201910046));
#4378=CARTESIAN_POINT('Ctrl Pts',(-0.00158385374213795,0.0128110500080577,
-0.0128922134239122));
#4379=CARTESIAN_POINT('Ctrl Pts',(-0.00229256262046111,0.0121764281645105,
-0.0127572444762263));
#4380=CARTESIAN_POINT('Ctrl Pts',(-0.00281875345383512,0.0114382441167304,
-0.0126296261903261));
#4381=CARTESIAN_POINT('Ctrl Pts',(-0.003,0.0106506468818913,-0.0125741798937346));
#4382=CARTESIAN_POINT('Ctrl Pts',(-0.003,0.0102,-0.0125741798937346));
#4383=CARTESIAN_POINT('',(-0.003,0.0102,-0.0127));
#4384=CARTESIAN_POINT('Origin',(7.77650717458569E-19,0.0102,-0.02395));
#4385=CARTESIAN_POINT('',(0.00225,0.0102,-0.02395));
#4386=CARTESIAN_POINT('Ctrl Pts',(-0.00322384615384615,0.0102,-0.0122840065115715));
#4387=CARTESIAN_POINT('Ctrl Pts',(-0.00322384615384615,0.00970428842991942,
-0.0122840065115715));
#4388=CARTESIAN_POINT('Ctrl Pts',(-0.00300135478310766,0.00871478646361214,
-0.012345525664593));
#4389=CARTESIAN_POINT('Ctrl Pts',(-0.00207868529428854,0.00753347819821121,
-0.0125473863056081));
#4390=CARTESIAN_POINT('Ctrl Pts',(-0.000749050293334575,0.00687468485753736,
-0.0127055168807805));
#4391=CARTESIAN_POINT('Ctrl Pts',(0.00125231067358094,0.00686631562027605,
-0.0127095375869738));
#4392=CARTESIAN_POINT('Ctrl Pts',(0.00289456263721947,0.00821409872349088,
-0.0123784389817262));
#4393=CARTESIAN_POINT('Ctrl Pts',(0.00333382894872588,0.0102016937004975,
-0.0122521278170048));
#4394=CARTESIAN_POINT('Ctrl Pts',(0.00303837614490721,0.0115198548138723,
-0.0123353000595606));
#4395=CARTESIAN_POINT('Ctrl Pts',(0.00221575208435456,0.0127528631330316,
-0.0125187408141869));
#4396=CARTESIAN_POINT('Ctrl Pts',(0.000968662853772239,0.0134950997349211,
-0.0126985771373157));
#4397=CARTESIAN_POINT('Ctrl Pts',(-0.000681933844788358,0.0135419322260813,
-0.0127104728019814));
#4398=CARTESIAN_POINT('Ctrl Pts',(-0.00170203359828208,0.0130721550088634,
-0.0125947008064373));
#4399=CARTESIAN_POINT('Ctrl Pts',(-0.00246362306214168,0.0123740709809615,
-0.0124628465267749));
#4400=CARTESIAN_POINT('Ctrl Pts',(-0.00302907582692897,0.0115620685284034,
-0.0123381732782416));
#4401=CARTESIAN_POINT('Ctrl Pts',(-0.00322384615384615,0.0106957115700806,
-0.0122840065115715));
#4402=CARTESIAN_POINT('Ctrl Pts',(-0.00322384615384615,0.0102,-0.0122840065115715));
#4403=CARTESIAN_POINT('Ctrl Pts',(-0.0031602913287055,0.0102,-0.0123006860027778));
#4404=CARTESIAN_POINT('Ctrl Pts',(-0.0031602913287055,0.00971450166804951,
-0.0123006860027778));
#4405=CARTESIAN_POINT('Ctrl Pts',(-0.00294015690287562,0.00874545278270712,
-0.0123602579606363));
#4406=CARTESIAN_POINT('Ctrl Pts',(-0.00203131195295622,0.00759256132234502,
-0.0125546217430786));
#4407=CARTESIAN_POINT('Ctrl Pts',(-0.00072976946797382,0.00695425833904041,
-0.0127050402704274));
#4408=CARTESIAN_POINT('Ctrl Pts',(0.00121967378120484,0.00694513098860477,
-0.012709463303487));
#4409=CARTESIAN_POINT('Ctrl Pts',(0.00283395331806037,0.00825456709306389,
-0.0123924191071633));
#4410=CARTESIAN_POINT('Ctrl Pts',(0.00326932273347714,0.0102018360963574,
-0.0122697831690021));
#4411=CARTESIAN_POINT('Ctrl Pts',(0.00297680525926576,0.0114925581687174,
-0.0123504239646512));
#4412=CARTESIAN_POINT('Ctrl Pts',(0.00216608439960047,0.0126968341952357,
-0.0125270496226417));
#4413=CARTESIAN_POINT('Ctrl Pts',(0.000944117272615308,0.013416804148924,
-0.0126986474699675));
#4414=CARTESIAN_POINT('Ctrl Pts',(-0.000664631548977589,0.013462019534094,
-0.0127098773722365));
#4415=CARTESIAN_POINT('Ctrl Pts',(-0.00166241611923847,0.0130068450638149,
-0.0125996855640893));
#4416=CARTESIAN_POINT('Ctrl Pts',(-0.00241045361992924,0.0123268206417578,
-0.0124732511963755));
#4417=CARTESIAN_POINT('Ctrl Pts',(-0.00296757665806938,0.0115340312877747,
-0.0123532464877955));
#4418=CARTESIAN_POINT('Ctrl Pts',(-0.0031602913287055,0.0106854983319505,
-0.0123006860027778));
#4419=CARTESIAN_POINT('Ctrl Pts',(-0.0031602913287055,0.0102,-0.0123006860027778));
#4420=CARTESIAN_POINT('Ctrl Pts',(-0.00304478420422629,0.0102,-0.0123773007938707));
#4421=CARTESIAN_POINT('Ctrl Pts',(-0.00304478420422629,0.00973484263004022,
-0.0123773007938707));
#4422=CARTESIAN_POINT('Ctrl Pts',(-0.00282941296934189,0.00880669949318164,
-0.0124356508666008));
#4423=CARTESIAN_POINT('Ctrl Pts',(-0.00194663456171363,0.00771029456557252,
-0.0126252992551697));
#4424=CARTESIAN_POINT('Ctrl Pts',(-0.000695834191244638,0.00711259109179546,
-0.0127697993630115));
#4425=CARTESIAN_POINT('Ctrl Pts',(0.00116213791720834,0.00710198410296316,
-0.0127748192752039));
#4426=CARTESIAN_POINT('Ctrl Pts',(0.00272459954966621,0.00833537249959035,
-0.0124675124496829));
#4427=CARTESIAN_POINT('Ctrl Pts',(0.00315182446257547,0.0102021467561119,
-0.0123467842472767));
#4428=CARTESIAN_POINT('Ctrl Pts',(0.00286532141131146,0.0114380204236395,
-0.0124259970344113));
#4429=CARTESIAN_POINT('Ctrl Pts',(0.00207707412328293,0.0125851890263494,
-0.0125984077634902));
#4430=CARTESIAN_POINT('Ctrl Pts',(0.000900881384008629,0.0132609891307121,
-0.012763919917881));
#4431=CARTESIAN_POINT('Ctrl Pts',(-0.000634093020433726,0.0133029882200009,
-0.012774572487149));
#4432=CARTESIAN_POINT('Ctrl Pts',(-0.00159172166334376,0.0128767189128843,
-0.0126686123277682));
#4433=CARTESIAN_POINT('Ctrl Pts',(-0.00231488029319035,0.0122324857665095,
-0.0125457758372675));
#4434=CARTESIAN_POINT('Ctrl Pts',(-0.00285626645160399,0.0114778796029961,
-0.0124287215706181));
#4435=CARTESIAN_POINT('Ctrl Pts',(-0.00304478420422629,0.0106651573699597,
-0.0123773007938707));
#4436=CARTESIAN_POINT('Ctrl Pts',(-0.00304478420422629,0.0102,-0.0123773007938707));
#4437=CARTESIAN_POINT('Ctrl Pts',(-0.003,0.0102,-0.0125084728071643));
#4438=CARTESIAN_POINT('Ctrl Pts',(-0.003,0.00974680650429658,-0.0125084728071643));
#4439=CARTESIAN_POINT('Ctrl Pts',(-0.00279017478269063,0.00884218893571496,
-0.0125699058356646));
#4440=CARTESIAN_POINT('Ctrl Pts',(-0.00192573180160349,0.00776903558339129,
-0.0127707925762427));
#4441=CARTESIAN_POINT('Ctrl Pts',(-0.000690985752926389,0.00717772815523756,
-0.01292678473307));
#4442=CARTESIAN_POINT('Ctrl Pts',(0.00115472316647708,0.00716871906497662,
-0.0129312039285218));
#4443=CARTESIAN_POINT('Ctrl Pts',(0.00268872971411039,0.00838368454307978,
-0.0126029912770079));
#4444=CARTESIAN_POINT('Ctrl Pts',(0.0031040052595454,0.0102017852191212,
-0.0124765752980773));
#4445=CARTESIAN_POINT('Ctrl Pts',(0.00282511036160571,0.0114065884759032,
-0.0125597262336925));
#4446=CARTESIAN_POINT('Ctrl Pts',(0.00205383101855682,0.0125282332921092,
-0.012742291060825));
#4447=CARTESIAN_POINT('Ctrl Pts',(0.000894090960844905,0.0131956522897006,
-0.0129200957228381));
#4448=CARTESIAN_POINT('Ctrl Pts',(-0.000629421971119854,0.0132374606667352,
-0.0129317604629178));
#4449=CARTESIAN_POINT('Ctrl Pts',(-0.00157570944156665,0.0128158169096321,
-0.0128175014404168));
#4450=CARTESIAN_POINT('Ctrl Pts',(-0.00228632626196303,0.0121836605762335,
-0.0126866521796959));
#4451=CARTESIAN_POINT('Ctrl Pts',(-0.00281630193214163,0.0114454350603466,
-0.0125626097370924));
#4452=CARTESIAN_POINT('Ctrl Pts',(-0.003,0.0106531934957033,-0.0125084728071643));
#4453=CARTESIAN_POINT('Ctrl Pts',(-0.003,0.0102,-0.0125084728071643));
#4454=CARTESIAN_POINT('Ctrl Pts',(-0.003,0.0102,-0.0125741798937346));
#4455=CARTESIAN_POINT('Ctrl Pts',(-0.003,0.00974935311810856,-0.0125741798937346));
#4456=CARTESIAN_POINT('Ctrl Pts',(-0.00279295720690047,0.00884980587601104,
-0.0126371522550952));
#4457=CARTESIAN_POINT('Ctrl Pts',(-0.0019343528150144,0.00777588927110109,
-0.0128437812577091));
#4458=CARTESIAN_POINT('Ctrl Pts',(-0.000697040358865386,0.00717698623412488,
-0.0130056472007989));
#4459=CARTESIAN_POINT('Ctrl Pts',(0.00116535710497869,0.00716937783661458,
-0.0130097628843039));
#4460=CARTESIAN_POINT('Ctrl Pts',(0.00269358012053351,0.00839463520317353,
-0.0126708430521606));
#4461=CARTESIAN_POINT('Ctrl Pts',(0.0031023461942331,0.010201539727725,
-0.0125415481591388));
#4462=CARTESIAN_POINT('Ctrl Pts',(0.0028274080088614,0.0113998680126112,
-0.0126266851003376));
#4463=CARTESIAN_POINT('Ctrl Pts',(0.00206190244070217,0.0125207846663924,
-0.0128144591011362));
#4464=CARTESIAN_POINT('Ctrl Pts',(0.000901404230425131,0.0131955452135647,
-0.0129985435263861));
#4465=CARTESIAN_POINT('Ctrl Pts',(-0.000634584107533903,0.0132381202055285,
-0.0130107201910046));
#4466=CARTESIAN_POINT('Ctrl Pts',(-0.00158385374213795,0.0128110500080577,
-0.0128922134239122));
#4467=CARTESIAN_POINT('Ctrl Pts',(-0.00229256262046111,0.0121764281645105,
-0.0127572444762263));
#4468=CARTESIAN_POINT('Ctrl Pts',(-0.00281875345383512,0.0114382441167304,
-0.0126296261903261));
#4469=CARTESIAN_POINT('Ctrl Pts',(-0.003,0.0106506468818913,-0.0125741798937346));
#4470=CARTESIAN_POINT('Ctrl Pts',(-0.003,0.0102,-0.0125741798937346));
#4471=CARTESIAN_POINT('Ctrl Pts',(-0.003,0.0102,-0.0125741798937346));
#4472=CARTESIAN_POINT('Ctrl Pts',(-0.003,0.0102,-0.0125084728071643));
#4473=CARTESIAN_POINT('Ctrl Pts',(-0.00304478420422629,0.0102,-0.0123773007938707));
#4474=CARTESIAN_POINT('Ctrl Pts',(-0.0031602913287055,0.0102,-0.0123006860027778));
#4475=CARTESIAN_POINT('Ctrl Pts',(-0.00322384615384615,0.0102,-0.0122840065115715));
#4476=CARTESIAN_POINT('Origin',(-0.00899999999999999,0.0125,-0.00125));
#4477=CARTESIAN_POINT('',(0.00891277173498794,0.0122,-0.00125));
#4478=CARTESIAN_POINT('',(-0.00899999999999999,0.0041,-0.00125));
#4479=CARTESIAN_POINT('Ctrl Pts',(0.0193140542485223,-0.000611610906687944,
8.10303861679623E-19));
#4480=CARTESIAN_POINT('Ctrl Pts',(0.0193140542485001,-0.000614467499739891,
-0.000172040298979405));
#4481=CARTESIAN_POINT('Ctrl Pts',(0.0192798529267009,-0.000617321939864729,
-0.000343950936430637));
#4482=CARTESIAN_POINT('Ctrl Pts',(0.0191482027229376,-0.000622599283908374,
-0.000661782643846218));
#4483=CARTESIAN_POINT('Ctrl Pts',(0.019050805598684,-0.000625019598026565,
-0.000807547741270241));
#4484=CARTESIAN_POINT('Ctrl Pts',(0.0188075477412702,-0.000629058702291309,
-0.00105080559868394));
#4485=CARTESIAN_POINT('Ctrl Pts',(0.0186617826438426,-0.000630675904482163,
-0.00114820272293886));
#4486=CARTESIAN_POINT('Ctrl Pts',(0.0183439509364343,-0.000632861851958315,
-0.00127985292669959));
#4487=CARTESIAN_POINT('Ctrl Pts',(0.0181720092805512,-0.000633429737848216,
-0.00131405424852228));
#4488=CARTESIAN_POINT('Ctrl Pts',(0.0178279907194488,-0.000633429737848216,
-0.00131405424852228));
#4489=CARTESIAN_POINT('Ctrl Pts',(0.0176560490635657,-0.000632861851958315,
-0.00127985292669958));
#4490=CARTESIAN_POINT('Ctrl Pts',(0.0173382173561574,-0.000630675904482163,
-0.00114820272293888));
#4491=CARTESIAN_POINT('Ctrl Pts',(0.0171924522587298,-0.000629058702291309,
-0.00105080559868394));
#4492=CARTESIAN_POINT('Ctrl Pts',(0.016949194401316,-0.000625019598026565,
-0.000807547741270241));
#4493=CARTESIAN_POINT('Ctrl Pts',(0.0168517972770624,-0.000622599283908374,
-0.000661782643846227));
#4494=CARTESIAN_POINT('Ctrl Pts',(0.0167201470732991,-0.000617321939864729,
-0.000343950936430646));
#4495=CARTESIAN_POINT('Ctrl Pts',(0.0166859457514999,-0.000614467499739856,
-0.000172040298979403));
#4496=CARTESIAN_POINT('Ctrl Pts',(0.0166859457514777,-0.000611610906687944,
4.88453395807869E-19));
#4497=CARTESIAN_POINT('Ctrl Pts',(0.0192495429810625,0.00308423713083205,
2.25478178246684E-19));
#4498=CARTESIAN_POINT('Ctrl Pts',(0.0192495429810418,0.0030813805377801,
-0.000163594271919413));
#4499=CARTESIAN_POINT('Ctrl Pts',(0.0192170207152028,0.00307852609765526,
-0.000327065247823754));
#4500=CARTESIAN_POINT('Ctrl Pts',(0.0190918336551908,0.00307324875361162,
-0.000629293545937673));
#4501=CARTESIAN_POINT('Ctrl Pts',(0.0189992180777721,0.00307082843949343,
-0.000767902552814611));
#4502=CARTESIAN_POINT('Ctrl Pts',(0.0187679025528146,0.00306678933522868,
-0.000999218077772137));
#4503=CARTESIAN_POINT('Ctrl Pts',(0.018629293545934,0.00306517213303783,
-0.00109183365519237));
#4504=CARTESIAN_POINT('Ctrl Pts',(0.0183270652478274,0.00306298618556168,
-0.00121702071520126));
#4505=CARTESIAN_POINT('Ctrl Pts',(0.0181635647762885,0.00306241829967177,
-0.00124954298106254));
#4506=CARTESIAN_POINT('Ctrl Pts',(0.0178364352237115,0.00306241829967177,
-0.00124954298106254));
#4507=CARTESIAN_POINT('Ctrl Pts',(0.0176729347521729,0.00306298618556167,
-0.00121702071520124));
#4508=CARTESIAN_POINT('Ctrl Pts',(0.0173707064540657,0.00306517213303783,
-0.00109183365519239));
#4509=CARTESIAN_POINT('Ctrl Pts',(0.0172320974471854,0.00306678933522868,
-0.000999218077772137));
#4510=CARTESIAN_POINT('Ctrl Pts',(0.0170007819222279,0.00307082843949343,
-0.000767902552814611));
#4511=CARTESIAN_POINT('Ctrl Pts',(0.0169081663448092,0.00307324875361162,
-0.000629293545937686));
#4512=CARTESIAN_POINT('Ctrl Pts',(0.0167829792847972,0.00307852609765526,
-0.000327065247823758));
#4513=CARTESIAN_POINT('Ctrl Pts',(0.0167504570189582,0.00308138053778013,
-0.000163594271919415));
#4514=CARTESIAN_POINT('Ctrl Pts',(0.0167504570189375,0.00308423713083205,
-8.05715841843686E-20));
#4515=CARTESIAN_POINT('Origin',(0.,0.0137,0.));
#4516=CARTESIAN_POINT('',(-1.4328367550024E-18,0.0147,0.0117));
#4517=CARTESIAN_POINT('Origin',(-1.4328367550024E-18,0.0137,0.0117));
#4518=CARTESIAN_POINT('Origin',(0.,0.0147,0.));
#4519=CARTESIAN_POINT('Origin',(0.0127,0.0147,0.));
#4520=CARTESIAN_POINT('Origin',(0.,0.0015,0.));
#4521=CARTESIAN_POINT('',(-1.50631556295124E-18,0.0017,0.0123));
#4522=CARTESIAN_POINT('Origin',(0.,0.0017,0.));
#4523=CARTESIAN_POINT('Origin',(-1.50631556295124E-18,0.0015,0.0123));
#4524=CARTESIAN_POINT('Origin',(0.,0.0017,0.));
#4525=CARTESIAN_POINT('',(-1.14933765293344E-18,0.0017,0.00938505415384789));
#4526=CARTESIAN_POINT('Origin',(0.,0.0017,0.));
#4527=CARTESIAN_POINT('Origin',(0.,0.0125,0.));
#4528=CARTESIAN_POINT('',(-4.82984697940832E-19,0.0113,0.00902094607791386));
#4529=CARTESIAN_POINT('',(-1.10218211923262E-18,0.0125,0.009));
#4530=CARTESIAN_POINT('',(-0.0011,0.0101999999997281,0.00897297338910868));
#4531=CARTESIAN_POINT('Ctrl Pts',(4.5102810375397E-19,0.0113,0.00902094607791386));
#4532=CARTESIAN_POINT('Ctrl Pts',(-0.000138057251264726,0.0113,0.00902094607791386));
#4533=CARTESIAN_POINT('Ctrl Pts',(-0.000285258833812046,0.0112724225783067,
0.00901793394022538));
#4534=CARTESIAN_POINT('Ctrl Pts',(-0.000555994762520371,0.011160381491607,
0.00900725623777664));
#4535=CARTESIAN_POINT('Ctrl Pts',(-0.000679538474516225,0.0110759235241433,
0.00899976911019736));
#4536=CARTESIAN_POINT('Ctrl Pts',(-0.000874665662697633,0.010881140863106,
0.00898631989382912));
#4537=CARTESIAN_POINT('Ctrl Pts',(-0.000959327187065213,0.0107577977747188,
0.00897948641818633));
#4538=CARTESIAN_POINT('Ctrl Pts',(-0.00107184924924282,0.0104873781150148,
0.00897150472488873));
#4539=CARTESIAN_POINT('Ctrl Pts',(-0.00109970450705264,0.0103402938906731,
0.00897054244227345));
#4540=CARTESIAN_POINT('Ctrl Pts',(-0.00109999917236661,0.0102015578299581,
0.0089729460949713));
#4541=CARTESIAN_POINT('Ctrl Pts',(-0.00110000000000038,0.0102007790569186,
0.00897295968880929));
#4542=CARTESIAN_POINT('Ctrl Pts',(-0.0011,0.0101999999994562,0.00897297338910868));
#4543=CARTESIAN_POINT('',(-5.37377794053393E-19,0.0091,0.00905934722075593));
#4544=CARTESIAN_POINT('Ctrl Pts',(-0.0011,0.0101999999994562,0.00897297338910868));
#4545=CARTESIAN_POINT('Ctrl Pts',(-0.00109999999993185,0.0100621441899466,
0.0089753976850747));
#4546=CARTESIAN_POINT('Ctrl Pts',(-0.0010725285384793,0.00991538799647306,
0.00898147827811981));
#4547=CARTESIAN_POINT('Ctrl Pts',(-0.000960817292990175,0.00964466830852933,
0.00899886893031174));
#4548=CARTESIAN_POINT('Ctrl Pts',(-0.000876249055204248,0.00952082254204108,
0.00901002496371337));
#4549=CARTESIAN_POINT('Ctrl Pts',(-0.000681064639977742,0.009325223129052,
0.00903030066576065));
#4550=CARTESIAN_POINT('Ctrl Pts',(-0.000557395902193118,0.0092403766295603,
0.00904074891571562));
#4551=CARTESIAN_POINT('Ctrl Pts',(-0.000286127807336915,0.00912776024722971,
0.00905536154171593));
#4552=CARTESIAN_POINT('Ctrl Pts',(-0.000138514853725819,0.0091,0.00905934722075593));
#4553=CARTESIAN_POINT('Ctrl Pts',(9.71445146547012E-19,0.0091,0.00905934722075593));
#4554=CARTESIAN_POINT('',(-1.12484844734327E-18,0.00189650951871254,0.00918508461481659));
#4555=CARTESIAN_POINT('',(-1.10218211923262E-18,0.0125,0.009));
#4556=CARTESIAN_POINT('Origin',(0.,0.00189650951871254,0.));
#4557=CARTESIAN_POINT('',(0.00109999977221621,0.010200707908828,0.00897296096792493));
#4558=CARTESIAN_POINT('Ctrl Pts',(6.59194920871187E-19,0.0091,0.00905934722075593));
#4559=CARTESIAN_POINT('Ctrl Pts',(0.000138514853725822,0.0091,0.00905934722075593));
#4560=CARTESIAN_POINT('Ctrl Pts',(0.000286127807336916,0.00912776024722971,
0.00905536154171593));
#4561=CARTESIAN_POINT('Ctrl Pts',(0.000557395902193119,0.0092403766295603,
0.00904074891571562));
#4562=CARTESIAN_POINT('Ctrl Pts',(0.000681064639977744,0.009325223129052,
0.00903030066576064));
#4563=CARTESIAN_POINT('Ctrl Pts',(0.00087624905520425,0.00952082254204109,
0.00901002496371337));
#4564=CARTESIAN_POINT('Ctrl Pts',(0.000960817292990177,0.00964466830852933,
0.00899886893031173));
#4565=CARTESIAN_POINT('Ctrl Pts',(0.00107262388851805,0.00991561906660949,
0.00898146343449907));
#4566=CARTESIAN_POINT('Ctrl Pts',(0.00110008862198975,0.010062646717752,
0.00897537798357287));
#4567=CARTESIAN_POINT('Ctrl Pts',(0.00109999977221138,0.010200707908828,
0.00897296096792551));
#4568=CARTESIAN_POINT('Ctrl Pts',(0.00109999977221138,0.010200707908828,
0.00897296096792551));
#4569=CARTESIAN_POINT('Ctrl Pts',(0.00109999942279964,0.0102012508499889,
0.00897295146273965));
#4570=CARTESIAN_POINT('Ctrl Pts',(0.00109999867149686,0.0102017936524093,
0.00897294200926159));
#4571=CARTESIAN_POINT('Ctrl Pts',(0.00109999751892133,0.0102023363148168,
0.00897293260743806));
#4572=CARTESIAN_POINT('Ctrl Pts',(0.00109970450705264,0.0103402938906731,
0.00897054244227345));
#4573=CARTESIAN_POINT('Ctrl Pts',(0.00107184924924283,0.0104873781150148,
0.00897150472488873));
#4574=CARTESIAN_POINT('Ctrl Pts',(0.000959327187065212,0.0107577977747188,
0.00897948641818633));
#4575=CARTESIAN_POINT('Ctrl Pts',(0.000874665662697635,0.0108811408631061,
0.00898631989382912));
#4576=CARTESIAN_POINT('Ctrl Pts',(0.000679538474516226,0.0110759235241433,
0.00899976911019736));
#4577=CARTESIAN_POINT('Ctrl Pts',(0.000555994762520372,0.011160381491607,
0.00900725623777664));
#4578=CARTESIAN_POINT('Ctrl Pts',(0.000285258833812046,0.0112724225783067,
0.00901793394022538));
#4579=CARTESIAN_POINT('Ctrl Pts',(0.000138057251264727,0.0113,0.00902094607791386));
#4580=CARTESIAN_POINT('Ctrl Pts',(3.81639164714898E-19,0.0113,0.00902094607791386));
#4581=CARTESIAN_POINT('Ctrl Pts',(0.00886124826005754,0.0122052357219312,
0.00160340826959504));
#4582=CARTESIAN_POINT('Ctrl Pts',(0.00886479927889016,0.0120052672498996,
0.00160338685483519));
#4583=CARTESIAN_POINT('Ctrl Pts',(0.00888255398858025,0.0110054248828982,
0.00160327990983299));
#4584=CARTESIAN_POINT('Ctrl Pts',(0.00890030678328321,0.0100055824818246,
0.00160317360648917));
#4585=CARTESIAN_POINT('Ctrl Pts',(0.00894469255043443,0.00750555102960566,
0.001602909068094));
#4586=CARTESIAN_POINT('Ctrl Pts',(0.0089748718361838,0.00580539342270849,
0.00160273099625166));
#4587=CARTESIAN_POINT('Ctrl Pts',(0.00900504584206351,0.00410523572193118,
0.00160255469842058));
#4588=CARTESIAN_POINT('Origin',(0.,0.0038,9.71445146547012E-19));
#4589=CARTESIAN_POINT('',(-1.02541432135518E-19,0.0038,-0.000950000000000001));
#4590=CARTESIAN_POINT('',(0.,0.0038,0.00095));
#4591=CARTESIAN_POINT('Ctrl Pts',(0.020496290677939,0.00286476442947518,
0.00038995954332549));
#4592=CARTESIAN_POINT('Ctrl Pts',(0.020496357726331,0.00306673114152673,
0.000386435476906566));
#4593=CARTESIAN_POINT('Ctrl Pts',(0.0202944061162406,0.00306472410547563,
0.000382628206925117));
#4594=CARTESIAN_POINT('Ctrl Pts',(0.0205092066341972,0.00285303043364635,
-0.00028890368334168));
#4595=CARTESIAN_POINT('Ctrl Pts',(0.0205091532301019,0.00305488327618384,
-0.000292232082672247));
#4596=CARTESIAN_POINT('Ctrl Pts',(0.0203071954409853,0.00305299119252596,
-0.000289550229749473));
#4597=CARTESIAN_POINT('Ctrl Pts',(0.0204883676576124,0.00284128537379283,
-0.000968407012489946));
#4598=CARTESIAN_POINT('Ctrl Pts',(0.0204882169005385,0.00304302095851104,
-0.00097172759522613));
#4599=CARTESIAN_POINT('Ctrl Pts',(0.0202865620921645,0.00304124724858807,
-0.000962360631605632));
#4600=CARTESIAN_POINT('Ctrl Pts',(0.0203793853386745,0.00281788886301115,
-0.00232199798302174));
#4601=CARTESIAN_POINT('Ctrl Pts',(0.0203790047793631,0.00301939131785518,
-0.00232527733983581));
#4602=CARTESIAN_POINT('Ctrl Pts',(0.0201786543150238,0.00301785295840005,
-0.00230261922495837));
#4603=CARTESIAN_POINT('Ctrl Pts',(0.0202912421635395,0.00280623745879269,
-0.0029960829220721));
#4604=CARTESIAN_POINT('Ctrl Pts',(0.0202907676899376,0.00300762392708897,
-0.00299933545454175));
#4605=CARTESIAN_POINT('Ctrl Pts',(0.0200913796873408,0.0030062026599413,
-0.0029700646784875));
#4606=CARTESIAN_POINT('Ctrl Pts',(0.0200485207465558,0.00278314321874655,
-0.00433218620216842));
#4607=CARTESIAN_POINT('Ctrl Pts',(0.0200478291064915,0.00298430035989739,
-0.00433535311677196));
#4608=CARTESIAN_POINT('Ctrl Pts',(0.0198510500557673,0.00298311060808221,
-0.00429300804175444));
#4609=CARTESIAN_POINT('Ctrl Pts',(0.0198939428985658,0.00277170042039313,
-0.00499420237514859));
#4610=CARTESIAN_POINT('Ctrl Pts',(0.0198931644519129,0.00297274397605955,
-0.00499732454512864));
#4611=CARTESIAN_POINT('Ctrl Pts',(0.0196979950963781,0.0029716688944754,
-0.00494850367172082));
#4612=CARTESIAN_POINT('Ctrl Pts',(0.0195198768382926,0.00274913627651921,
-0.00629963726203553));
#4613=CARTESIAN_POINT('Ctrl Pts',(0.0195189023243878,0.0029499565239211,
-0.00630263288990067));
#4614=CARTESIAN_POINT('Ctrl Pts',(0.0193276144400191,0.00294910688500846,
-0.00624108091295778));
#4615=CARTESIAN_POINT('Ctrl Pts',(0.0193003892329987,0.00273801496761287,
-0.0069430538576397));
#4616=CARTESIAN_POINT('Ctrl Pts',(0.0192993383924974,0.00293872512725733,
-0.00694598861545133));
#4617=CARTESIAN_POINT('Ctrl Pts',(0.0191102890315785,0.00293798662922301,
-0.00687816022835057));
#4618=CARTESIAN_POINT('Ctrl Pts',(0.0187986687034164,0.00271620351593229,
-0.00820494219324729));
#4619=CARTESIAN_POINT('Ctrl Pts',(0.0187974504920163,0.00291669852221667,
-0.00820771453493621));
#4620=CARTESIAN_POINT('Ctrl Pts',(0.0186135111407785,0.00291617723742414,
-0.00812762001277252));
#4621=CARTESIAN_POINT('Ctrl Pts',(0.0185164365932591,0.00270551340855092,
-0.00882341188561158));
#4622=CARTESIAN_POINT('Ctrl Pts',(0.0185151554817523,0.00290590287882368,
-0.00882610964732074));
#4623=CARTESIAN_POINT('Ctrl Pts',(0.0183340591972446,0.00290548814126811,
-0.00873999819837232));
#4624=CARTESIAN_POINT('Ctrl Pts',(0.0178920110838828,0.00268466981975134,
-0.0100293051000331));
#4625=CARTESIAN_POINT('Ctrl Pts',(0.0178905977396851,0.00288485432915318,
-0.0100318109976703));
#4626=CARTESIAN_POINT('Ctrl Pts',(0.0177157847792935,0.00288464651790084,
-0.00993401454141646));
#4627=CARTESIAN_POINT('Ctrl Pts',(0.0175498186979052,0.00267451637215571,
-0.0106167266653141));
#4628=CARTESIAN_POINT('Ctrl Pts',(0.017548358289648,0.00287460089957171,
-0.0106191472114103));
#4629=CARTESIAN_POINT('Ctrl Pts',(0.0173769630964589,0.00287449402980426,
-0.0105156504579809));
#4630=CARTESIAN_POINT('Ctrl Pts',(0.0168088481869106,0.00265484626892567,
-0.0117547285823505));
#4631=CARTESIAN_POINT('Ctrl Pts',(0.0168072957292146,0.00285473795042314,
-0.0117569353607171));
#4632=CARTESIAN_POINT('Ctrl Pts',(0.0166432914308418,0.00285482577863444,
-0.0116424443224613));
#4633=CARTESIAN_POINT('Ctrl Pts',(0.0164100712642477,0.00264532964520984,
-0.0123053070874988));
#4634=CARTESIAN_POINT('Ctrl Pts',(0.0164084893617501,0.00284512784095045,
-0.0123074210871303));
#4635=CARTESIAN_POINT('Ctrl Pts',(0.0162484424907034,0.00284531005339124,
-0.0121876001030938));
#4636=CARTESIAN_POINT('Ctrl Pts',(0.01555986545008,0.00262702707376476,
-0.0133641912808348));
#4637=CARTESIAN_POINT('Ctrl Pts',(0.0155582351439222,0.00282664633084917,
-0.0133660779736787));
#4638=CARTESIAN_POINT('Ctrl Pts',(0.0154066112601561,0.00282700920288076,
-0.0132360556008436));
#4639=CARTESIAN_POINT('Ctrl Pts',(0.0151084379381818,0.00261824115573443,
-0.0138724952507991));
#4640=CARTESIAN_POINT('Ctrl Pts',(0.0151067968987452,0.0028177742978548,
-0.013874285356873));
#4641=CARTESIAN_POINT('Ctrl Pts',(0.0149596302574059,0.00281822411361194,
-0.0137393532556104));
#4642=CARTESIAN_POINT('Ctrl Pts',(0.0141573841291435,0.00260148667154282,
-0.0148418157930629));
#4643=CARTESIAN_POINT('Ctrl Pts',(0.0141557400882068,0.00280085643103931,
-0.0148433739117229));
#4644=CARTESIAN_POINT('Ctrl Pts',(0.0140179441483957,0.00280147120280133,
-0.0146991273072461));
#4645=CARTESIAN_POINT('Ctrl Pts',(0.0136577593752531,0.00259351813256833,
-0.0153028307924717));
#4646=CARTESIAN_POINT('Ctrl Pts',(0.0136561236761281,0.00279280994803567,
-0.0153042922698305));
#4647=CARTESIAN_POINT('Ctrl Pts',(0.0135232405643005,0.00279350341488662,
-0.0151556017776205));
#4648=CARTESIAN_POINT('Ctrl Pts',(0.0126152397484303,0.00257847701916744,
-0.0161730253046535));
#4649=CARTESIAN_POINT('Ctrl Pts',(0.0126136464424344,0.00277762250150122,
-0.0161742591238134));
#4650=CARTESIAN_POINT('Ctrl Pts',(0.0124909893412268,0.00277846371235018,
-0.0160172261485773));
#4651=CARTESIAN_POINT('Ctrl Pts',(0.0120723465671677,0.00257140446914778,
-0.016582203405384));
#4652=CARTESIAN_POINT('Ctrl Pts',(0.0120707803031004,0.00277048089810785,
-0.0165833442722152));
#4653=CARTESIAN_POINT('Ctrl Pts',(0.01195344344398,0.00277139182846411,
-0.016422374288314));
#4654=CARTESIAN_POINT('Ctrl Pts',(0.0109486456129452,0.00255822510761556,
-0.0173446873900187));
#4655=CARTESIAN_POINT('Ctrl Pts',(0.0109471653746044,0.00275717358085615,
-0.0173456137436731));
#4656=CARTESIAN_POINT('Ctrl Pts',(0.0108408103053183,0.00275821370190852,
-0.0171773489945228));
#4657=CARTESIAN_POINT('Ctrl Pts',(0.010367839663388,0.00255211831748904,
-0.0176979920366582));
#4658=CARTESIAN_POINT('Ctrl Pts',(0.0103664040716524,0.00275100726207864,
-0.0176988327176328));
#4659=CARTESIAN_POINT('Ctrl Pts',(0.0102657250059792,0.00275210748659533,
-0.0175271739937505));
#4660=CARTESIAN_POINT('Ctrl Pts',(0.00917404272861499,0.00254093072266053,
-0.0183452435641744));
#4661=CARTESIAN_POINT('Ctrl Pts',(0.00917273335413455,0.00273971124261712,
-0.0183458911630801));
#4662=CARTESIAN_POINT('Ctrl Pts',(0.00908368612643154,0.00274092093918654,
-0.0181680511554514));
#4663=CARTESIAN_POINT('Ctrl Pts',(0.00856105368054624,0.00253584993611236,
-0.018639189394771));
#4664=CARTESIAN_POINT('Ctrl Pts',(0.00855980478645831,0.00273458099607402,
-0.0186397619023901));
#4665=CARTESIAN_POINT('Ctrl Pts',(0.00847673466540772,0.00273584063062402,
-0.0184591019697145));
#4666=CARTESIAN_POINT('Ctrl Pts',(0.00730893761122288,0.00252676447397817,
-0.0191648233075755));
#4667=CARTESIAN_POINT('Ctrl Pts',(0.00730785014391056,0.00272540761251419,
-0.0191652316069577));
#4668=CARTESIAN_POINT('Ctrl Pts',(0.00723695091508372,0.00272675601848196,
-0.01897955928617));
#4669=CARTESIAN_POINT('Ctrl Pts',(0.00666981262175005,0.00252275981313488,
-0.0193965105368486));
#4670=CARTESIAN_POINT('Ctrl Pts',(0.00666879909231666,0.002721364010386,
-0.0193968572146941));
#4671=CARTESIAN_POINT('Ctrl Pts',(0.0066041208952293,0.00272275173422366,
-0.0192089646814481));
#4672=CARTESIAN_POINT('Ctrl Pts',(0.00537172958405743,0.00251586611207725,
-0.0197953414391139));
#4673=CARTESIAN_POINT('Ctrl Pts',(0.00537090636304246,0.00271440367573446,
-0.0197955591015579));
#4674=CARTESIAN_POINT('Ctrl Pts',(0.00531882280409215,0.00271585867773823,
-0.0196038678016357));
#4675=CARTESIAN_POINT('Ctrl Pts',(0.00471277364220804,0.00251297708304958,
-0.0199624844649318));
#4676=CARTESIAN_POINT('Ctrl Pts',(0.00471203492714475,0.00271148657727556,
-0.0199626563421902));
#4677=CARTESIAN_POINT('Ctrl Pts',(0.00466635712254645,0.00271296992029678,
-0.0197693646794732));
#4678=CARTESIAN_POINT('Ctrl Pts',(0.00338152926798125,0.00250834314965659,
-0.0202305778766975));
#4679=CARTESIAN_POINT('Ctrl Pts',(0.00338100231375248,0.0027068078905825,
-0.020230660889593));
#4680=CARTESIAN_POINT('Ctrl Pts',(0.00334822422495787,0.00270833642000491,
-0.0200348178534784));
#4681=CARTESIAN_POINT('Ctrl Pts',(0.00270924299578173,0.00250659825281059,
-0.0203315278276165));
#4682=CARTESIAN_POINT('Ctrl Pts',(0.00270880782408632,0.0027050460500576,
-0.0203315826480524));
#4683=CARTESIAN_POINT('Ctrl Pts',(0.00268255948644741,0.0027065916871541,
-0.0201347735767681));
#4684=CARTESIAN_POINT('Ctrl Pts',(0.00135797005452658,0.00250426980098746,
-0.0204662389985641));
#4685=CARTESIAN_POINT('Ctrl Pts',(0.00135775985026928,0.00270269512208808,
-0.0204662485176313));
#4686=CARTESIAN_POINT('Ctrl Pts',(0.00134459523612853,0.00270426345290043,
-0.0202681580881604));
#4687=CARTESIAN_POINT('Ctrl Pts',(0.000678985578150688,0.00250368624978812,
-0.0205));
#4688=CARTESIAN_POINT('Ctrl Pts',(0.000678870865094707,0.00270210590595964,
-0.0205));
#4689=CARTESIAN_POINT('Ctrl Pts',(0.00067229825529281,0.00270367995654057,
-0.0203015865873486));
#4690=CARTESIAN_POINT('Ctrl Pts',(-0.000678985578150646,0.00250368624978812,
-0.0205));
#4691=CARTESIAN_POINT('Ctrl Pts',(-0.000678870865094666,0.00270210590595964,
-0.0205));
#4692=CARTESIAN_POINT('Ctrl Pts',(-0.000672298255292769,0.00270367995654057,
-0.0203015865873486));
#4693=CARTESIAN_POINT('Ctrl Pts',(-0.00135797005452663,0.00250426980098746,
-0.0204662389985641));
#4694=CARTESIAN_POINT('Ctrl Pts',(-0.00135775985026933,0.00270269512208808,
-0.0204662485176313));
#4695=CARTESIAN_POINT('Ctrl Pts',(-0.00134459523612858,0.00270426345290043,
-0.0202681580881604));
#4696=CARTESIAN_POINT('Ctrl Pts',(-0.00270924299578178,0.00250659825281059,
-0.0203315278276165));
#4697=CARTESIAN_POINT('Ctrl Pts',(-0.00270880782408637,0.0027050460500576,
-0.0203315826480524));
#4698=CARTESIAN_POINT('Ctrl Pts',(-0.00268255948644746,0.0027065916871541,
-0.0201347735767681));
#4699=CARTESIAN_POINT('Ctrl Pts',(-0.00338152926798042,0.00250834314965659,
-0.0202305778766977));
#4700=CARTESIAN_POINT('Ctrl Pts',(-0.00338100231375186,0.00270680789058235,
-0.0202306608895943));
#4701=CARTESIAN_POINT('Ctrl Pts',(-0.00334822422495753,0.00270833642000489,
-0.0200348178534796));
#4702=CARTESIAN_POINT('Ctrl Pts',(-0.00471277364220878,0.00251297708304958,
-0.0199624844649317));
#4703=CARTESIAN_POINT('Ctrl Pts',(-0.00471203492714529,0.0027114865772757,
-0.019962656342189));
#4704=CARTESIAN_POINT('Ctrl Pts',(-0.0046663571225467,0.0027129699202968,
-0.019769364679472));
#4705=CARTESIAN_POINT('Ctrl Pts',(-0.00537172958405747,0.0025158661120774,
-0.0197953414391139));
#4706=CARTESIAN_POINT('Ctrl Pts',(-0.0053709063630425,0.00271440367573461,
-0.0197955591015579));
#4707=CARTESIAN_POINT('Ctrl Pts',(-0.00531882280409219,0.00271585867773823,
-0.0196038678016357));
#4708=CARTESIAN_POINT('Ctrl Pts',(-0.00666981262175009,0.00252275981313474,
-0.0193965105368486));
#4709=CARTESIAN_POINT('Ctrl Pts',(-0.0066687990923167,0.00272136401038585,
-0.0193968572146941));
#4710=CARTESIAN_POINT('Ctrl Pts',(-0.00660412089522934,0.00272275173422366,
-0.0192089646814481));
#4711=CARTESIAN_POINT('Ctrl Pts',(-0.00730893761122292,0.00252676447397817,
-0.0191648233075755));
#4712=CARTESIAN_POINT('Ctrl Pts',(-0.0073078501439106,0.00272540761251419,
-0.0191652316069576));
#4713=CARTESIAN_POINT('Ctrl Pts',(-0.00723695091508376,0.00272675601848196,
-0.01897955928617));
#4714=CARTESIAN_POINT('Ctrl Pts',(-0.00856105368054629,0.00253584993611236,
-0.0186391893947709));
#4715=CARTESIAN_POINT('Ctrl Pts',(-0.00855980478645835,0.00273458099607402,
-0.0186397619023901));
#4716=CARTESIAN_POINT('Ctrl Pts',(-0.00847673466540777,0.00273584063062402,
-0.0184591019697145));
#4717=CARTESIAN_POINT('Ctrl Pts',(-0.00917404272861499,0.00254093072266053,
-0.0183452435641744));
#4718=CARTESIAN_POINT('Ctrl Pts',(-0.00917273335413517,0.00273971124261697,
-0.0183458911630812));
#4719=CARTESIAN_POINT('Ctrl Pts',(-0.00908368612643157,0.00274092093918652,
-0.0181680511554526));
#4720=CARTESIAN_POINT('Ctrl Pts',(-0.010367839663388,0.00255211831748904,
-0.0176979920366581));
#4721=CARTESIAN_POINT('Ctrl Pts',(-0.0103664040716519,0.00275100726207879,
-0.0176988327176316));
#4722=CARTESIAN_POINT('Ctrl Pts',(-0.0102657250059792,0.00275210748659535,
-0.0175271739937493));
#4723=CARTESIAN_POINT('Ctrl Pts',(-0.0109486456129451,0.00255822510761556,
-0.0173446873900187));
#4724=CARTESIAN_POINT('Ctrl Pts',(-0.0109471653746033,0.00275717358085644,
-0.0173456137436734));
#4725=CARTESIAN_POINT('Ctrl Pts',(-0.010840810305319,0.00275821370190852,
-0.0171773489945228));
#4726=CARTESIAN_POINT('Ctrl Pts',(-0.0120723465671677,0.00257140446914778,
-0.0165822034053841));
#4727=CARTESIAN_POINT('Ctrl Pts',(-0.0120707803031004,0.00277048089810755,
-0.0165833442722156));
#4728=CARTESIAN_POINT('Ctrl Pts',(-0.0119534434439794,0.00277139182846412,
-0.016422374288314));
#4729=CARTESIAN_POINT('Ctrl Pts',(-0.01261523974843,0.00257847701916744,
-0.0161730253046537));
#4730=CARTESIAN_POINT('Ctrl Pts',(-0.0126136464424339,0.00277762250150065,
-0.0161742591238128));
#4731=CARTESIAN_POINT('Ctrl Pts',(-0.0124909893412262,0.00277846371235018,
-0.0160172261485773));
#4732=CARTESIAN_POINT('Ctrl Pts',(-0.0136577593752535,0.00259351813256833,
-0.0153028307924714));
#4733=CARTESIAN_POINT('Ctrl Pts',(-0.01365612367613,0.00279280994803627,
-0.0153042922698299));
#4734=CARTESIAN_POINT('Ctrl Pts',(-0.0135232405643011,0.00279350341488662,
-0.0151556017776205));
#4735=CARTESIAN_POINT('Ctrl Pts',(-0.0141573841291432,0.00260148667154282,
-0.0148418157930632));
#4736=CARTESIAN_POINT('Ctrl Pts',(-0.0141557400882061,0.00280085643103974,
-0.0148433739117236));
#4737=CARTESIAN_POINT('Ctrl Pts',(-0.0140179441483957,0.00280147120280132,
-0.0146991273072467));
#4738=CARTESIAN_POINT('Ctrl Pts',(-0.0151084379381821,0.00261824115573443,
-0.0138724952507988));
#4739=CARTESIAN_POINT('Ctrl Pts',(-0.0151067968987445,0.00281777429785434,
-0.0138742853568738));
#4740=CARTESIAN_POINT('Ctrl Pts',(-0.0149596302574059,0.00281822411361195,
-0.0137393532556098));
#4741=CARTESIAN_POINT('Ctrl Pts',(-0.0155598654500788,0.00262702707376476,
-0.0133641912808363));
#4742=CARTESIAN_POINT('Ctrl Pts',(-0.0155582351439198,0.00282664633084917,
-0.0133660779736794));
#4743=CARTESIAN_POINT('Ctrl Pts',(-0.015406611260155,0.00282700920288074,
-0.0132360556008447));
#4744=CARTESIAN_POINT('Ctrl Pts',(-0.0164100712642489,0.00264532964520984,
-0.0123053070874972));
#4745=CARTESIAN_POINT('Ctrl Pts',(-0.0164084893617523,0.00284512784095045,
-0.0123074210871299));
#4746=CARTESIAN_POINT('Ctrl Pts',(-0.0162484424907045,0.00284531005339126,
-0.0121876001030926));
#4747=CARTESIAN_POINT('Ctrl Pts',(-0.0168088481869097,0.00265484626892567,
-0.0117547285823518));
#4748=CARTESIAN_POINT('Ctrl Pts',(-0.0168072957292136,0.00285473795042315,
-0.0117569353607181));
#4749=CARTESIAN_POINT('Ctrl Pts',(-0.0166432914308407,0.00285482577863443,
-0.0116424443224619));
#4750=CARTESIAN_POINT('Ctrl Pts',(-0.0175498186979061,0.00267451637215571,
-0.0106167266653127));
#4751=CARTESIAN_POINT('Ctrl Pts',(-0.0175483582896493,0.00287460089957171,
-0.0106191472114089));
#4752=CARTESIAN_POINT('Ctrl Pts',(-0.0173769630964601,0.00287449402980427,
-0.0105156504579803));
#4753=CARTESIAN_POINT('Ctrl Pts',(-0.0178920110838828,0.00268466981975148,
-0.0100293051000332));
#4754=CARTESIAN_POINT('Ctrl Pts',(-0.017890597739685,0.00288485432915332,
-0.0100318109976703));
#4755=CARTESIAN_POINT('Ctrl Pts',(-0.0177157847792935,0.00288464651790084,
-0.0099340145414165));
#4756=CARTESIAN_POINT('Ctrl Pts',(-0.0185164365932591,0.00270551340855077,
-0.00882341188561163));
#4757=CARTESIAN_POINT('Ctrl Pts',(-0.0185151554817522,0.00290590287882353,
-0.00882610964732078));
#4758=CARTESIAN_POINT('Ctrl Pts',(-0.0183340591972445,0.00290548814126812,
-0.00873999819837236));
#4759=CARTESIAN_POINT('Ctrl Pts',(-0.0187986687034164,0.00271620351593219,
-0.00820494219324717));
#4760=CARTESIAN_POINT('Ctrl Pts',(-0.0187974504920153,0.00291669852221656,
-0.00820771453493585));
#4761=CARTESIAN_POINT('Ctrl Pts',(-0.0186135111407786,0.00291617723742413,
-0.00812762001277265));
#4762=CARTESIAN_POINT('Ctrl Pts',(-0.0193003892329986,0.00273801496761297,
-0.00694305385763988));
#4763=CARTESIAN_POINT('Ctrl Pts',(-0.0192993383924985,0.00293872512725743,
-0.00694598861545127));
#4764=CARTESIAN_POINT('Ctrl Pts',(-0.0191102890315784,0.00293798662922301,
-0.00687816022835051));
#4765=CARTESIAN_POINT('Ctrl Pts',(-0.0195198768382926,0.00274913627651912,
-0.00629963726203533));
#4766=CARTESIAN_POINT('Ctrl Pts',(-0.0195189023243887,0.00294995652392102,
-0.00630263288990061));
#4767=CARTESIAN_POINT('Ctrl Pts',(-0.0193276144400199,0.00294910688500846,
-0.00624108091295783));
#4768=CARTESIAN_POINT('Ctrl Pts',(-0.0198939428985657,0.00277170042039323,
-0.00499420237514888));
#4769=CARTESIAN_POINT('Ctrl Pts',(-0.0198931644519119,0.00297274397605964,
-0.00499732454512921));
#4770=CARTESIAN_POINT('Ctrl Pts',(-0.0196979950963773,0.0029716688944754,
-0.00494850367172085));
#4771=CARTESIAN_POINT('Ctrl Pts',(-0.0200485207465558,0.00278314321874641,
-0.00433218620216838));
#4772=CARTESIAN_POINT('Ctrl Pts',(-0.0200478291064915,0.0029843003598971,
-0.00433535311677192));
#4773=CARTESIAN_POINT('Ctrl Pts',(-0.0198510500557673,0.00298311060808221,
-0.0042930080417544));
#4774=CARTESIAN_POINT('Ctrl Pts',(-0.0202912421635395,0.00280623745879284,
-0.00299608292207206));
#4775=CARTESIAN_POINT('Ctrl Pts',(-0.0202907676899376,0.00300762392708926,
-0.00299933545454171));
#4776=CARTESIAN_POINT('Ctrl Pts',(-0.0200913796873408,0.00300620265994129,
-0.00297006467848745));
#4777=CARTESIAN_POINT('Ctrl Pts',(-0.0203793853386744,0.00281788886301115,
-0.00232199798302187));
#4778=CARTESIAN_POINT('Ctrl Pts',(-0.0203790047793631,0.00301939131785518,
-0.00232527733983601));
#4779=CARTESIAN_POINT('Ctrl Pts',(-0.0201786543150238,0.00301785295840005,
-0.00230261922495842));
#4780=CARTESIAN_POINT('Ctrl Pts',(-0.0204883676576124,0.00284128537379283,
-0.000968407012489927));
#4781=CARTESIAN_POINT('Ctrl Pts',(-0.0204882169005385,0.00304302095851104,
-0.000971727595226036));
#4782=CARTESIAN_POINT('Ctrl Pts',(-0.0202865620921645,0.00304124724858807,
-0.000962360631605685));
#4783=CARTESIAN_POINT('Ctrl Pts',(-0.0205092066341972,0.00285303043364635,
-0.000288903683341686));
#4784=CARTESIAN_POINT('Ctrl Pts',(-0.0205091532301019,0.00305488327618384,
-0.000292232082672308));
#4785=CARTESIAN_POINT('Ctrl Pts',(-0.0203071954409853,0.00305299119252596,
-0.000289550229749424));
#4786=CARTESIAN_POINT('Ctrl Pts',(-0.020496290677939,0.00286476442947518,
0.000389959543325494));
#4787=CARTESIAN_POINT('Ctrl Pts',(-0.020496357726331,0.00306673114152673,
0.00038643547690657));
#4788=CARTESIAN_POINT('Ctrl Pts',(-0.0202944061162406,0.00306472410547563,
0.000382628206925121));
#4789=CARTESIAN_POINT('Origin',(-0.00899999999999999,0.0122,-0.00155));
#4790=CARTESIAN_POINT('Origin',(0.00900000000000001,0.0122,0.00155));
#4791=CARTESIAN_POINT('Origin',(0.00900000000000001,0.0041,0.00095));
#4792=CARTESIAN_POINT('Origin',(-1.02541432135518E-19,0.0041,-0.000950000000000001));
#4793=CARTESIAN_POINT('Ctrl Pts',(0.00886124826005754,0.0122052357219312,
0.00160340826959504));
#4794=CARTESIAN_POINT('Ctrl Pts',(0.00892517599120918,0.012206369705005,
0.00125));
#4795=CARTESIAN_POINT('Ctrl Pts',(0.00856608704316968,0.0122,0.00125));
#4796=CARTESIAN_POINT('Ctrl Pts',(0.00890919456860432,0.00950523594396844,
0.00160311912477922));
#4797=CARTESIAN_POINT('Ctrl Pts',(0.00897268472282668,0.00950794449587816,
0.00125000000000029));
#4798=CARTESIAN_POINT('Ctrl Pts',(0.0086139810320872,0.00950000022203501,
0.00125));
#4799=CARTESIAN_POINT('Ctrl Pts',(0.00895712686229675,0.00680523594030651,
0.00160283467490669));
#4800=CARTESIAN_POINT('Ctrl Pts',(0.00902021605918982,0.00680788348564105,
0.00125));
#4801=CARTESIAN_POINT('Ctrl Pts',(0.00866186229413765,0.00680000021837326,
0.00125));
#4802=CARTESIAN_POINT('Ctrl Pts',(0.00900504584206351,0.00410523572193119,
0.00160255469842058));
#4803=CARTESIAN_POINT('Ctrl Pts',(0.00906776741640758,0.00410634773248605,
0.00125));
#4804=CARTESIAN_POINT('Ctrl Pts',(0.00870973144876412,0.0041,0.00125));
#4805=CARTESIAN_POINT('Origin',(0.,0.0019,0.));
#4806=CARTESIAN_POINT('Origin',(-1.14933765293344E-18,0.0019,0.00938505415384789));
#4807=CARTESIAN_POINT('Origin',(7.77650717458569E-19,0.0102,0.014675));
#4808=CARTESIAN_POINT('',(-0.0011,0.0102,0.0247));
#4809=CARTESIAN_POINT('',(-0.0011,0.0102,0.014675));
#4810=CARTESIAN_POINT('Origin',(7.77650717458569E-19,0.0102,0.0247));
#4811=CARTESIAN_POINT('Ctrl Pts',(-0.00163490696530769,-0.000615923511783809,
0.0186870721236155));
#4812=CARTESIAN_POINT('Ctrl Pts',(-0.000547729473490373,-0.000617578589053226,
0.0187821878293926));
#4813=CARTESIAN_POINT('Ctrl Pts',(0.00054773717877679,-0.000617578577323003,
0.0187821871552619));
#4814=CARTESIAN_POINT('Ctrl Pts',(0.00272207675183865,-0.000614268446244615,
0.0185919570919691));
#4815=CARTESIAN_POINT('Ctrl Pts',(0.00380090839238328,-0.000610958366279509,
0.0184017299660967));
#4816=CARTESIAN_POINT('Ctrl Pts',(0.00590918175778662,-0.000601128549702136,
0.0178368198204116));
#4817=CARTESIAN_POINT('Ctrl Pts',(0.00693859092783893,-0.000594608964876534,
0.0174621455236325));
#4818=CARTESIAN_POINT('Ctrl Pts',(0.00891673926621558,-0.000578558136803064,
0.0165397198044811));
#4819=CARTESIAN_POINT('Ctrl Pts',(0.00986544154455127,-0.00056902721870504,
0.0159919870681714));
#4820=CARTESIAN_POINT('Ctrl Pts',(0.0107594070265884,-0.000558135069762336,
0.0153660256987491));
#4821=CARTESIAN_POINT('Ctrl Pts',(-0.00162970462495969,0.00280372354222576,
0.0186276091013411));
#4822=CARTESIAN_POINT('Ctrl Pts',(-0.000545986576050467,0.00280206846495632,
0.0187224221450827));
#4823=CARTESIAN_POINT('Ctrl Pts',(0.000545994256833272,0.00280206847668657,
0.0187224214730954));
#4824=CARTESIAN_POINT('Ctrl Pts',(0.00271341499308617,0.00280537860776496,
0.0185327967295868));
#4825=CARTESIAN_POINT('Ctrl Pts',(0.00378881374754515,0.00280868868773006,
0.0183431749141544));
#4826=CARTESIAN_POINT('Ctrl Pts',(0.00589037850149468,0.00281851850430744,
0.0177800623354893));
#4827=CARTESIAN_POINT('Ctrl Pts',(0.00691651204976964,0.00282503808913304,
0.0174065802675378));
#4828=CARTESIAN_POINT('Ctrl Pts',(0.00888836583981147,0.00284108891720651,
0.016487089744477));
#4829=CARTESIAN_POINT('Ctrl Pts',(0.00983404930891034,0.00285061983530369,
0.0159410999160249));
#4830=CARTESIAN_POINT('Ctrl Pts',(0.0107251701565507,0.00286151198424724,
0.0153171303810477));
#4831=CARTESIAN_POINT('',(-0.00162981238938122,0.00273288690679021,0.0186288408543156));
#4832=CARTESIAN_POINT('',(0.0107258793597646,0.00279067534881168,0.0153181432282041));
#4833=CARTESIAN_POINT('Ctrl Pts',(-0.00136326066762108,-0.000557130126465228,
0.0155821407332063));
#4834=CARTESIAN_POINT('Ctrl Pts',(-0.00156650704165153,-0.000556831364264928,
0.0155643589795906));
#4835=CARTESIAN_POINT('Ctrl Pts',(-0.00177313519285762,-0.000557211697120759,
0.0155869956623018));
#4836=CARTESIAN_POINT('Ctrl Pts',(-0.00216222491843589,-0.000559272911323354,
0.0157096751815417));
#4837=CARTESIAN_POINT('Ctrl Pts',(-0.00234449683947933,-0.000560953035986344,
0.0158096729817001));
#4838=CARTESIAN_POINT('Ctrl Pts',(-0.00265702145375005,-0.000565359079875499,
0.0160719122702692));
#4839=CARTESIAN_POINT('Ctrl Pts',(-0.00278715124955799,-0.000568083266465653,
0.0162340506354975));
#4840=CARTESIAN_POINT('Ctrl Pts',(-0.00297553171304002,-0.000574163359800219,
0.0165959261389174));
#4841=CARTESIAN_POINT('Ctrl Pts',(-0.0030337083018321,-0.000577516875603958,
0.0167955209728971));
#4842=CARTESIAN_POINT('Ctrl Pts',(-0.00306926539663086,-0.000584345379289929,
0.0172019404261816));
#4843=CARTESIAN_POINT('Ctrl Pts',(-0.00304663192013714,-0.000587817681925827,
0.0174086052247724));
#4844=CARTESIAN_POINT('Ctrl Pts',(-0.00292395240089483,-0.000594355018177557,
0.0177976949503576));
#4845=CARTESIAN_POINT('Ctrl Pts',(-0.00282395460073778,-0.000597417481045906,
0.0179799668713968));
#4846=CARTESIAN_POINT('Ctrl Pts',(-0.00256171531216844,-0.00060266839967996,
0.0182924914856692));
#4847=CARTESIAN_POINT('Ctrl Pts',(-0.00239957694693765,-0.000604854790570349,
0.0184226212814773));
#4848=CARTESIAN_POINT('Ctrl Pts',(-0.0020377014435229,-0.000608019886824595,
0.0186110017449573));
#4849=CARTESIAN_POINT('Ctrl Pts',(-0.00183814324768582,-0.00060899729368714,
0.0186691751283127));
#4850=CARTESIAN_POINT('Ctrl Pts',(-0.00163489688289838,-0.000609296055874241,
0.0186869568811497));
#4851=CARTESIAN_POINT('Ctrl Pts',(-0.00136844057563156,0.00284777151071542,
0.0156413473526895));
#4852=CARTESIAN_POINT('Ctrl Pts',(-0.0015639354245492,0.00284807027291627,
0.0156242437696446));
#4853=CARTESIAN_POINT('Ctrl Pts',(-0.00176268307378806,0.00284768994005989,
0.0156460171217462));
#4854=CARTESIAN_POINT('Ctrl Pts',(-0.00213693347476262,0.00284562872585729,
0.0157640178199105));
#4855=CARTESIAN_POINT('Ctrl Pts',(-0.00231225380591633,0.0028439486011943,
0.015860201847259));
#4856=CARTESIAN_POINT('Ctrl Pts',(-0.00261285917921782,0.00283954255730515,
0.016112439705126));
#4857=CARTESIAN_POINT('Ctrl Pts',(-0.00273802601107766,0.00283681837071499,
0.0162683943454346));
#4858=CARTESIAN_POINT('Ctrl Pts',(-0.00291922191361438,0.00283073827738043,
0.0166164684356879));
#4859=CARTESIAN_POINT('Ctrl Pts',(-0.00297517973067161,0.00282738476157669,
0.0168084510087007));
#4860=CARTESIAN_POINT('Ctrl Pts',(-0.00300938072882481,0.00282055625789072,
0.017199370206399));
#4861=CARTESIAN_POINT('Ctrl Pts',(-0.00298761046069285,0.00281708395525482,
0.0173981531057026));
#4862=CARTESIAN_POINT('Ctrl Pts',(-0.002869609762526,0.00281054661900309,
0.0177724035066846));
#4863=CARTESIAN_POINT('Ctrl Pts',(-0.00277342573517931,0.00280748415613474,
0.017947723837834));
#4864=CARTESIAN_POINT('Ctrl Pts',(-0.00252118787731115,0.00280223323750069,
0.0182483292111367));
#4865=CARTESIAN_POINT('Ctrl Pts',(-0.00236523323700095,0.0028000468466103,
0.0183734960429971));
#4866=CARTESIAN_POINT('Ctrl Pts',(-0.00201715914675208,0.00279688175035605,
0.0185546919455314));
#4867=CARTESIAN_POINT('Ctrl Pts',(-0.00182521181419631,0.00279590434349296,
0.0186106466794347));
#4868=CARTESIAN_POINT('Ctrl Pts',(-0.0016297169748879,0.00279560558130641,
0.0186277502616665));
#4869=CARTESIAN_POINT('',(-0.00136834516113825,0.00278505283619922,0.0156402567600404));
#4870=CARTESIAN_POINT('Ctrl Pts',(-0.00136317227724179,-0.000615231650003723,
0.0155811304265478));
#4871=CARTESIAN_POINT('Ctrl Pts',(-0.000456692429421208,-0.000616621206855449,
0.0156604371369469));
#4872=CARTESIAN_POINT('Ctrl Pts',(0.000456698854101719,-0.000616621197007004,
0.0156604365748586));
#4873=CARTESIAN_POINT('Ctrl Pts',(0.00226964570038191,-0.000613842103000442,
0.015501824278237));
#4874=CARTESIAN_POINT('Ctrl Pts',(0.00316916684500377,-0.000611063051905721,
0.0153432144307214));
#4875=CARTESIAN_POINT('Ctrl Pts',(0.00492702821875579,-0.000602810211251468,
0.0148721968952178));
#4876=CARTESIAN_POINT('Ctrl Pts',(0.00578534130499618,-0.000597336549123156,
0.0145597964801453));
#4877=CARTESIAN_POINT('Ctrl Pts',(0.00743470547789938,-0.000583860720208253,
0.0137906853352347));
#4878=CARTESIAN_POINT('Ctrl Pts',(0.00822572580680898,-0.000575858826402893,
0.0133339901853394));
#4879=CARTESIAN_POINT('Ctrl Pts',(0.00897110703509994,-0.000566714081033824,
0.0128120686304482));
#4880=CARTESIAN_POINT('Ctrl Pts',(-0.00136843563714992,0.00284452530552212,
0.0156412909055859));
#4881=CARTESIAN_POINT('Ctrl Pts',(-0.000458455769744519,0.00284313574867041,
0.0157209038280179));
#4882=CARTESIAN_POINT('Ctrl Pts',(0.000458462219216264,0.00284313575851884,
0.0157209032637636));
#4883=CARTESIAN_POINT('Ctrl Pts',(0.00227840905508361,0.0028459148525254,
0.0155616785474082));
#4884=CARTESIAN_POINT('Ctrl Pts',(0.00318140335097821,0.00284869390362012,
0.0154024562896157));
#4885=CARTESIAN_POINT('Ctrl Pts',(0.00494605202317524,0.00285694674427437,
0.0149296201029739));
#4886=CARTESIAN_POINT('Ctrl Pts',(0.00580767915178825,0.00286242040640268,
0.0146160134751234));
#4887=CARTESIAN_POINT('Ctrl Pts',(0.00746341170336602,0.00287589623531759,
0.0138439327064663));
#4888=CARTESIAN_POINT('Ctrl Pts',(0.00825748624988733,0.00288389812912382,
0.0133854742057072));
#4889=CARTESIAN_POINT('Ctrl Pts',(0.00900574547800869,0.00289304287449202,
0.012861537453645));
#4890=CARTESIAN_POINT('',(0.00900515005071143,0.00283357040516912,0.0128606870953372));
#4891=CARTESIAN_POINT('Ctrl Pts',(0.0107599792633344,-0.00061529122044759,
0.0153668429375174));
#4892=CARTESIAN_POINT('Ctrl Pts',(0.010927224287406,-0.000613325051289092,
0.0152497367109161));
#4893=CARTESIAN_POINT('Ctrl Pts',(0.0110710627709185,-0.000610802141807698,
0.0150994706932992));
#4894=CARTESIAN_POINT('Ctrl Pts',(0.0112904225267641,-0.000605021041378841,
0.0147551448483474));
#4895=CARTESIAN_POINT('Ctrl Pts',(0.0113658274062631,-0.000601765478030162,
0.0145612415223951));
#4896=CARTESIAN_POINT('Ctrl Pts',(0.0114367215987481,-0.000595015027155107,
0.0141591805774375));
#4897=CARTESIAN_POINT('Ctrl Pts',(0.0114321830332458,-0.000591522794181537,
0.0139511810652017));
#4898=CARTESIAN_POINT('Ctrl Pts',(0.0113438186642204,-0.00058483068781322,
0.0135525951544182));
#4899=CARTESIAN_POINT('Ctrl Pts',(0.0112600276091725,-0.000581633446027771,
0.0133621654961146));
#4900=CARTESIAN_POINT('Ctrl Pts',(0.011025857352797,-0.000576018496696561,
0.013027735711234));
#4901=CARTESIAN_POINT('Ctrl Pts',(0.0108755702367647,-0.000573602997177999,
0.0128838670960894));
#4902=CARTESIAN_POINT('Ctrl Pts',(0.0105312443918166,-0.000569920030020042,
0.0126645073402454));
#4903=CARTESIAN_POINT('Ctrl Pts',(0.0103373410658582,-0.000568654010673486,
0.0125891024607448));
#4904=CARTESIAN_POINT('Ctrl Pts',(0.00993528012090903,-0.000567463724052336,
0.0125182082682614));
#4905=CARTESIAN_POINT('Ctrl Pts',(0.00972728060866494,-0.000567539924846902,
0.0125227468337638));
#4906=CARTESIAN_POINT('Ctrl Pts',(0.00932869469788964,-0.000569023529110526,
0.0126111112027874));
#4907=CARTESIAN_POINT('Ctrl Pts',(0.0091382952123152,-0.00057042999444904,
0.01269488113068));
#4908=CARTESIAN_POINT('Ctrl Pts',(0.00897105014714163,-0.000572396164090151,
0.0128119873860239));
#4909=CARTESIAN_POINT('Ctrl Pts',(0.0107253071230186,0.00284783149949693,
0.0153173259894359));
#4910=CARTESIAN_POINT('Ctrl Pts',(0.0108860692246059,0.00284979766863556,
0.0152047591540277));
#4911=CARTESIAN_POINT('Ctrl Pts',(0.0110243320968939,0.00285232057813683,
0.0150603178987038));
#4912=CARTESIAN_POINT('Ctrl Pts',(0.0112351888079121,0.00285810167856568,
0.0147293391605798));
#4913=CARTESIAN_POINT('Ctrl Pts',(0.0113076707671689,0.00286135724191436,
0.0145429521115603));
#4914=CARTESIAN_POINT('Ctrl Pts',(0.0113758168872268,0.00286810769278942,
0.0141564762597991));
#4915=CARTESIAN_POINT('Ctrl Pts',(0.0113714542501929,0.00287159992576299,
0.013956539435133));
#4916=CARTESIAN_POINT('Ctrl Pts',(0.0112865151502563,0.0028782920321313,
0.013573403914755));
#4917=CARTESIAN_POINT('Ctrl Pts',(0.0112059720888729,0.00288148927391675,
0.0133903558835639));
#4918=CARTESIAN_POINT('Ctrl Pts',(0.0109808789769335,0.00288710422324796,
0.0130688896044164));
#4919=CARTESIAN_POINT('Ctrl Pts',(0.0108364174421694,0.00288951972276652,
0.0129305977701139));
#4920=CARTESIAN_POINT('Ctrl Pts',(0.0105054387040489,0.00289320268992448,
0.0127197410590975));
#4921=CARTESIAN_POINT('Ctrl Pts',(0.0103190516550235,0.00289446870927104,
0.012647259099839));
#4922=CARTESIAN_POINT('Ctrl Pts',(0.00993257580327067,0.00289565899589219,
0.0125791129797827));
#4923=CARTESIAN_POINT('Ctrl Pts',(0.00973263897859623,0.00289558279509762,
0.0125834756168165));
#4924=CARTESIAN_POINT('Ctrl Pts',(0.00934950345822651,0.002894099190834,
0.0126684147167517));
#4925=CARTESIAN_POINT('Ctrl Pts',(0.00916648443180322,0.00289269272551535,
0.0127489374687948));
#4926=CARTESIAN_POINT('Ctrl Pts',(0.00900572228745749,0.00289072655585437,
0.0128615043341055));
#4927=CARTESIAN_POINT('Ctrl Pts',(-0.00900000000000001,-0.000605192828491387,
-0.0168972691594377));
#4928=CARTESIAN_POINT('Ctrl Pts',(-0.00917132311249455,-0.000605192828490996,
-0.0168972691594161));
#4929=CARTESIAN_POINT('Ctrl Pts',(-0.00934257876045929,-0.000604624942601485,
-0.0168632042821689));
#4930=CARTESIAN_POINT('Ctrl Pts',(-0.00965914249332016,-0.000602438995125333,
-0.0167320792906626));
#4931=CARTESIAN_POINT('Ctrl Pts',(-0.00980432606779358,-0.00060082179293448,
-0.016635070727623));
#4932=CARTESIAN_POINT('Ctrl Pts',(-0.0100466134595032,-0.000596782688669734,
-0.0163927833359135));
#4933=CARTESIAN_POINT('Ctrl Pts',(-0.0101436220225412,-0.000594362374551544,
-0.0162475997614438));
#4934=CARTESIAN_POINT('Ctrl Pts',(-0.0102747470140505,-0.000589085030507899,
-0.0159310360285754));
#4935=CARTESIAN_POINT('Ctrl Pts',(-0.0103088118913177,-0.000586230075346675,
-0.0157597803257967));
#4936=CARTESIAN_POINT('Ctrl Pts',(-0.0103088118913177,-0.000580517919315554,
-0.0154171342104431));
#4937=CARTESIAN_POINT('Ctrl Pts',(-0.0102747470140504,-0.000577662964154365,
-0.0152458785076642));
#4938=CARTESIAN_POINT('Ctrl Pts',(-0.0101436220225413,-0.000572385620110649,
-0.0149293147747962));
#4939=CARTESIAN_POINT('Ctrl Pts',(-0.0100466134595032,-0.000569965305992495,
-0.0147841312003265));
#4940=CARTESIAN_POINT('Ctrl Pts',(-0.00980432606779356,-0.000565926201727748,
-0.0145418438086166));
#4941=CARTESIAN_POINT('Ctrl Pts',(-0.00965914249332018,-0.000564308999536895,
-0.0144448352455774));
#4942=CARTESIAN_POINT('Ctrl Pts',(-0.00934257876045927,-0.000562123052060743,
-0.0143137102540708));
#4943=CARTESIAN_POINT('Ctrl Pts',(-0.00917132305767119,-0.000561555166170842,
-0.0142796453768022));
#4944=CARTESIAN_POINT('Ctrl Pts',(-0.00882867694232883,-0.000561555166170842,
-0.0142796453768022));
#4945=CARTESIAN_POINT('Ctrl Pts',(-0.00865742123954076,-0.000562123052060743,
-0.0143137102540709));
#4946=CARTESIAN_POINT('Ctrl Pts',(-0.00834085750667985,-0.000564308999536895,
-0.0144448352455772));
#4947=CARTESIAN_POINT('Ctrl Pts',(-0.0081956739322066,-0.000565926201727748,
-0.0145418438086167));
#4948=CARTESIAN_POINT('Ctrl Pts',(-0.00795338654049671,-0.000569965305992495,
-0.0147841312003264));
#4949=CARTESIAN_POINT('Ctrl Pts',(-0.00785637797745886,-0.000572385620110649,
-0.0149293147747962));
#4950=CARTESIAN_POINT('Ctrl Pts',(-0.0077252529859495,-0.000577662964154365,
-0.0152458785076642));
#4951=CARTESIAN_POINT('Ctrl Pts',(-0.00769118810868228,-0.000580517919315555,
-0.0154171342104431));
#4952=CARTESIAN_POINT('Ctrl Pts',(-0.00769118810868228,-0.000586230075346674,
-0.0157597803257967));
#4953=CARTESIAN_POINT('Ctrl Pts',(-0.00772525298594949,-0.000589085030507899,
-0.0159310360285757));
#4954=CARTESIAN_POINT('Ctrl Pts',(-0.00785637797745885,-0.000594362374551544,
-0.0162475997614435));
#4955=CARTESIAN_POINT('Ctrl Pts',(-0.00795338654049677,-0.000596782688669735,
-0.0163927833359138));
#4956=CARTESIAN_POINT('Ctrl Pts',(-0.00819567393220653,-0.000600821792934479,
-0.0166350707276227));
#4957=CARTESIAN_POINT('Ctrl Pts',(-0.00834085750667984,-0.000602438995125333,
-0.0167320792906623));
#4958=CARTESIAN_POINT('Ctrl Pts',(-0.00865742123954075,-0.000604624942601485,
-0.0168632042821692));
#4959=CARTESIAN_POINT('Ctrl Pts',(-0.00882867688750548,-0.000605192828491777,
-0.0168972691594592));
#4960=CARTESIAN_POINT('Ctrl Pts',(-0.00900000000000002,-0.000605192828491387,
-0.0168972691594377));
#4961=CARTESIAN_POINT('Ctrl Pts',(-0.00900000000000001,0.00281650336331832,
-0.016837543230245));
#4962=CARTESIAN_POINT('Ctrl Pts',(-0.00916350500497722,0.00281650336331871,
-0.0168375432302242));
#4963=CARTESIAN_POINT('Ctrl Pts',(-0.00932694562408127,0.00281707124920822,
-0.0168050328593656));
#4964=CARTESIAN_POINT('Ctrl Pts',(-0.00962906338252889,0.00281925719668437,
-0.0166798915863832));
#4965=CARTESIAN_POINT('Ctrl Pts',(-0.00976762169332117,0.00282087439887523,
-0.0165873098830058));
#4966=CARTESIAN_POINT('Ctrl Pts',(-0.00999885261488595,0.00282491350313997,
-0.0163560789614411));
#4967=CARTESIAN_POINT('Ctrl Pts',(-0.0100914343182616,0.00282733381725816,
-0.0162175206506523));
#4968=CARTESIAN_POINT('Ctrl Pts',(-0.0102165755912474,0.00283261116130181,
-0.0159154028921976));
#4969=CARTESIAN_POINT('Ctrl Pts',(-0.0102490859621251,0.00283546611646303,
-0.0157519622207813));
#4970=CARTESIAN_POINT('Ctrl Pts',(-0.0102490859621251,0.00284117827249415,
-0.0154249523154585));
#4971=CARTESIAN_POINT('Ctrl Pts',(-0.0102165755912473,0.00284403322765534,
-0.015261511644042));
#4972=CARTESIAN_POINT('Ctrl Pts',(-0.0100914343182617,0.00284931057169906,
-0.0149593938855876));
#4973=CARTESIAN_POINT('Ctrl Pts',(-0.00999885261488597,0.00285173088581721,
-0.0148208355747989));
#4974=CARTESIAN_POINT('Ctrl Pts',(-0.00976762169332115,0.00285576999008196,
-0.0145896046532338));
#4975=CARTESIAN_POINT('Ctrl Pts',(-0.00962906338252891,0.00285738719227281,
-0.0144970229498569));
#4976=CARTESIAN_POINT('Ctrl Pts',(-0.00932694562408125,0.00285957313974896,
-0.0143718816768739));
#4977=CARTESIAN_POINT('Ctrl Pts',(-0.00916350495265581,0.00286014102563887,
-0.0143393713059948));
#4978=CARTESIAN_POINT('Ctrl Pts',(-0.00883649504734422,0.00286014102563887,
-0.0143393713059948));
#4979=CARTESIAN_POINT('Ctrl Pts',(-0.00867305437591878,0.00285957313974896,
-0.0143718816768741));
#4980=CARTESIAN_POINT('Ctrl Pts',(-0.00837093661747111,0.00285738719227281,
-0.0144970229498567));
#4981=CARTESIAN_POINT('Ctrl Pts',(-0.00823237830667901,0.00285576999008196,
-0.0145896046532339));
#4982=CARTESIAN_POINT('Ctrl Pts',(-0.00800114738511391,0.00285173088581721,
-0.0148208355747988));
#4983=CARTESIAN_POINT('Ctrl Pts',(-0.00790856568173829,0.00284931057169906,
-0.0149593938855876));
#4984=CARTESIAN_POINT('Ctrl Pts',(-0.00778342440875272,0.00284403322765534,
-0.015261511644042));
#4985=CARTESIAN_POINT('Ctrl Pts',(-0.00775091403787496,0.00284117827249415,
-0.0154249523154585));
#4986=CARTESIAN_POINT('Ctrl Pts',(-0.00775091403787496,0.00283546611646303,
-0.0157519622207813));
#4987=CARTESIAN_POINT('Ctrl Pts',(-0.00778342440875272,0.00283261116130181,
-0.0159154028921979));
#4988=CARTESIAN_POINT('Ctrl Pts',(-0.00790856568173829,0.00282733381725816,
-0.016217520650652));
#4989=CARTESIAN_POINT('Ctrl Pts',(-0.00800114738511398,0.00282491350313997,
-0.0163560789614414));
#4990=CARTESIAN_POINT('Ctrl Pts',(-0.00823237830667894,0.00282087439887523,
-0.0165873098830055));
#4991=CARTESIAN_POINT('Ctrl Pts',(-0.00837093661747111,0.00281925719668437,
-0.0166798915863829));
#4992=CARTESIAN_POINT('Ctrl Pts',(-0.00867305437591878,0.00281707124920822,
-0.0168050328593659));
#4993=CARTESIAN_POINT('Ctrl Pts',(-0.0088364949950228,0.00281650336331793,
-0.0168375432302657));
#4994=CARTESIAN_POINT('Ctrl Pts',(-0.00900000000000001,0.00281650336331832,
-0.016837543230245));
#4995=CARTESIAN_POINT('Ctrl Pts',(0.0170033897576194,-0.000584021565485426,
-0.00792881085857212));
#4996=CARTESIAN_POINT('Ctrl Pts',(0.0165421069676065,-0.000601232243533963,
-0.00891803499406063));
#4997=CARTESIAN_POINT('Ctrl Pts',(0.0159942938987581,-0.000617740289707177,
-0.0098668737125029));
#4998=CARTESIAN_POINT('Ctrl Pts',(0.014742199109512,-0.000648851270512329,
-0.0116550503900179));
#4999=CARTESIAN_POINT('Ctrl Pts',(0.0140379399960084,-0.000663453602639667,
-0.0124943537186529));
#5000=CARTESIAN_POINT('Ctrl Pts',(0.0124943537186529,-0.0006903091609581,
-0.0140379399960083));
#5001=CARTESIAN_POINT('Ctrl Pts',(0.0116550503900192,-0.000702561972460281,
-0.0147421991095116));
#5002=CARTESIAN_POINT('Ctrl Pts',(0.00986687371250147,-0.000724346115741466,
-0.0159942938987585));
#5003=CARTESIAN_POINT('Ctrl Pts',(0.00891803497506144,-0.000733877054355193,
-0.0165421069764631));
#5004=CARTESIAN_POINT('Ctrl Pts',(0.0079288108585721,-0.000741902525178337,
-0.0170033897576194));
#5005=CARTESIAN_POINT('Ctrl Pts',(0.0169449584696218,0.00310956497905862,
-0.00790156390150301));
#5006=CARTESIAN_POINT('Ctrl Pts',(0.0164852608545328,0.00309235430100892,
-0.00888738861840246));
#5007=CARTESIAN_POINT('Ctrl Pts',(0.0159393303175875,0.00307584625483687,
-0.00983296670056216));
#5008=CARTESIAN_POINT('Ctrl Pts',(0.0146915382886897,0.00304473527403172,
-0.0116149983994643));
#5009=CARTESIAN_POINT('Ctrl Pts',(0.0139896993259717,0.00303013294190438,
-0.0124514175047049));
#5010=CARTESIAN_POINT('Ctrl Pts',(0.012451417504705,0.00300327738358595,
-0.0139896993259716));
#5011=CARTESIAN_POINT('Ctrl Pts',(0.0116149983994642,0.00299102457208376,
-0.0146915382886894));
#5012=CARTESIAN_POINT('Ctrl Pts',(0.00983296670056218,0.00296924042880258,
-0.0159393303175879));
#5013=CARTESIAN_POINT('Ctrl Pts',(0.00888738859933891,0.00295970949018833,
-0.0164852608634248));
#5014=CARTESIAN_POINT('Ctrl Pts',(0.00790156390150299,0.00295168401936571,
-0.0169449584696218));
#5015=CARTESIAN_POINT('Ctrl Pts',(-0.0128109139187038,-0.000580173810923241,
-0.0089702984972321));
#5016=CARTESIAN_POINT('Ctrl Pts',(-0.0126937092836359,-0.000582981791488389,
-0.00913768406321219));
#5017=CARTESIAN_POINT('Ctrl Pts',(-0.0126098689321728,-0.000586178527374295,
-0.0093282435892237));
#5018=CARTESIAN_POINT('Ctrl Pts',(-0.012521430307472,-0.000592870633742612,
-0.00972716444571392));
#5019=CARTESIAN_POINT('Ctrl Pts',(-0.0125168879280539,-0.000596362866716182,
-0.00993533874722801));
#5020=CARTESIAN_POINT('Ctrl Pts',(-0.0125878416954132,-0.000603113317591239,
-0.0103377375580858));
#5021=CARTESIAN_POINT('Ctrl Pts',(-0.0126633099402741,-0.000606368880939919,
-0.0105318038277971));
#5022=CARTESIAN_POINT('Ctrl Pts',(-0.0128828540318094,-0.000612149981368772,
-0.0108764190218211));
#5023=CARTESIAN_POINT('Ctrl Pts',(-0.0130268435447927,-0.000614673245084528,
-0.0110268324293822));
#5024=CARTESIAN_POINT('Ctrl Pts',(-0.0133615543627368,-0.000618604874932804,
-0.0112611994672274));
#5025=CARTESIAN_POINT('Ctrl Pts',(-0.0135521440457603,-0.000620011694988249,
-0.0113450609348368));
#5026=CARTESIAN_POINT('Ctrl Pts',(-0.0139510649022425,-0.000621495299251957,
-0.0114334995595356));
#5027=CARTESIAN_POINT('Ctrl Pts',(-0.014159239203765,-0.000621571500046525,
-0.0114380419389537));
#5028=CARTESIAN_POINT('Ctrl Pts',(-0.014561638014614,-0.000620381213425289,
-0.0113670881715964));
#5029=CARTESIAN_POINT('Ctrl Pts',(-0.0147557042843314,-0.000619115194078778,
-0.0112916199267332));
#5030=CARTESIAN_POINT('Ctrl Pts',(-0.015100319478352,-0.000615432226920818,
-0.0110720758352005));
#5031=CARTESIAN_POINT('Ctrl Pts',(-0.0152507117410042,-0.000613017233990057,
-0.0109281165202525));
#5032=CARTESIAN_POINT('Ctrl Pts',(-0.0153679164048374,-0.000610209252736651,
-0.0107607309132439));
#5033=CARTESIAN_POINT('Ctrl Pts',(-0.0128613940113273,0.00295030943657505,
-0.00900564503861658));
#5034=CARTESIAN_POINT('Ctrl Pts',(-0.0127488170622677,0.00294750145603879,
-0.00916642158404649));
#5035=CARTESIAN_POINT('Ctrl Pts',(-0.0126682870456599,0.00294430472012399,
-0.00934945709671707));
#5036=CARTESIAN_POINT('Ctrl Pts',(-0.0125833403142916,0.00293761261375568,
-0.00973262704025841));
#5037=CARTESIAN_POINT('Ctrl Pts',(-0.0125789772852927,0.00293412038078211,
-0.00993258182843245));
#5038=CARTESIAN_POINT('Ctrl Pts',(-0.0126471295280014,0.00292736992990705,
-0.0103190924034723));
#5039=CARTESIAN_POINT('Ctrl Pts',(-0.0127196179994664,0.00292411436655837,
-0.0105054961986076));
#5040=CARTESIAN_POINT('Ctrl Pts',(-0.0129304936551,0.00291833326612952,
-0.0108365046738209));
#5041=CARTESIAN_POINT('Ctrl Pts',(-0.0130687979143601,0.00291581000241376,
-0.0109809791878637));
#5042=CARTESIAN_POINT('Ctrl Pts',(-0.0133902930759383,0.00291187837256548,
-0.011206092523499));
#5043=CARTESIAN_POINT('Ctrl Pts',(-0.0135733575532536,0.00291047155251004,
-0.0112866428213496));
#5044=CARTESIAN_POINT('Ctrl Pts',(-0.0139565274967871,0.00290898794824633,
-0.0113715895527161));
#5045=CARTESIAN_POINT('Ctrl Pts',(-0.0141564822849694,0.00290891174745176,
-0.0113759525817152));
#5046=CARTESIAN_POINT('Ctrl Pts',(-0.0145429928600006,0.002910102034073,
-0.011307800339008));
#5047=CARTESIAN_POINT('Ctrl Pts',(-0.0147293966551419,0.00291136805341951,
-0.0112353118675411));
#5048=CARTESIAN_POINT('Ctrl Pts',(-0.0150604051303517,0.00291505102057747,
-0.0110244362119097));
#5049=CARTESIAN_POINT('Ctrl Pts',(-0.0152048593332094,0.00291746601347935,
-0.0108861609600056));
#5050=CARTESIAN_POINT('Ctrl Pts',(-0.0153174363122139,0.00292027399476164,
-0.0107253843718594));
#5051=CARTESIAN_POINT('Ctrl Pts',(0.0126977438840412,0.00506322174428853,
0.000239374726462741));
#5052=CARTESIAN_POINT('Ctrl Pts',(0.0126970596143618,0.00306281870250981,
0.000274278991732189));
#5053=CARTESIAN_POINT('Ctrl Pts',(0.0146974119526885,0.00306350011790371,
0.000311977317171499));
#5054=CARTESIAN_POINT('Ctrl Pts',(0.0127056714118141,0.00505472560722794,
-0.00018114467749622));
#5055=CARTESIAN_POINT('Ctrl Pts',(0.012706140454176,0.0030554810760786,
-0.000146094506012195));
#5056=CARTESIAN_POINT('Ctrl Pts',(0.014706587935416,0.00305500397492285,
-0.000174766388207024));
#5057=CARTESIAN_POINT('Ctrl Pts',(0.0126926918592587,0.00504622153356303,
-0.000602056905596599));
#5058=CARTESIAN_POINT('Ctrl Pts',(0.0126943312086652,0.00304813244182721,
-0.000567098641536715));
#5059=CARTESIAN_POINT('Ctrl Pts',(0.0146915643457994,0.0030464998953302,
-0.000661964781770814));
#5060=CARTESIAN_POINT('Ctrl Pts',(0.0126250465617657,0.00502928129466197,
-0.00144052020728103));
#5061=CARTESIAN_POINT('Ctrl Pts',(0.0126289617611288,0.00303348992370009,
-0.00140597025420727));
#5062=CARTESIAN_POINT('Ctrl Pts',(0.0146132661423635,0.00302955964462508,
-0.00163247109467326));
#5063=CARTESIAN_POINT('Ctrl Pts',(0.012570380920257,0.00502084516321461,
-0.00185806960850973));
#5064=CARTESIAN_POINT('Ctrl Pts',(0.0125754252699328,0.00302619599870631,
-0.00182384008689459));
#5065=CARTESIAN_POINT('Ctrl Pts',(0.0145499916483003,0.0030211235073009,
-0.00211577707828294));
#5066=CARTESIAN_POINT('Ctrl Pts',(0.012419902459608,0.00500412402627254,
-0.00268568837486494));
#5067=CARTESIAN_POINT('Ctrl Pts',(0.01242709748654,0.00301173509968488,
-0.00265230671344196));
#5068=CARTESIAN_POINT('Ctrl Pts',(0.0143758155355141,0.00300440235871482,
-0.00307373103919282));
#5069=CARTESIAN_POINT('Ctrl Pts',(0.0123240898840804,0.00499583904788341,
-0.00309575639841651));
#5070=CARTESIAN_POINT('Ctrl Pts',(0.0123323287965829,0.00300456800111017,
-0.00306291064263761));
#5071=CARTESIAN_POINT('Ctrl Pts',(0.0142649141988066,0.00299611737455776,
-0.0035483774636582));
#5072=CARTESIAN_POINT('Ctrl Pts',(0.012092262411394,0.00497950193138687,
-0.00390436792910045));
#5073=CARTESIAN_POINT('Ctrl Pts',(0.0121024430426248,0.00299043180110157,
-0.00387277521858783));
#5074=CARTESIAN_POINT('Ctrl Pts',(0.0139965780543151,0.00297978024669112,
-0.00448433089228633));
#5075=CARTESIAN_POINT('Ctrl Pts',(0.011956247889732,0.00497144981976294,
-0.0043029101254104));
#5076=CARTESIAN_POINT('Ctrl Pts',(0.0119673465907604,0.00298346250076248,
-0.00427204726066724));
#5077=CARTESIAN_POINT('Ctrl Pts',(0.0138391436811954,0.00297172812946493,
-0.00494563637921642));
#5078=CARTESIAN_POINT('Ctrl Pts',(0.0116453578912045,0.00495565785465082,
-0.00508453918623143));
#5079=CARTESIAN_POINT('Ctrl Pts',(0.0116581141497574,0.00296979108084452,
-0.00505528452487773));
#5080=CARTESIAN_POINT('Ctrl Pts',(0.0134792940712543,0.00295593615336848,
-0.00585035808384783));
#5081=CARTESIAN_POINT('Ctrl Pts',(0.0114704829180242,0.00494791802676333,
-0.00546762478360669));
#5082=CARTESIAN_POINT('Ctrl Pts',(0.0114839959897825,0.00296308869663806,
-0.00543926490762188));
#5083=CARTESIAN_POINT('Ctrl Pts',(0.0132768794174671,0.00294819632009885,
-0.00629377283488865));
#5084=CARTESIAN_POINT('Ctrl Pts',(0.0110835966635723,0.00493282696721321,
-0.00621456226524524));
#5085=CARTESIAN_POINT('Ctrl Pts',(0.011098419371193,0.00295001773032775,
-0.00618810210891069));
#5086=CARTESIAN_POINT('Ctrl Pts',(0.0128290654941776,0.00293310525005838,
-0.00715833965846663));
#5087=CARTESIAN_POINT('Ctrl Pts',(0.0108715860092136,0.00492547576001689,
-0.00657841293856292));
#5088=CARTESIAN_POINT('Ctrl Pts',(0.0108869752810012,0.00294364882903726,
-0.00655297721375112));
#5089=CARTESIAN_POINT('Ctrl Pts',(0.0125836669503375,0.00292575403775281,
-0.00757949032938817));
#5090=CARTESIAN_POINT('Ctrl Pts',(0.0104125193102123,0.0049112344472629,
-0.00728329189053052));
#5091=CARTESIAN_POINT('Ctrl Pts',(0.0104288203674893,0.00293130821058748,
-0.00725997269579497));
#5092=CARTESIAN_POINT('Ctrl Pts',(0.0120523054467917,0.00291151271510422,
-0.00839537515748993));
#5093=CARTESIAN_POINT('Ctrl Pts',(0.010165464009532,0.0049043443647945,
-0.0076243190263757));
#5094=CARTESIAN_POINT('Ctrl Pts',(0.0101821199150653,0.00292533613292382,
-0.00760211372632051));
#5095=CARTESIAN_POINT('Ctrl Pts',(0.0117663433482249,0.00290462262784969,
-0.00879010799193064));
#5096=CARTESIAN_POINT('Ctrl Pts',(0.00963874458392611,0.00489109325912267,
-0.00828018731629652));
#5097=CARTESIAN_POINT('Ctrl Pts',(0.00965588016400914,0.00291384865756613,
-0.00826023253667786));
#5098=CARTESIAN_POINT('Ctrl Pts',(0.0111566750168132,0.00289137151297576,
-0.00954926385461577));
#5099=CARTESIAN_POINT('Ctrl Pts',(0.00935908131267635,0.00488473225740345,
-0.00859502740699042));
#5100=CARTESIAN_POINT('Ctrl Pts',(0.00937634686318485,0.00290833287284097,
-0.00857623248947724));
#5101=CARTESIAN_POINT('Ctrl Pts',(0.010832969772091,0.00288501050684017,
-0.00991368565205341));
#5102=CARTESIAN_POINT('Ctrl Pts',(0.00876990412864372,0.00487260205281069,
-0.00919541628859192));
#5103=CARTESIAN_POINT('Ctrl Pts',(0.00878719987238699,0.00289781298351713,
-0.00917891817939515));
#5104=CARTESIAN_POINT('Ctrl Pts',(0.0101510076956013,0.00287288029382742,
-0.0106086250901201));
#5105=CARTESIAN_POINT('Ctrl Pts',(0.00846039117083621,0.00486683286960432,
-0.00948096410603349));
#5106=CARTESIAN_POINT('Ctrl Pts',(0.00847758760666801,0.00289280848111581,
-0.00946562670660409));
#5107=CARTESIAN_POINT('Ctrl Pts',(0.00979275196919976,0.00286711110661743,
-0.0109391416040183));
#5108=CARTESIAN_POINT('Ctrl Pts',(0.00781456720946724,0.00485594320477975,
-0.0100199520195399));
#5109=CARTESIAN_POINT('Ctrl Pts',(0.00783134444732162,0.0028833610956824,
-0.0100068685206653));
#5110=CARTESIAN_POINT('Ctrl Pts',(0.00904522225453826,0.00285622143423714,
-0.0115630105168507));
#5111=CARTESIAN_POINT('Ctrl Pts',(0.00747825725275901,0.00485082274081774,
-0.0102733912416677));
#5112=CARTESIAN_POINT('Ctrl Pts',(0.00749471038601591,0.00287891782017135,
-0.0102614242926337));
#5113=CARTESIAN_POINT('Ctrl Pts',(0.00865594947798383,0.00285110096672313,
-0.0118563619042574));
#5114=CARTESIAN_POINT('Ctrl Pts',(0.0067821561950697,0.00484128101916181,
-0.0107456622173781));
#5115=CARTESIAN_POINT('Ctrl Pts',(0.00679775819525698,0.00287063725228868,
-0.0107358189911562));
#5116=CARTESIAN_POINT('Ctrl Pts',(0.00785022491741714,0.00284155923844912,
-0.0124030071509615));
#5117=CARTESIAN_POINT('Ctrl Pts',(0.00642236622249152,0.00483685977693884,
-0.0109644932051823));
#5118=CARTESIAN_POINT('Ctrl Pts',(0.00643743246980709,0.00286679958856674,
-0.0109556791922831));
#5119=CARTESIAN_POINT('Ctrl Pts',(0.00743377443949649,0.00283713799316022,
-0.0126563001239205));
#5120=CARTESIAN_POINT('Ctrl Pts',(0.00568285362605811,0.00482876010725662,
-0.0113653892941841));
#5121=CARTESIAN_POINT('Ctrl Pts',(0.00569667087924538,0.00285976857453324,
-0.0113584868037807));
#5122=CARTESIAN_POINT('Ctrl Pts',(0.00657780179372257,0.00282903831786204,
-0.0131203302109703));
#5123=CARTESIAN_POINT('Ctrl Pts',(0.00530313220102677,0.00482508169293075,
-0.0115474537453201));
#5124=CARTESIAN_POINT('Ctrl Pts',(0.00531622332831832,0.00285657488890455,
-0.011541453424454));
#5125=CARTESIAN_POINT('Ctrl Pts',(0.00613828101346461,0.00282535990098602,
-0.0133310665726574));
#5126=CARTESIAN_POINT('Ctrl Pts',(0.00452750178586931,0.00481850396124953,
-0.0118730209602211));
#5127=CARTESIAN_POINT('Ctrl Pts',(0.00453899538244531,0.00285086373159233,
-0.011868646289962));
#5128=CARTESIAN_POINT('Ctrl Pts',(0.00524050263371468,0.00281878216474535,
-0.0137079048294992));
#5129=CARTESIAN_POINT('Ctrl Pts',(0.00413159405315691,0.00481560465456002,
-0.0120165231960619));
#5130=CARTESIAN_POINT('Ctrl Pts',(0.00414219971139395,0.0028483459740418,
-0.0120128889121393));
#5131=CARTESIAN_POINT('Ctrl Pts',(0.00478224648962943,0.00281588285604636,
-0.0138740061136185));
#5132=CARTESIAN_POINT('Ctrl Pts',(0.00332749576470054,0.00481061373622316,
-0.0122635505086519));
#5133=CARTESIAN_POINT('Ctrl Pts',(0.00333621799932976,0.00284401181376968,
-0.0122611934567788));
#5134=CARTESIAN_POINT('Ctrl Pts',(0.00385151705181496,0.00281089193425053,
-0.0141599358318009));
#5135=CARTESIAN_POINT('Ctrl Pts',(0.00291930651255192,0.00480852213266844,
-0.0123670751848274));
#5136=CARTESIAN_POINT('Ctrl Pts',(0.00292701373248282,0.00284219518604416,
-0.0123652682697215));
#5137=CARTESIAN_POINT('Ctrl Pts',(0.00337904526694223,0.00280880032924647,
-0.0142797638022294));
#5138=CARTESIAN_POINT('Ctrl Pts',(0.0020946710711962,0.00480516725247759,
-0.0125331261960223));
#5139=CARTESIAN_POINT('Ctrl Pts',(0.00210028251732935,0.00283928140683568,
-0.0125321990182356));
#5140=CARTESIAN_POINT('Ctrl Pts',(0.00242454443910273,0.0028054454467309,
-0.0144719648928203));
#5141=CARTESIAN_POINT('Ctrl Pts',(0.00167822621890143,0.00480390398128136,
-0.0125956522617743));
#5142=CARTESIAN_POINT('Ctrl Pts',(0.00168273514968056,0.00283818410018076,
-0.0125950638435844));
#5143=CARTESIAN_POINT('Ctrl Pts',(0.00194251694355253,0.00280418217465939,
-0.0145443377013252));
#5144=CARTESIAN_POINT('Ctrl Pts',(0.00084118690034171,0.00480221822799931,
-0.0126790892314986));
#5145=CARTESIAN_POINT('Ctrl Pts',(0.000843469330654458,0.00283671987829613,
-0.0126789492849499));
#5146=CARTESIAN_POINT('Ctrl Pts',(0.000973658847946582,0.00280249642020932,
-0.0146409145090877));
#5147=CARTESIAN_POINT('Ctrl Pts',(0.000420593791113054,0.00480179574864694,
-0.0127000000001692));
#5148=CARTESIAN_POINT('Ctrl Pts',(0.00042172910853991,0.00283635288390547,
-0.0126999744360821));
#5149=CARTESIAN_POINT('Ctrl Pts',(0.000486829818598071,0.00280207394056425,
-0.0146651183517432));
#5150=CARTESIAN_POINT('Ctrl Pts',(-0.000420593791112986,0.00480179574864694,
-0.0127000000001692));
#5151=CARTESIAN_POINT('Ctrl Pts',(-0.000421729108539842,0.00283635288390547,
-0.0126999744360821));
#5152=CARTESIAN_POINT('Ctrl Pts',(-0.000486829818597993,0.00280207394056425,
-0.0146651183517432));
#5153=CARTESIAN_POINT('Ctrl Pts',(-0.000841186900341752,0.00480221822799931,
-0.0126790892314986));
#5154=CARTESIAN_POINT('Ctrl Pts',(-0.000843469330654394,0.00283671987829613,
-0.0126789492849499));
#5155=CARTESIAN_POINT('Ctrl Pts',(-0.000973658847946631,0.00280249642020932,
-0.0146409145090877));
#5156=CARTESIAN_POINT('Ctrl Pts',(-0.00167822621890147,0.00480390398128136,
-0.0125956522617743));
#5157=CARTESIAN_POINT('Ctrl Pts',(-0.0016827351496807,0.00283818410018076,
-0.0125950638435844));
#5158=CARTESIAN_POINT('Ctrl Pts',(-0.00194251694355258,0.00280418217465939,
-0.0145443377013252));
#5159=CARTESIAN_POINT('Ctrl Pts',(-0.00209467107119616,0.00480516725247759,
-0.0125331261960223));
#5160=CARTESIAN_POINT('Ctrl Pts',(-0.00210028251732914,0.00283928140683568,
-0.0125321990182364));
#5161=CARTESIAN_POINT('Ctrl Pts',(-0.00242454443910274,0.0028054454467309,
-0.0144719648928203));
#5162=CARTESIAN_POINT('Ctrl Pts',(-0.00291930651255199,0.00480852213266844,
-0.0123670751848274));
#5163=CARTESIAN_POINT('Ctrl Pts',(-0.00292701373248304,0.00284219518604416,
-0.0123652682697207));
#5164=CARTESIAN_POINT('Ctrl Pts',(-0.00337904526694224,0.00280880032924647,
-0.0142797638022294));
#5165=CARTESIAN_POINT('Ctrl Pts',(-0.00332749576470059,0.00481061373622295,
-0.0122635505086519));
#5166=CARTESIAN_POINT('Ctrl Pts',(-0.00333621799932996,0.00284401181376989,
-0.0122611934567788));
#5167=CARTESIAN_POINT('Ctrl Pts',(-0.00385151705181502,0.00281089193425053,
-0.0141599358318009));
#5168=CARTESIAN_POINT('Ctrl Pts',(-0.00413159405315696,0.00481560465456023,
-0.0120165231960619));
#5169=CARTESIAN_POINT('Ctrl Pts',(-0.00414219971139394,0.00284834597404159,
-0.0120128889121393));
#5170=CARTESIAN_POINT('Ctrl Pts',(-0.00478224648962949,0.00281588285604636,
-0.0138740061136184));
#5171=CARTESIAN_POINT('Ctrl Pts',(-0.00452750178586918,0.00481850396124953,
-0.0118730209602212));
#5172=CARTESIAN_POINT('Ctrl Pts',(-0.00453899538244507,0.00285086373159191,
-0.0118686462899624));
#5173=CARTESIAN_POINT('Ctrl Pts',(-0.0052405026337147,0.00281878216474535,
-0.0137079048294991));
#5174=CARTESIAN_POINT('Ctrl Pts',(-0.00530313220102694,0.00482508169293075,
-0.01154745374532));
#5175=CARTESIAN_POINT('Ctrl Pts',(-0.0053162233283185,0.00285657488890497,
-0.0115414534244535));
#5176=CARTESIAN_POINT('Ctrl Pts',(-0.00613828101346464,0.00282535990098602,
-0.0133310665726574));
#5177=CARTESIAN_POINT('Ctrl Pts',(-0.0056828536260585,0.00482876010725641,
-0.0113653892941839));
#5178=CARTESIAN_POINT('Ctrl Pts',(-0.00569667087924562,0.00285976857453303,
-0.0113584868037802));
#5179=CARTESIAN_POINT('Ctrl Pts',(-0.00657780179372284,0.00282903831786204,
-0.0131203302109703));
#5180=CARTESIAN_POINT('Ctrl Pts',(-0.00642236622249123,0.00483685977693905,
-0.0109644932051824));
#5181=CARTESIAN_POINT('Ctrl Pts',(-0.00643743246980691,0.00286679958856696,
-0.0109556791922835));
#5182=CARTESIAN_POINT('Ctrl Pts',(-0.00743377443949632,0.00283713799316022,
-0.0126563001239205));
#5183=CARTESIAN_POINT('Ctrl Pts',(-0.00678215619506971,0.00484128101916181,
-0.0107456622173781));
#5184=CARTESIAN_POINT('Ctrl Pts',(-0.00679775819525652,0.00287063725228826,
-0.0107358189911566));
#5185=CARTESIAN_POINT('Ctrl Pts',(-0.00785022491741714,0.00284155923844912,
-0.0124030071509615));
#5186=CARTESIAN_POINT('Ctrl Pts',(-0.00747825725275902,0.00485082274081774,
-0.0102733912416677));
#5187=CARTESIAN_POINT('Ctrl Pts',(-0.0074947103860163,0.00287891782017177,
-0.0102614242926333));
#5188=CARTESIAN_POINT('Ctrl Pts',(-0.00865594947798383,0.00285110096672313,
-0.0118563619042574));
#5189=CARTESIAN_POINT('Ctrl Pts',(-0.00781456720946748,0.00485594320477954,
-0.0100199520195398));
#5190=CARTESIAN_POINT('Ctrl Pts',(-0.00783134444732206,0.0028833610956823,
-0.0100068685206649));
#5191=CARTESIAN_POINT('Ctrl Pts',(-0.0090452222545383,0.00285622143423715,
-0.0115630105168503));
#5192=CARTESIAN_POINT('Ctrl Pts',(-0.00846039117083603,0.00486683286960453,
-0.00948096410603363));
#5193=CARTESIAN_POINT('Ctrl Pts',(-0.00847758760666761,0.00289280848111592,
-0.0094656267066045));
#5194=CARTESIAN_POINT('Ctrl Pts',(-0.0097927519691998,0.00286711110661742,
-0.0109391416040186));
#5195=CARTESIAN_POINT('Ctrl Pts',(-0.00876990412864418,0.00487260205281069,
-0.00919541628859145));
#5196=CARTESIAN_POINT('Ctrl Pts',(-0.00878719987238659,0.00289781298351712,
-0.00917891817939385));
#5197=CARTESIAN_POINT('Ctrl Pts',(-0.0101510076956014,0.00287288029382744,
-0.0106086250901192));
#5198=CARTESIAN_POINT('Ctrl Pts',(-0.00935908131267596,0.00488473225740345,
-0.0085950274069908));
#5199=CARTESIAN_POINT('Ctrl Pts',(-0.00937634686318529,0.00290833287284097,
-0.00857623248947848));
#5200=CARTESIAN_POINT('Ctrl Pts',(-0.010832969772091,0.00288501050684015,
-0.00991368565205421));
#5201=CARTESIAN_POINT('Ctrl Pts',(-0.00963874458392577,0.00489109325912267,
-0.00828018731629695));
#5202=CARTESIAN_POINT('Ctrl Pts',(-0.00965588016400873,0.00291384865756581,
-0.00826023253667827));
#5203=CARTESIAN_POINT('Ctrl Pts',(-0.0111566750168128,0.00289137151297575,
-0.00954926385461615));
#5204=CARTESIAN_POINT('Ctrl Pts',(-0.0101654640095324,0.0049043443647945,
-0.0076243190263752));
#5205=CARTESIAN_POINT('Ctrl Pts',(-0.0101821199150657,0.00292533613292413,
-0.00760211372632008));
#5206=CARTESIAN_POINT('Ctrl Pts',(-0.0117663433482253,0.00290462262784969,
-0.00879010799193017));
#5207=CARTESIAN_POINT('Ctrl Pts',(-0.0104125193102127,0.0049112344472629,
-0.00728329189053004));
#5208=CARTESIAN_POINT('Ctrl Pts',(-0.0104288203674901,0.00293130821058716,
-0.00725997269579463));
#5209=CARTESIAN_POINT('Ctrl Pts',(-0.0120523054467925,0.00291151271510422,
-0.00839537515748958));
#5210=CARTESIAN_POINT('Ctrl Pts',(-0.0108715860092132,0.00492547576001688,
-0.00657841293856351));
#5211=CARTESIAN_POINT('Ctrl Pts',(-0.0108869752810003,0.00294364882903757,
-0.00655297721375163));
#5212=CARTESIAN_POINT('Ctrl Pts',(-0.0125836669503366,0.00292575403775281,
-0.00757949032938866));
#5213=CARTESIAN_POINT('Ctrl Pts',(-0.0110835966635725,0.00493282696721321,
-0.00621456226524502));
#5214=CARTESIAN_POINT('Ctrl Pts',(-0.0110984193711935,0.00295001773032733,
-0.00618810210891066));
#5215=CARTESIAN_POINT('Ctrl Pts',(-0.012829065494178,0.00293310525005838,
-0.00715833965846657));
#5216=CARTESIAN_POINT('Ctrl Pts',(-0.0114704829180241,0.00494791802676333,
-0.00546762478360682));
#5217=CARTESIAN_POINT('Ctrl Pts',(-0.0114839959897821,0.00296308869663848,
-0.00543926490762185));
#5218=CARTESIAN_POINT('Ctrl Pts',(-0.0132768794174667,0.00294819632009885,
-0.0062937728348886));
#5219=CARTESIAN_POINT('Ctrl Pts',(-0.0116453578912046,0.00495565785465061,
-0.00508453918623122));
#5220=CARTESIAN_POINT('Ctrl Pts',(-0.0116581141497565,0.00296979108084421,
-0.0050552845248777));
#5221=CARTESIAN_POINT('Ctrl Pts',(-0.0134792940712539,0.00295593615336848,
-0.00585035808384759));
#5222=CARTESIAN_POINT('Ctrl Pts',(-0.011956247889732,0.00497144981976316,
-0.00430291012541055));
#5223=CARTESIAN_POINT('Ctrl Pts',(-0.0119673465907612,0.0029834625007628,
-0.00427204726066721));
#5224=CARTESIAN_POINT('Ctrl Pts',(-0.0138391436811958,0.00297172812946493,
-0.0049456363792166));
#5225=CARTESIAN_POINT('Ctrl Pts',(-0.0120922624113941,0.00497950193138687,
-0.00390436792910011));
#5226=CARTESIAN_POINT('Ctrl Pts',(-0.0121024430426248,0.00299043180110168,
-0.00387277521858748));
#5227=CARTESIAN_POINT('Ctrl Pts',(-0.0139965780543151,0.00297978024669112,
-0.00448433089228586));
#5228=CARTESIAN_POINT('Ctrl Pts',(-0.0123240898840803,0.00499583904788341,
-0.00309575639841677));
#5229=CARTESIAN_POINT('Ctrl Pts',(-0.0123323287965829,0.00300456800111006,
-0.00306291064263789));
#5230=CARTESIAN_POINT('Ctrl Pts',(-0.0142649141988066,0.00299611737455775,
-0.00354837746365857));
#5231=CARTESIAN_POINT('Ctrl Pts',(-0.012419902459608,0.00500412402627254,
-0.00268568837486503));
#5232=CARTESIAN_POINT('Ctrl Pts',(-0.01242709748654,0.00301173509968488,
-0.00265230671344206));
#5233=CARTESIAN_POINT('Ctrl Pts',(-0.0143758155355141,0.00300440235871482,
-0.00307373103919282));
#5234=CARTESIAN_POINT('Ctrl Pts',(-0.0125703809202571,0.00502084516321461,
-0.00185806960850962));
#5235=CARTESIAN_POINT('Ctrl Pts',(-0.0125754252699328,0.00302619599870631,
-0.00182384008689447));
#5236=CARTESIAN_POINT('Ctrl Pts',(-0.0145499916483003,0.0030211235073009,
-0.00211577707828294));
#5237=CARTESIAN_POINT('Ctrl Pts',(-0.0126250465617657,0.00502928129466197,
-0.00144052020728098));
#5238=CARTESIAN_POINT('Ctrl Pts',(-0.0126289617611288,0.00303348992369935,
-0.00140597025420731));
#5239=CARTESIAN_POINT('Ctrl Pts',(-0.0146132661423635,0.00302955964462508,
-0.00163247109467315));
#5240=CARTESIAN_POINT('Ctrl Pts',(-0.0126926918592587,0.00504622153356303,
-0.000602056905596546));
#5241=CARTESIAN_POINT('Ctrl Pts',(-0.0126943312086652,0.00304813244182795,
-0.000567098641536758));
#5242=CARTESIAN_POINT('Ctrl Pts',(-0.0146915643457994,0.0030464998953302,
-0.000661964781770806));
#5243=CARTESIAN_POINT('Ctrl Pts',(-0.0127056714118141,0.00505472560722878,
-0.00018114467749629));
#5244=CARTESIAN_POINT('Ctrl Pts',(-0.012706140454176,0.00305548107607944,
-0.000146094506012346));
#5245=CARTESIAN_POINT('Ctrl Pts',(-0.014706587935416,0.00305500397492285,
-0.000174766388207045));
#5246=CARTESIAN_POINT('Ctrl Pts',(-0.0126977438840412,0.00506322174428853,
0.00023937472646276));
#5247=CARTESIAN_POINT('Ctrl Pts',(-0.0126970596143618,0.00306281870250981,
0.000274278991732209));
#5248=CARTESIAN_POINT('Ctrl Pts',(-0.0146974119526885,0.00306350011790371,
0.000311977317171521));
#5249=CARTESIAN_POINT('Ctrl Pts',(-0.0186921529731083,-0.00061139792340715,
0.00163535148203937));
#5250=CARTESIAN_POINT('Ctrl Pts',(-0.0186743117018494,-0.000614812790985047,
0.00183927814549684));
#5251=CARTESIAN_POINT('Ctrl Pts',(-0.0186159436061645,-0.000618165691053831,
0.0020395042767846));
#5252=CARTESIAN_POINT('Ctrl Pts',(-0.0184269326111698,-0.000624245784388482,
0.00240259101997081));
#5253=CARTESIAN_POINT('Ctrl Pts',(-0.0182963672556679,-0.000626969970978593,
0.00256527208133084));
#5254=CARTESIAN_POINT('Ctrl Pts',(-0.0179827965848465,-0.000631376014867751,
0.00282838911556507));
#5255=CARTESIAN_POINT('Ctrl Pts',(-0.0177999145782983,-0.00063305613953074,
0.00292872162009299));
#5256=CARTESIAN_POINT('Ctrl Pts',(-0.0174095225237591,-0.000635117353733334,
0.00305181176207724));
#5257=CARTESIAN_POINT('Ctrl Pts',(-0.0172021659938325,-0.000635497632719513,
0.00307452099547299));
#5258=CARTESIAN_POINT('Ctrl Pts',(-0.0167943862069642,-0.000634900216058217,
0.00303884488690696));
#5259=CARTESIAN_POINT('Ctrl Pts',(-0.0165941233056504,-0.000633922755339219,
0.00298047357424509));
#5260=CARTESIAN_POINT('Ctrl Pts',(-0.0162310365624697,-0.000630757659084974,
0.00279146257925268));
#5261=CARTESIAN_POINT('Ctrl Pts',(-0.0160683555011077,-0.000628571268194584,
0.00266089722375023));
#5262=CARTESIAN_POINT('Ctrl Pts',(-0.0158052384668718,-0.000623320349560531,
0.00234732655292755));
#5263=CARTESIAN_POINT('Ctrl Pts',(-0.0157049059623462,-0.000620257886692139,
0.00216444454638375));
#5264=CARTESIAN_POINT('Ctrl Pts',(-0.015581815820359,-0.000613720550440495,
0.00177405249183715));
#5265=CARTESIAN_POINT('Ctrl Pts',(-0.0155591033708239,-0.000610248863385159,
0.00156673272273308));
#5266=CARTESIAN_POINT('Ctrl Pts',(-0.0155769446412477,-0.000606833995961568,
0.00136280606848007));
#5267=CARTESIAN_POINT('Ctrl Pts',(-0.0186282469022013,0.0030637635257004,
0.00162976042530453));
#5268=CARTESIAN_POINT('Ctrl Pts',(-0.018611137630457,0.00306034865811576,
0.00182532029603057));
#5269=CARTESIAN_POINT('Ctrl Pts',(-0.0185551642867868,0.00305699575805372,
0.00201733146088197));
#5270=CARTESIAN_POINT('Ctrl Pts',(-0.0183739081182829,0.00305091566471906,
0.0023655213209813));
#5271=CARTESIAN_POINT('Ctrl Pts',(-0.0182486996557893,0.00304819147812895,
0.00252152783198386));
#5272=CARTESIAN_POINT('Ctrl Pts',(-0.0179479943007929,0.0030437854342398,
0.00277384958445505));
#5273=CARTESIAN_POINT('Ctrl Pts',(-0.0177726156578935,0.00304210530957681,
0.00287006560272225));
#5274=CARTESIAN_POINT('Ctrl Pts',(-0.0173982407808016,0.00304004409537421,
0.00298810554805601));
#5275=CARTESIAN_POINT('Ctrl Pts',(-0.0171993917660669,0.00303966381638803,
0.0030098830570051));
#5276=CARTESIAN_POINT('Ctrl Pts',(-0.0168083425481995,0.00304026123304933,
0.00297567068356094));
#5277=CARTESIAN_POINT('Ctrl Pts',(-0.0166162961215532,0.00304123869376833,
0.00291969425486734));
#5278=CARTESIAN_POINT('Ctrl Pts',(-0.016268106261459,0.00304440379002257,
0.0027384380863658));
#5279=CARTESIAN_POINT('Ctrl Pts',(-0.0161120997504544,0.00304659018091296,
0.00261322962387197));
#5280=CARTESIAN_POINT('Ctrl Pts',(-0.0158597779979821,0.00305184109954702,
0.00231252426887363));
#5281=CARTESIAN_POINT('Ctrl Pts',(-0.0157635619797168,0.00305490356241541,
0.0021371456259786));
#5282=CARTESIAN_POINT('Ctrl Pts',(-0.0156455220343804,0.00306144089866705,
0.00176277074887988));
#5283=CARTESIAN_POINT('Ctrl Pts',(-0.0156237414412793,0.00306491258572912,
0.00156395698634277));
#5284=CARTESIAN_POINT('Ctrl Pts',(-0.0156408507121547,0.00306832745314598,
0.00136839712521491));
#5285=CARTESIAN_POINT('Origin',(7.77650717458569E-19,0.0102,0.0127));
#5286=CARTESIAN_POINT('',(-0.003,0.0102,0.0230757359312881));
#5287=CARTESIAN_POINT('Origin',(7.77650717458569E-19,0.0102,0.0230757359312881));
#5288=CARTESIAN_POINT('',(-0.003,0.0102,0.0127));
#5289=CARTESIAN_POINT('Origin',(7.77650717458569E-19,0.0102,0.0244));
#5290=CARTESIAN_POINT('',(0.00158786796564403,0.0102,0.024612132034356));
#5291=CARTESIAN_POINT('Origin',(8.32667268468867E-19,0.0102,0.024612132034356));
#5292=CARTESIAN_POINT('',(0.00137573593128806,0.0102,0.0247));
#5293=CARTESIAN_POINT('Origin',(0.00137573593128806,0.0102,0.0244));
#5294=CARTESIAN_POINT('Origin',(7.77650717458569E-19,0.0102,0.0247));
#5295=CARTESIAN_POINT('Origin',(7.77650717458569E-19,0.0102,0.0230757359312881));
#5296=CARTESIAN_POINT('',(0.00291213203435597,0.0102,0.023287867965644));
#5297=CARTESIAN_POINT('',(-0.00291213203435597,0.0102,0.023287867965644));
#5298=CARTESIAN_POINT('Origin',(5.55111512312578E-19,0.0102,0.023287867965644));
#5299=CARTESIAN_POINT('Origin',(-0.0027,0.0102,0.0230757359312881));
#5300=CARTESIAN_POINT('Origin',(5.55111512312578E-19,0.0102,0.023287867965644));
#5301=CARTESIAN_POINT('Origin',(7.77650717458569E-19,0.0102,0.02395));
#5302=CARTESIAN_POINT('',(0.00225,0.0102,0.02395));
#5303=CARTESIAN_POINT('Origin',(5.55111512312578E-19,0.0102,0.0247));
#5304=UNCERTAINTY_MEASURE_WITH_UNIT(LENGTH_MEASURE(1.E-5),#5308,
'DISTANCE_ACCURACY_VALUE',
'Maximum model space distance between geometric entities at asserted c
onnectivities');
#5305=UNCERTAINTY_MEASURE_WITH_UNIT(LENGTH_MEASURE(1.E-5),#5308,
'DISTANCE_ACCURACY_VALUE',
'Maximum model space distance between geometric entities at asserted c
onnectivities');
#5306=(
GEOMETRIC_REPRESENTATION_CONTEXT(3)
GLOBAL_UNCERTAINTY_ASSIGNED_CONTEXT((#5304))
GLOBAL_UNIT_ASSIGNED_CONTEXT((#5308,#5310,#5311))
REPRESENTATION_CONTEXT('','3D')
);
#5307=(
GEOMETRIC_REPRESENTATION_CONTEXT(3)
GLOBAL_UNCERTAINTY_ASSIGNED_CONTEXT((#5305))
GLOBAL_UNIT_ASSIGNED_CONTEXT((#5308,#5310,#5311))
REPRESENTATION_CONTEXT('','3D')
);
#5308=(
LENGTH_UNIT()
NAMED_UNIT(*)
SI_UNIT($,.METRE.)
);
#5309=(
LENGTH_UNIT()
NAMED_UNIT(*)
SI_UNIT(.CENTI.,.METRE.)
);
#5310=(
NAMED_UNIT(*)
PLANE_ANGLE_UNIT()
SI_UNIT($,.RADIAN.)
);
#5311=(
NAMED_UNIT(*)
SI_UNIT($,.STERADIAN.)
SOLID_ANGLE_UNIT()
);
#5312=SHAPE_DEFINITION_REPRESENTATION(#5313,#5314);
#5313=PRODUCT_DEFINITION_SHAPE('',$,#5316);
#5314=SHAPE_REPRESENTATION('',(#1275),#5306);
#5315=PRODUCT_DEFINITION_CONTEXT('part definition',#5320,'design');
#5316=PRODUCT_DEFINITION('Kappe_1zu1','Kappe_1zu1',#5317,#5315);
#5317=PRODUCT_DEFINITION_FORMATION(' NONE',$,#5322);
#5318=PRODUCT_RELATED_PRODUCT_CATEGORY('Kappe_1zu1','Kappe_1zu1',(#5322));
#5319=APPLICATION_PROTOCOL_DEFINITION('international standard',
'automotive_design',2009,#5320);
#5320=APPLICATION_CONTEXT(
'Core Data for Automotive Mechanical Design Process');
#5321=PRODUCT_CONTEXT('part definition',#5320,'mechanical');
#5322=PRODUCT('Kappe_1zu1','Kappe_1zu1','STEP AP214',(#5321));
#5323=PRESENTATION_STYLE_ASSIGNMENT((#5325));
#5324=PRESENTATION_STYLE_ASSIGNMENT((#5326));
#5325=SURFACE_STYLE_USAGE(.BOTH.,#5331);
#5326=SURFACE_STYLE_USAGE(.BOTH.,#5332);
#5327=SURFACE_STYLE_RENDERING_WITH_PROPERTIES($,#5339,(#5329));
#5328=SURFACE_STYLE_RENDERING_WITH_PROPERTIES($,#5340,(#5330));
#5329=SURFACE_STYLE_TRANSPARENT(0.53999999165535);
#5330=SURFACE_STYLE_TRANSPARENT(0.);
#5331=SURFACE_SIDE_STYLE('',(#5333,#5327));
#5332=SURFACE_SIDE_STYLE('',(#5334,#5328));
#5333=SURFACE_STYLE_FILL_AREA(#5335);
#5334=SURFACE_STYLE_FILL_AREA(#5336);
#5335=FILL_AREA_STYLE('',(#5337));
#5336=FILL_AREA_STYLE('',(#5338));
#5337=FILL_AREA_STYLE_COLOUR('',#5339);
#5338=FILL_AREA_STYLE_COLOUR('',#5340);
#5339=COLOUR_RGB('',0.8,0.8,0.8);
#5340=COLOUR_RGB('',0.752941176470588,0.752941176470588,0.831372549019608);
ENDSEC;
END-ISO-10303-21;
